Cage_ID,Site_ID,Site_Type,Sampling_Time,Substrate_Type,Watershed ,Lowest_Taxonomic_Unit,Abundance
Donor_Cage_01,Donor_02,Donor,Fall,Leaf,Potomac_River ,Allocapnia,176
Donor_Cage_01,Donor_02,Donor,Fall,Leaf,Potomac_River ,Maccaffertium,2
Donor_Cage_01,Donor_02,Donor,Fall,Leaf,Potomac_River ,Chironomidae,47
Donor_Cage_01,Donor_02,Donor,Fall,Leaf,Potomac_River ,Tipula,4
Donor_Cage_01,Donor_02,Donor,Fall,Leaf,Potomac_River ,Dolophilodes,1
Donor_Cage_01,Donor_02,Donor,Fall,Leaf,Potomac_River ,Cheumatopsyche,1
Donor_Cage_01,Donor_02,Donor,Fall,Leaf,Potomac_River ,Isonychia,0
Donor_Cage_01,Donor_02,Donor,Fall,Leaf,Potomac_River ,Plectrocnemia,0
Donor_Cage_01,Donor_02,Donor,Fall,Leaf,Potomac_River ,Chimarra,0
Donor_Cage_01,Donor_02,Donor,Fall,Leaf,Potomac_River ,Nigronia,0
Donor_Cage_01,Donor_02,Donor,Fall,Leaf,Potomac_River ,Ameletus,0
Donor_Cage_01,Donor_02,Donor,Fall,Leaf,Potomac_River ,Diplectrona,0
Donor_Cage_01,Donor_02,Donor,Fall,Leaf,Potomac_River ,Eccoptura,0
Donor_Cage_01,Donor_02,Donor,Fall,Leaf,Potomac_River ,Hydropsyche,0
Donor_Cage_01,Donor_02,Donor,Fall,Leaf,Potomac_River ,Baetisca,0
Donor_Cage_01,Donor_02,Donor,Fall,Leaf,Potomac_River ,Simulium,0
Donor_Cage_01,Donor_02,Donor,Fall,Leaf,Potomac_River ,Isoperla,0
Donor_Cage_01,Donor_02,Donor,Fall,Leaf,Potomac_River ,Dixa,0
Donor_Cage_01,Donor_02,Donor,Fall,Leaf,Potomac_River ,Tropisternus,0
Donor_Cage_01,Donor_02,Donor,Fall,Leaf,Potomac_River ,Anchytarsus,0
Donor_Cage_01,Donor_02,Donor,Fall,Leaf,Potomac_River ,Psilotreta,0
Donor_Cage_01,Donor_02,Donor,Fall,Leaf,Potomac_River ,Dubiraphia,0
Donor_Cage_01,Donor_02,Donor,Fall,Leaf,Potomac_River ,Ptilostomis,0
Donor_Cage_01,Donor_02,Donor,Fall,Leaf,Potomac_River ,Calopteryx,0
Donor_Cage_01,Donor_02,Donor,Fall,Leaf,Potomac_River ,Molanna,0
Donor_Cage_01,Donor_02,Donor,Fall,Leaf,Potomac_River ,Boyeria,0
Donor_Cage_01,Donor_02,Donor,Fall,Leaf,Potomac_River ,Leptophlebia,0
Donor_Cage_01,Donor_02,Donor,Fall,Leaf,Potomac_River ,Nyctiophylax,0
Donor_Cage_01,Donor_02,Donor,Fall,Leaf,Potomac_River ,Argia,0
Donor_Cage_01,Donor_02,Donor,Fall,Leaf,Potomac_River ,Rhyacophila,0
Donor_Cage_01,Donor_02,Donor,Fall,Leaf,Potomac_River ,Probezzia,0
Donor_Cage_01,Donor_02,Donor,Fall,Leaf,Potomac_River ,Neureclipsis,0
Donor_Cage_01,Donor_02,Donor,Fall,Leaf,Potomac_River ,Eurylophella,0
Donor_Cage_01,Donor_02,Donor,Fall,Leaf,Potomac_River ,Glossosoma,0
Donor_Cage_01,Donor_02,Donor,Fall,Leaf,Potomac_River ,Rhagovelia,0
Donor_Cage_01,Donor_02,Donor,Fall,Leaf,Potomac_River ,Neophylax,0
Donor_Cage_01,Donor_02,Donor,Fall,Leaf,Potomac_River ,Microvelia,0
Donor_Cage_01,Donor_02,Donor,Fall,Leaf,Potomac_River ,Hydatophylax,0
Donor_Cage_01,Donor_02,Donor,Fall,Leaf,Potomac_River ,Antocha,0
Donor_Cage_01,Donor_02,Donor,Fall,Leaf,Potomac_River ,Lepidostoma,0
Donor_Cage_01,Donor_02,Donor,Fall,Leaf,Potomac_River ,Baetis,0
Donor_Cage_01,Donor_02,Donor,Fall,Leaf,Potomac_River ,Oecetis,0
Donor_Cage_01,Donor_02,Donor,Fall,Leaf,Potomac_River ,Ironoquia,0
Donor_Cage_01,Donor_02,Donor,Fall,Leaf,Potomac_River ,Timpanoga,0
Donor_Cage_01,Donor_02,Donor,Fall,Leaf,Potomac_River ,Polycentropus,0
Donor_Cage_01,Donor_02,Donor,Fall,Leaf,Potomac_River ,Amphinemura,0
Donor_Cage_01,Donor_02,Donor,Fall,Leaf,Potomac_River ,Penelomax,0
Donor_Cage_01,Donor_02,Donor,Fall,Leaf,Potomac_River ,Ephemerella,0
Donor_Cage_01,Donor_02,Donor,Fall,Leaf,Potomac_River ,Hemerodromia,0
Donor_Cage_01,Donor_02,Donor,Fall,Leaf,Potomac_River ,Shipsa,0
Donor_Cage_01,Donor_02,Donor,Fall,Leaf,Potomac_River ,Helichus,0
Donor_Cage_01,Donor_02,Donor,Fall,Leaf,Potomac_River ,Neoleptophlebia,0
Donor_Cage_01,Donor_02,Donor,Fall,Leaf,Potomac_River ,Attenella,0
Donor_Cage_01,Donor_02,Donor,Fall,Leaf,Potomac_River ,Entomobryidae,0
Donor_Cage_01,Donor_02,Donor,Fall,Leaf,Potomac_River ,Heptageniidae,0
Donor_Cage_01,Donor_02,Donor,Fall,Leaf,Potomac_River ,Aeshna,0
Donor_Cage_01,Donor_02,Donor,Fall,Leaf,Potomac_River ,Crambidae,0
Donor_Cage_01,Donor_02,Donor,Fall,Leaf,Potomac_River ,Teloganopsis,0
Donor_Cage_01,Donor_02,Donor,Fall,Leaf,Potomac_River ,Leptoceridae,0
Donor_Cage_01,Donor_02,Donor,Fall,Leaf,Potomac_River ,Pycnopsyche,0
Donor_Cage_01,Donor_02,Donor,Fall,Leaf,Potomac_River ,Triaenodes,0
Donor_Cage_01,Donor_02,Donor,Fall,Leaf,Potomac_River ,Serratella,0
Donor_Cage_01,Donor_02,Donor,Fall,Leaf,Potomac_River ,Optioservus,0
Donor_Cage_01,Donor_02,Donor,Fall,Leaf,Potomac_River ,Hydrachnidia,0
Donor_Cage_01,Donor_02,Donor,Fall,Leaf,Potomac_River ,Polymitarcyidae,0
Donor_Cage_01,Donor_02,Donor,Fall,Leaf,Potomac_River ,Cambarus,0
Donor_Cage_01,Donor_02,Donor,Fall,Leaf,Potomac_River ,Ancyronyx,0
Donor_Cage_01,Donor_02,Donor,Fall,Leaf,Potomac_River ,Gammarus,0
Donor_Cage_01,Donor_02,Donor,Fall,Leaf,Potomac_River ,Neoperla,0
Donor_Cage_01,Donor_02,Donor,Fall,Rock,Potomac_River ,Allocapnia,18
Donor_Cage_01,Donor_02,Donor,Fall,Rock,Potomac_River ,Maccaffertium,3
Donor_Cage_01,Donor_02,Donor,Fall,Rock,Potomac_River ,Chironomidae,43
Donor_Cage_01,Donor_02,Donor,Fall,Rock,Potomac_River ,Tipula,0
Donor_Cage_01,Donor_02,Donor,Fall,Rock,Potomac_River ,Dolophilodes,3
Donor_Cage_01,Donor_02,Donor,Fall,Rock,Potomac_River ,Cheumatopsyche,1
Donor_Cage_01,Donor_02,Donor,Fall,Rock,Potomac_River ,Isonychia,1
Donor_Cage_01,Donor_02,Donor,Fall,Rock,Potomac_River ,Plectrocnemia,0
Donor_Cage_01,Donor_02,Donor,Fall,Rock,Potomac_River ,Chimarra,0
Donor_Cage_01,Donor_02,Donor,Fall,Rock,Potomac_River ,Nigronia,0
Donor_Cage_01,Donor_02,Donor,Fall,Rock,Potomac_River ,Ameletus,0
Donor_Cage_01,Donor_02,Donor,Fall,Rock,Potomac_River ,Diplectrona,0
Donor_Cage_01,Donor_02,Donor,Fall,Rock,Potomac_River ,Eccoptura,0
Donor_Cage_01,Donor_02,Donor,Fall,Rock,Potomac_River ,Hydropsyche,0
Donor_Cage_01,Donor_02,Donor,Fall,Rock,Potomac_River ,Baetisca,0
Donor_Cage_01,Donor_02,Donor,Fall,Rock,Potomac_River ,Simulium,0
Donor_Cage_01,Donor_02,Donor,Fall,Rock,Potomac_River ,Isoperla,0
Donor_Cage_01,Donor_02,Donor,Fall,Rock,Potomac_River ,Dixa,0
Donor_Cage_01,Donor_02,Donor,Fall,Rock,Potomac_River ,Tropisternus,0
Donor_Cage_01,Donor_02,Donor,Fall,Rock,Potomac_River ,Anchytarsus,0
Donor_Cage_01,Donor_02,Donor,Fall,Rock,Potomac_River ,Psilotreta,0
Donor_Cage_01,Donor_02,Donor,Fall,Rock,Potomac_River ,Dubiraphia,0
Donor_Cage_01,Donor_02,Donor,Fall,Rock,Potomac_River ,Ptilostomis,0
Donor_Cage_01,Donor_02,Donor,Fall,Rock,Potomac_River ,Calopteryx,0
Donor_Cage_01,Donor_02,Donor,Fall,Rock,Potomac_River ,Molanna,0
Donor_Cage_01,Donor_02,Donor,Fall,Rock,Potomac_River ,Boyeria,0
Donor_Cage_01,Donor_02,Donor,Fall,Rock,Potomac_River ,Leptophlebia,0
Donor_Cage_01,Donor_02,Donor,Fall,Rock,Potomac_River ,Nyctiophylax,0
Donor_Cage_01,Donor_02,Donor,Fall,Rock,Potomac_River ,Argia,0
Donor_Cage_01,Donor_02,Donor,Fall,Rock,Potomac_River ,Rhyacophila,0
Donor_Cage_01,Donor_02,Donor,Fall,Rock,Potomac_River ,Probezzia,0
Donor_Cage_01,Donor_02,Donor,Fall,Rock,Potomac_River ,Neureclipsis,0
Donor_Cage_01,Donor_02,Donor,Fall,Rock,Potomac_River ,Eurylophella,0
Donor_Cage_01,Donor_02,Donor,Fall,Rock,Potomac_River ,Glossosoma,0
Donor_Cage_01,Donor_02,Donor,Fall,Rock,Potomac_River ,Rhagovelia,0
Donor_Cage_01,Donor_02,Donor,Fall,Rock,Potomac_River ,Neophylax,0
Donor_Cage_01,Donor_02,Donor,Fall,Rock,Potomac_River ,Microvelia,0
Donor_Cage_01,Donor_02,Donor,Fall,Rock,Potomac_River ,Hydatophylax,0
Donor_Cage_01,Donor_02,Donor,Fall,Rock,Potomac_River ,Antocha,0
Donor_Cage_01,Donor_02,Donor,Fall,Rock,Potomac_River ,Lepidostoma,0
Donor_Cage_01,Donor_02,Donor,Fall,Rock,Potomac_River ,Baetis,0
Donor_Cage_01,Donor_02,Donor,Fall,Rock,Potomac_River ,Oecetis,0
Donor_Cage_01,Donor_02,Donor,Fall,Rock,Potomac_River ,Ironoquia,0
Donor_Cage_01,Donor_02,Donor,Fall,Rock,Potomac_River ,Timpanoga,0
Donor_Cage_01,Donor_02,Donor,Fall,Rock,Potomac_River ,Polycentropus,0
Donor_Cage_01,Donor_02,Donor,Fall,Rock,Potomac_River ,Amphinemura,0
Donor_Cage_01,Donor_02,Donor,Fall,Rock,Potomac_River ,Penelomax,0
Donor_Cage_01,Donor_02,Donor,Fall,Rock,Potomac_River ,Ephemerella,0
Donor_Cage_01,Donor_02,Donor,Fall,Rock,Potomac_River ,Hemerodromia,0
Donor_Cage_01,Donor_02,Donor,Fall,Rock,Potomac_River ,Shipsa,0
Donor_Cage_01,Donor_02,Donor,Fall,Rock,Potomac_River ,Helichus,0
Donor_Cage_01,Donor_02,Donor,Fall,Rock,Potomac_River ,Neoleptophlebia,0
Donor_Cage_01,Donor_02,Donor,Fall,Rock,Potomac_River ,Attenella,0
Donor_Cage_01,Donor_02,Donor,Fall,Rock,Potomac_River ,Entomobryidae,0
Donor_Cage_01,Donor_02,Donor,Fall,Rock,Potomac_River ,Heptageniidae,0
Donor_Cage_01,Donor_02,Donor,Fall,Rock,Potomac_River ,Aeshna,0
Donor_Cage_01,Donor_02,Donor,Fall,Rock,Potomac_River ,Crambidae,0
Donor_Cage_01,Donor_02,Donor,Fall,Rock,Potomac_River ,Teloganopsis,0
Donor_Cage_01,Donor_02,Donor,Fall,Rock,Potomac_River ,Leptoceridae,0
Donor_Cage_01,Donor_02,Donor,Fall,Rock,Potomac_River ,Pycnopsyche,0
Donor_Cage_01,Donor_02,Donor,Fall,Rock,Potomac_River ,Triaenodes,0
Donor_Cage_01,Donor_02,Donor,Fall,Rock,Potomac_River ,Serratella,0
Donor_Cage_01,Donor_02,Donor,Fall,Rock,Potomac_River ,Optioservus,0
Donor_Cage_01,Donor_02,Donor,Fall,Rock,Potomac_River ,Hydrachnidia,0
Donor_Cage_01,Donor_02,Donor,Fall,Rock,Potomac_River ,Polymitarcyidae,0
Donor_Cage_01,Donor_02,Donor,Fall,Rock,Potomac_River ,Cambarus,0
Donor_Cage_01,Donor_02,Donor,Fall,Rock,Potomac_River ,Ancyronyx,0
Donor_Cage_01,Donor_02,Donor,Fall,Rock,Potomac_River ,Gammarus,0
Donor_Cage_01,Donor_02,Donor,Fall,Rock,Potomac_River ,Neoperla,0
Donor_Cage_02,Donor_02,Donor,Fall,Leaf,Potomac_River ,Allocapnia,204
Donor_Cage_02,Donor_02,Donor,Fall,Leaf,Potomac_River ,Maccaffertium,2
Donor_Cage_02,Donor_02,Donor,Fall,Leaf,Potomac_River ,Chironomidae,95
Donor_Cage_02,Donor_02,Donor,Fall,Leaf,Potomac_River ,Tipula,4
Donor_Cage_02,Donor_02,Donor,Fall,Leaf,Potomac_River ,Dolophilodes,0
Donor_Cage_02,Donor_02,Donor,Fall,Leaf,Potomac_River ,Cheumatopsyche,1
Donor_Cage_02,Donor_02,Donor,Fall,Leaf,Potomac_River ,Isonychia,0
Donor_Cage_02,Donor_02,Donor,Fall,Leaf,Potomac_River ,Plectrocnemia,2
Donor_Cage_02,Donor_02,Donor,Fall,Leaf,Potomac_River ,Chimarra,1
Donor_Cage_02,Donor_02,Donor,Fall,Leaf,Potomac_River ,Nigronia,1
Donor_Cage_02,Donor_02,Donor,Fall,Leaf,Potomac_River ,Ameletus,3
Donor_Cage_02,Donor_02,Donor,Fall,Leaf,Potomac_River ,Diplectrona,0
Donor_Cage_02,Donor_02,Donor,Fall,Leaf,Potomac_River ,Eccoptura,0
Donor_Cage_02,Donor_02,Donor,Fall,Leaf,Potomac_River ,Hydropsyche,0
Donor_Cage_02,Donor_02,Donor,Fall,Leaf,Potomac_River ,Baetisca,0
Donor_Cage_02,Donor_02,Donor,Fall,Leaf,Potomac_River ,Simulium,0
Donor_Cage_02,Donor_02,Donor,Fall,Leaf,Potomac_River ,Isoperla,0
Donor_Cage_02,Donor_02,Donor,Fall,Leaf,Potomac_River ,Dixa,0
Donor_Cage_02,Donor_02,Donor,Fall,Leaf,Potomac_River ,Tropisternus,0
Donor_Cage_02,Donor_02,Donor,Fall,Leaf,Potomac_River ,Anchytarsus,0
Donor_Cage_02,Donor_02,Donor,Fall,Leaf,Potomac_River ,Psilotreta,0
Donor_Cage_02,Donor_02,Donor,Fall,Leaf,Potomac_River ,Dubiraphia,0
Donor_Cage_02,Donor_02,Donor,Fall,Leaf,Potomac_River ,Ptilostomis,0
Donor_Cage_02,Donor_02,Donor,Fall,Leaf,Potomac_River ,Calopteryx,0
Donor_Cage_02,Donor_02,Donor,Fall,Leaf,Potomac_River ,Molanna,0
Donor_Cage_02,Donor_02,Donor,Fall,Leaf,Potomac_River ,Boyeria,0
Donor_Cage_02,Donor_02,Donor,Fall,Leaf,Potomac_River ,Leptophlebia,0
Donor_Cage_02,Donor_02,Donor,Fall,Leaf,Potomac_River ,Nyctiophylax,0
Donor_Cage_02,Donor_02,Donor,Fall,Leaf,Potomac_River ,Argia,0
Donor_Cage_02,Donor_02,Donor,Fall,Leaf,Potomac_River ,Rhyacophila,0
Donor_Cage_02,Donor_02,Donor,Fall,Leaf,Potomac_River ,Probezzia,0
Donor_Cage_02,Donor_02,Donor,Fall,Leaf,Potomac_River ,Neureclipsis,0
Donor_Cage_02,Donor_02,Donor,Fall,Leaf,Potomac_River ,Eurylophella,0
Donor_Cage_02,Donor_02,Donor,Fall,Leaf,Potomac_River ,Glossosoma,0
Donor_Cage_02,Donor_02,Donor,Fall,Leaf,Potomac_River ,Rhagovelia,0
Donor_Cage_02,Donor_02,Donor,Fall,Leaf,Potomac_River ,Neophylax,0
Donor_Cage_02,Donor_02,Donor,Fall,Leaf,Potomac_River ,Microvelia,0
Donor_Cage_02,Donor_02,Donor,Fall,Leaf,Potomac_River ,Hydatophylax,0
Donor_Cage_02,Donor_02,Donor,Fall,Leaf,Potomac_River ,Antocha,0
Donor_Cage_02,Donor_02,Donor,Fall,Leaf,Potomac_River ,Lepidostoma,0
Donor_Cage_02,Donor_02,Donor,Fall,Leaf,Potomac_River ,Baetis,0
Donor_Cage_02,Donor_02,Donor,Fall,Leaf,Potomac_River ,Oecetis,0
Donor_Cage_02,Donor_02,Donor,Fall,Leaf,Potomac_River ,Ironoquia,0
Donor_Cage_02,Donor_02,Donor,Fall,Leaf,Potomac_River ,Timpanoga,0
Donor_Cage_02,Donor_02,Donor,Fall,Leaf,Potomac_River ,Polycentropus,0
Donor_Cage_02,Donor_02,Donor,Fall,Leaf,Potomac_River ,Amphinemura,0
Donor_Cage_02,Donor_02,Donor,Fall,Leaf,Potomac_River ,Penelomax,0
Donor_Cage_02,Donor_02,Donor,Fall,Leaf,Potomac_River ,Ephemerella,0
Donor_Cage_02,Donor_02,Donor,Fall,Leaf,Potomac_River ,Hemerodromia,0
Donor_Cage_02,Donor_02,Donor,Fall,Leaf,Potomac_River ,Shipsa,0
Donor_Cage_02,Donor_02,Donor,Fall,Leaf,Potomac_River ,Helichus,0
Donor_Cage_02,Donor_02,Donor,Fall,Leaf,Potomac_River ,Neoleptophlebia,0
Donor_Cage_02,Donor_02,Donor,Fall,Leaf,Potomac_River ,Attenella,0
Donor_Cage_02,Donor_02,Donor,Fall,Leaf,Potomac_River ,Entomobryidae,0
Donor_Cage_02,Donor_02,Donor,Fall,Leaf,Potomac_River ,Heptageniidae,0
Donor_Cage_02,Donor_02,Donor,Fall,Leaf,Potomac_River ,Aeshna,0
Donor_Cage_02,Donor_02,Donor,Fall,Leaf,Potomac_River ,Crambidae,0
Donor_Cage_02,Donor_02,Donor,Fall,Leaf,Potomac_River ,Teloganopsis,0
Donor_Cage_02,Donor_02,Donor,Fall,Leaf,Potomac_River ,Leptoceridae,0
Donor_Cage_02,Donor_02,Donor,Fall,Leaf,Potomac_River ,Pycnopsyche,0
Donor_Cage_02,Donor_02,Donor,Fall,Leaf,Potomac_River ,Triaenodes,0
Donor_Cage_02,Donor_02,Donor,Fall,Leaf,Potomac_River ,Serratella,0
Donor_Cage_02,Donor_02,Donor,Fall,Leaf,Potomac_River ,Optioservus,0
Donor_Cage_02,Donor_02,Donor,Fall,Leaf,Potomac_River ,Hydrachnidia,0
Donor_Cage_02,Donor_02,Donor,Fall,Leaf,Potomac_River ,Polymitarcyidae,0
Donor_Cage_02,Donor_02,Donor,Fall,Leaf,Potomac_River ,Cambarus,0
Donor_Cage_02,Donor_02,Donor,Fall,Leaf,Potomac_River ,Ancyronyx,0
Donor_Cage_02,Donor_02,Donor,Fall,Leaf,Potomac_River ,Gammarus,0
Donor_Cage_02,Donor_02,Donor,Fall,Leaf,Potomac_River ,Neoperla,0
Donor_Cage_02,Donor_02,Donor,Fall,Rock,Potomac_River ,Allocapnia,29
Donor_Cage_02,Donor_02,Donor,Fall,Rock,Potomac_River ,Maccaffertium,5
Donor_Cage_02,Donor_02,Donor,Fall,Rock,Potomac_River ,Chironomidae,25
Donor_Cage_02,Donor_02,Donor,Fall,Rock,Potomac_River ,Tipula,1
Donor_Cage_02,Donor_02,Donor,Fall,Rock,Potomac_River ,Dolophilodes,1
Donor_Cage_02,Donor_02,Donor,Fall,Rock,Potomac_River ,Cheumatopsyche,15
Donor_Cage_02,Donor_02,Donor,Fall,Rock,Potomac_River ,Isonychia,1
Donor_Cage_02,Donor_02,Donor,Fall,Rock,Potomac_River ,Plectrocnemia,0
Donor_Cage_02,Donor_02,Donor,Fall,Rock,Potomac_River ,Chimarra,0
Donor_Cage_02,Donor_02,Donor,Fall,Rock,Potomac_River ,Nigronia,0
Donor_Cage_02,Donor_02,Donor,Fall,Rock,Potomac_River ,Ameletus,0
Donor_Cage_02,Donor_02,Donor,Fall,Rock,Potomac_River ,Diplectrona,2
Donor_Cage_02,Donor_02,Donor,Fall,Rock,Potomac_River ,Eccoptura,0
Donor_Cage_02,Donor_02,Donor,Fall,Rock,Potomac_River ,Hydropsyche,0
Donor_Cage_02,Donor_02,Donor,Fall,Rock,Potomac_River ,Baetisca,0
Donor_Cage_02,Donor_02,Donor,Fall,Rock,Potomac_River ,Simulium,0
Donor_Cage_02,Donor_02,Donor,Fall,Rock,Potomac_River ,Isoperla,0
Donor_Cage_02,Donor_02,Donor,Fall,Rock,Potomac_River ,Dixa,0
Donor_Cage_02,Donor_02,Donor,Fall,Rock,Potomac_River ,Tropisternus,0
Donor_Cage_02,Donor_02,Donor,Fall,Rock,Potomac_River ,Anchytarsus,0
Donor_Cage_02,Donor_02,Donor,Fall,Rock,Potomac_River ,Psilotreta,0
Donor_Cage_02,Donor_02,Donor,Fall,Rock,Potomac_River ,Dubiraphia,0
Donor_Cage_02,Donor_02,Donor,Fall,Rock,Potomac_River ,Ptilostomis,0
Donor_Cage_02,Donor_02,Donor,Fall,Rock,Potomac_River ,Calopteryx,0
Donor_Cage_02,Donor_02,Donor,Fall,Rock,Potomac_River ,Molanna,0
Donor_Cage_02,Donor_02,Donor,Fall,Rock,Potomac_River ,Boyeria,0
Donor_Cage_02,Donor_02,Donor,Fall,Rock,Potomac_River ,Leptophlebia,0
Donor_Cage_02,Donor_02,Donor,Fall,Rock,Potomac_River ,Nyctiophylax,0
Donor_Cage_02,Donor_02,Donor,Fall,Rock,Potomac_River ,Argia,0
Donor_Cage_02,Donor_02,Donor,Fall,Rock,Potomac_River ,Rhyacophila,0
Donor_Cage_02,Donor_02,Donor,Fall,Rock,Potomac_River ,Probezzia,0
Donor_Cage_02,Donor_02,Donor,Fall,Rock,Potomac_River ,Neureclipsis,0
Donor_Cage_02,Donor_02,Donor,Fall,Rock,Potomac_River ,Eurylophella,0
Donor_Cage_02,Donor_02,Donor,Fall,Rock,Potomac_River ,Glossosoma,0
Donor_Cage_02,Donor_02,Donor,Fall,Rock,Potomac_River ,Rhagovelia,0
Donor_Cage_02,Donor_02,Donor,Fall,Rock,Potomac_River ,Neophylax,0
Donor_Cage_02,Donor_02,Donor,Fall,Rock,Potomac_River ,Microvelia,0
Donor_Cage_02,Donor_02,Donor,Fall,Rock,Potomac_River ,Hydatophylax,0
Donor_Cage_02,Donor_02,Donor,Fall,Rock,Potomac_River ,Antocha,0
Donor_Cage_02,Donor_02,Donor,Fall,Rock,Potomac_River ,Lepidostoma,0
Donor_Cage_02,Donor_02,Donor,Fall,Rock,Potomac_River ,Baetis,0
Donor_Cage_02,Donor_02,Donor,Fall,Rock,Potomac_River ,Oecetis,0
Donor_Cage_02,Donor_02,Donor,Fall,Rock,Potomac_River ,Ironoquia,0
Donor_Cage_02,Donor_02,Donor,Fall,Rock,Potomac_River ,Timpanoga,0
Donor_Cage_02,Donor_02,Donor,Fall,Rock,Potomac_River ,Polycentropus,0
Donor_Cage_02,Donor_02,Donor,Fall,Rock,Potomac_River ,Amphinemura,0
Donor_Cage_02,Donor_02,Donor,Fall,Rock,Potomac_River ,Penelomax,0
Donor_Cage_02,Donor_02,Donor,Fall,Rock,Potomac_River ,Ephemerella,0
Donor_Cage_02,Donor_02,Donor,Fall,Rock,Potomac_River ,Hemerodromia,0
Donor_Cage_02,Donor_02,Donor,Fall,Rock,Potomac_River ,Shipsa,0
Donor_Cage_02,Donor_02,Donor,Fall,Rock,Potomac_River ,Helichus,0
Donor_Cage_02,Donor_02,Donor,Fall,Rock,Potomac_River ,Neoleptophlebia,0
Donor_Cage_02,Donor_02,Donor,Fall,Rock,Potomac_River ,Attenella,0
Donor_Cage_02,Donor_02,Donor,Fall,Rock,Potomac_River ,Entomobryidae,0
Donor_Cage_02,Donor_02,Donor,Fall,Rock,Potomac_River ,Heptageniidae,0
Donor_Cage_02,Donor_02,Donor,Fall,Rock,Potomac_River ,Aeshna,0
Donor_Cage_02,Donor_02,Donor,Fall,Rock,Potomac_River ,Crambidae,0
Donor_Cage_02,Donor_02,Donor,Fall,Rock,Potomac_River ,Teloganopsis,0
Donor_Cage_02,Donor_02,Donor,Fall,Rock,Potomac_River ,Leptoceridae,0
Donor_Cage_02,Donor_02,Donor,Fall,Rock,Potomac_River ,Pycnopsyche,0
Donor_Cage_02,Donor_02,Donor,Fall,Rock,Potomac_River ,Triaenodes,0
Donor_Cage_02,Donor_02,Donor,Fall,Rock,Potomac_River ,Serratella,0
Donor_Cage_02,Donor_02,Donor,Fall,Rock,Potomac_River ,Optioservus,0
Donor_Cage_02,Donor_02,Donor,Fall,Rock,Potomac_River ,Hydrachnidia,0
Donor_Cage_02,Donor_02,Donor,Fall,Rock,Potomac_River ,Polymitarcyidae,0
Donor_Cage_02,Donor_02,Donor,Fall,Rock,Potomac_River ,Cambarus,0
Donor_Cage_02,Donor_02,Donor,Fall,Rock,Potomac_River ,Ancyronyx,0
Donor_Cage_02,Donor_02,Donor,Fall,Rock,Potomac_River ,Gammarus,0
Donor_Cage_02,Donor_02,Donor,Fall,Rock,Potomac_River ,Neoperla,0
Donor_Cage_03,Donor_02,Donor,Fall,Leaf,Potomac_River ,Allocapnia,101
Donor_Cage_03,Donor_02,Donor,Fall,Leaf,Potomac_River ,Maccaffertium,2
Donor_Cage_03,Donor_02,Donor,Fall,Leaf,Potomac_River ,Chironomidae,111
Donor_Cage_03,Donor_02,Donor,Fall,Leaf,Potomac_River ,Tipula,2
Donor_Cage_03,Donor_02,Donor,Fall,Leaf,Potomac_River ,Dolophilodes,7
Donor_Cage_03,Donor_02,Donor,Fall,Leaf,Potomac_River ,Cheumatopsyche,2
Donor_Cage_03,Donor_02,Donor,Fall,Leaf,Potomac_River ,Isonychia,1
Donor_Cage_03,Donor_02,Donor,Fall,Leaf,Potomac_River ,Plectrocnemia,0
Donor_Cage_03,Donor_02,Donor,Fall,Leaf,Potomac_River ,Chimarra,0
Donor_Cage_03,Donor_02,Donor,Fall,Leaf,Potomac_River ,Nigronia,0
Donor_Cage_03,Donor_02,Donor,Fall,Leaf,Potomac_River ,Ameletus,0
Donor_Cage_03,Donor_02,Donor,Fall,Leaf,Potomac_River ,Diplectrona,0
Donor_Cage_03,Donor_02,Donor,Fall,Leaf,Potomac_River ,Eccoptura,1
Donor_Cage_03,Donor_02,Donor,Fall,Leaf,Potomac_River ,Hydropsyche,4
Donor_Cage_03,Donor_02,Donor,Fall,Leaf,Potomac_River ,Baetisca,1
Donor_Cage_03,Donor_02,Donor,Fall,Leaf,Potomac_River ,Simulium,2
Donor_Cage_03,Donor_02,Donor,Fall,Leaf,Potomac_River ,Isoperla,0
Donor_Cage_03,Donor_02,Donor,Fall,Leaf,Potomac_River ,Dixa,0
Donor_Cage_03,Donor_02,Donor,Fall,Leaf,Potomac_River ,Tropisternus,0
Donor_Cage_03,Donor_02,Donor,Fall,Leaf,Potomac_River ,Anchytarsus,0
Donor_Cage_03,Donor_02,Donor,Fall,Leaf,Potomac_River ,Psilotreta,0
Donor_Cage_03,Donor_02,Donor,Fall,Leaf,Potomac_River ,Dubiraphia,0
Donor_Cage_03,Donor_02,Donor,Fall,Leaf,Potomac_River ,Ptilostomis,0
Donor_Cage_03,Donor_02,Donor,Fall,Leaf,Potomac_River ,Calopteryx,0
Donor_Cage_03,Donor_02,Donor,Fall,Leaf,Potomac_River ,Molanna,0
Donor_Cage_03,Donor_02,Donor,Fall,Leaf,Potomac_River ,Boyeria,0
Donor_Cage_03,Donor_02,Donor,Fall,Leaf,Potomac_River ,Leptophlebia,0
Donor_Cage_03,Donor_02,Donor,Fall,Leaf,Potomac_River ,Nyctiophylax,0
Donor_Cage_03,Donor_02,Donor,Fall,Leaf,Potomac_River ,Argia,0
Donor_Cage_03,Donor_02,Donor,Fall,Leaf,Potomac_River ,Rhyacophila,0
Donor_Cage_03,Donor_02,Donor,Fall,Leaf,Potomac_River ,Probezzia,0
Donor_Cage_03,Donor_02,Donor,Fall,Leaf,Potomac_River ,Neureclipsis,0
Donor_Cage_03,Donor_02,Donor,Fall,Leaf,Potomac_River ,Eurylophella,0
Donor_Cage_03,Donor_02,Donor,Fall,Leaf,Potomac_River ,Glossosoma,0
Donor_Cage_03,Donor_02,Donor,Fall,Leaf,Potomac_River ,Rhagovelia,0
Donor_Cage_03,Donor_02,Donor,Fall,Leaf,Potomac_River ,Neophylax,0
Donor_Cage_03,Donor_02,Donor,Fall,Leaf,Potomac_River ,Microvelia,0
Donor_Cage_03,Donor_02,Donor,Fall,Leaf,Potomac_River ,Hydatophylax,0
Donor_Cage_03,Donor_02,Donor,Fall,Leaf,Potomac_River ,Antocha,0
Donor_Cage_03,Donor_02,Donor,Fall,Leaf,Potomac_River ,Lepidostoma,0
Donor_Cage_03,Donor_02,Donor,Fall,Leaf,Potomac_River ,Baetis,0
Donor_Cage_03,Donor_02,Donor,Fall,Leaf,Potomac_River ,Oecetis,0
Donor_Cage_03,Donor_02,Donor,Fall,Leaf,Potomac_River ,Ironoquia,0
Donor_Cage_03,Donor_02,Donor,Fall,Leaf,Potomac_River ,Timpanoga,0
Donor_Cage_03,Donor_02,Donor,Fall,Leaf,Potomac_River ,Polycentropus,0
Donor_Cage_03,Donor_02,Donor,Fall,Leaf,Potomac_River ,Amphinemura,0
Donor_Cage_03,Donor_02,Donor,Fall,Leaf,Potomac_River ,Penelomax,0
Donor_Cage_03,Donor_02,Donor,Fall,Leaf,Potomac_River ,Ephemerella,0
Donor_Cage_03,Donor_02,Donor,Fall,Leaf,Potomac_River ,Hemerodromia,0
Donor_Cage_03,Donor_02,Donor,Fall,Leaf,Potomac_River ,Shipsa,0
Donor_Cage_03,Donor_02,Donor,Fall,Leaf,Potomac_River ,Helichus,0
Donor_Cage_03,Donor_02,Donor,Fall,Leaf,Potomac_River ,Neoleptophlebia,0
Donor_Cage_03,Donor_02,Donor,Fall,Leaf,Potomac_River ,Attenella,0
Donor_Cage_03,Donor_02,Donor,Fall,Leaf,Potomac_River ,Entomobryidae,0
Donor_Cage_03,Donor_02,Donor,Fall,Leaf,Potomac_River ,Heptageniidae,0
Donor_Cage_03,Donor_02,Donor,Fall,Leaf,Potomac_River ,Aeshna,0
Donor_Cage_03,Donor_02,Donor,Fall,Leaf,Potomac_River ,Crambidae,0
Donor_Cage_03,Donor_02,Donor,Fall,Leaf,Potomac_River ,Teloganopsis,0
Donor_Cage_03,Donor_02,Donor,Fall,Leaf,Potomac_River ,Leptoceridae,0
Donor_Cage_03,Donor_02,Donor,Fall,Leaf,Potomac_River ,Pycnopsyche,0
Donor_Cage_03,Donor_02,Donor,Fall,Leaf,Potomac_River ,Triaenodes,0
Donor_Cage_03,Donor_02,Donor,Fall,Leaf,Potomac_River ,Serratella,0
Donor_Cage_03,Donor_02,Donor,Fall,Leaf,Potomac_River ,Optioservus,0
Donor_Cage_03,Donor_02,Donor,Fall,Leaf,Potomac_River ,Hydrachnidia,0
Donor_Cage_03,Donor_02,Donor,Fall,Leaf,Potomac_River ,Polymitarcyidae,0
Donor_Cage_03,Donor_02,Donor,Fall,Leaf,Potomac_River ,Cambarus,0
Donor_Cage_03,Donor_02,Donor,Fall,Leaf,Potomac_River ,Ancyronyx,0
Donor_Cage_03,Donor_02,Donor,Fall,Leaf,Potomac_River ,Gammarus,0
Donor_Cage_03,Donor_02,Donor,Fall,Leaf,Potomac_River ,Neoperla,0
Donor_Cage_03,Donor_02,Donor,Fall,Rock,Potomac_River ,Allocapnia,71
Donor_Cage_03,Donor_02,Donor,Fall,Rock,Potomac_River ,Maccaffertium,1
Donor_Cage_03,Donor_02,Donor,Fall,Rock,Potomac_River ,Chironomidae,143
Donor_Cage_03,Donor_02,Donor,Fall,Rock,Potomac_River ,Tipula,0
Donor_Cage_03,Donor_02,Donor,Fall,Rock,Potomac_River ,Dolophilodes,9
Donor_Cage_03,Donor_02,Donor,Fall,Rock,Potomac_River ,Cheumatopsyche,7
Donor_Cage_03,Donor_02,Donor,Fall,Rock,Potomac_River ,Isonychia,6
Donor_Cage_03,Donor_02,Donor,Fall,Rock,Potomac_River ,Plectrocnemia,0
Donor_Cage_03,Donor_02,Donor,Fall,Rock,Potomac_River ,Chimarra,0
Donor_Cage_03,Donor_02,Donor,Fall,Rock,Potomac_River ,Nigronia,0
Donor_Cage_03,Donor_02,Donor,Fall,Rock,Potomac_River ,Ameletus,0
Donor_Cage_03,Donor_02,Donor,Fall,Rock,Potomac_River ,Diplectrona,0
Donor_Cage_03,Donor_02,Donor,Fall,Rock,Potomac_River ,Eccoptura,0
Donor_Cage_03,Donor_02,Donor,Fall,Rock,Potomac_River ,Hydropsyche,11
Donor_Cage_03,Donor_02,Donor,Fall,Rock,Potomac_River ,Baetisca,1
Donor_Cage_03,Donor_02,Donor,Fall,Rock,Potomac_River ,Simulium,2
Donor_Cage_03,Donor_02,Donor,Fall,Rock,Potomac_River ,Isoperla,1
Donor_Cage_03,Donor_02,Donor,Fall,Rock,Potomac_River ,Dixa,0
Donor_Cage_03,Donor_02,Donor,Fall,Rock,Potomac_River ,Tropisternus,0
Donor_Cage_03,Donor_02,Donor,Fall,Rock,Potomac_River ,Anchytarsus,0
Donor_Cage_03,Donor_02,Donor,Fall,Rock,Potomac_River ,Psilotreta,0
Donor_Cage_03,Donor_02,Donor,Fall,Rock,Potomac_River ,Dubiraphia,0
Donor_Cage_03,Donor_02,Donor,Fall,Rock,Potomac_River ,Ptilostomis,0
Donor_Cage_03,Donor_02,Donor,Fall,Rock,Potomac_River ,Calopteryx,0
Donor_Cage_03,Donor_02,Donor,Fall,Rock,Potomac_River ,Molanna,0
Donor_Cage_03,Donor_02,Donor,Fall,Rock,Potomac_River ,Boyeria,0
Donor_Cage_03,Donor_02,Donor,Fall,Rock,Potomac_River ,Leptophlebia,0
Donor_Cage_03,Donor_02,Donor,Fall,Rock,Potomac_River ,Nyctiophylax,0
Donor_Cage_03,Donor_02,Donor,Fall,Rock,Potomac_River ,Argia,0
Donor_Cage_03,Donor_02,Donor,Fall,Rock,Potomac_River ,Rhyacophila,0
Donor_Cage_03,Donor_02,Donor,Fall,Rock,Potomac_River ,Probezzia,0
Donor_Cage_03,Donor_02,Donor,Fall,Rock,Potomac_River ,Neureclipsis,0
Donor_Cage_03,Donor_02,Donor,Fall,Rock,Potomac_River ,Eurylophella,0
Donor_Cage_03,Donor_02,Donor,Fall,Rock,Potomac_River ,Glossosoma,0
Donor_Cage_03,Donor_02,Donor,Fall,Rock,Potomac_River ,Rhagovelia,0
Donor_Cage_03,Donor_02,Donor,Fall,Rock,Potomac_River ,Neophylax,0
Donor_Cage_03,Donor_02,Donor,Fall,Rock,Potomac_River ,Microvelia,0
Donor_Cage_03,Donor_02,Donor,Fall,Rock,Potomac_River ,Hydatophylax,0
Donor_Cage_03,Donor_02,Donor,Fall,Rock,Potomac_River ,Antocha,0
Donor_Cage_03,Donor_02,Donor,Fall,Rock,Potomac_River ,Lepidostoma,0
Donor_Cage_03,Donor_02,Donor,Fall,Rock,Potomac_River ,Baetis,0
Donor_Cage_03,Donor_02,Donor,Fall,Rock,Potomac_River ,Oecetis,0
Donor_Cage_03,Donor_02,Donor,Fall,Rock,Potomac_River ,Ironoquia,0
Donor_Cage_03,Donor_02,Donor,Fall,Rock,Potomac_River ,Timpanoga,0
Donor_Cage_03,Donor_02,Donor,Fall,Rock,Potomac_River ,Polycentropus,0
Donor_Cage_03,Donor_02,Donor,Fall,Rock,Potomac_River ,Amphinemura,0
Donor_Cage_03,Donor_02,Donor,Fall,Rock,Potomac_River ,Penelomax,0
Donor_Cage_03,Donor_02,Donor,Fall,Rock,Potomac_River ,Ephemerella,0
Donor_Cage_03,Donor_02,Donor,Fall,Rock,Potomac_River ,Hemerodromia,0
Donor_Cage_03,Donor_02,Donor,Fall,Rock,Potomac_River ,Shipsa,0
Donor_Cage_03,Donor_02,Donor,Fall,Rock,Potomac_River ,Helichus,0
Donor_Cage_03,Donor_02,Donor,Fall,Rock,Potomac_River ,Neoleptophlebia,0
Donor_Cage_03,Donor_02,Donor,Fall,Rock,Potomac_River ,Attenella,0
Donor_Cage_03,Donor_02,Donor,Fall,Rock,Potomac_River ,Entomobryidae,0
Donor_Cage_03,Donor_02,Donor,Fall,Rock,Potomac_River ,Heptageniidae,0
Donor_Cage_03,Donor_02,Donor,Fall,Rock,Potomac_River ,Aeshna,0
Donor_Cage_03,Donor_02,Donor,Fall,Rock,Potomac_River ,Crambidae,0
Donor_Cage_03,Donor_02,Donor,Fall,Rock,Potomac_River ,Teloganopsis,0
Donor_Cage_03,Donor_02,Donor,Fall,Rock,Potomac_River ,Leptoceridae,0
Donor_Cage_03,Donor_02,Donor,Fall,Rock,Potomac_River ,Pycnopsyche,0
Donor_Cage_03,Donor_02,Donor,Fall,Rock,Potomac_River ,Triaenodes,0
Donor_Cage_03,Donor_02,Donor,Fall,Rock,Potomac_River ,Serratella,0
Donor_Cage_03,Donor_02,Donor,Fall,Rock,Potomac_River ,Optioservus,0
Donor_Cage_03,Donor_02,Donor,Fall,Rock,Potomac_River ,Hydrachnidia,0
Donor_Cage_03,Donor_02,Donor,Fall,Rock,Potomac_River ,Polymitarcyidae,0
Donor_Cage_03,Donor_02,Donor,Fall,Rock,Potomac_River ,Cambarus,0
Donor_Cage_03,Donor_02,Donor,Fall,Rock,Potomac_River ,Ancyronyx,0
Donor_Cage_03,Donor_02,Donor,Fall,Rock,Potomac_River ,Gammarus,0
Donor_Cage_03,Donor_02,Donor,Fall,Rock,Potomac_River ,Neoperla,0
Donor_Cage_04,Donor_02,Donor,Fall,Leaf,Potomac_River ,Allocapnia,138
Donor_Cage_04,Donor_02,Donor,Fall,Leaf,Potomac_River ,Maccaffertium,0
Donor_Cage_04,Donor_02,Donor,Fall,Leaf,Potomac_River ,Chironomidae,78
Donor_Cage_04,Donor_02,Donor,Fall,Leaf,Potomac_River ,Tipula,13
Donor_Cage_04,Donor_02,Donor,Fall,Leaf,Potomac_River ,Dolophilodes,1
Donor_Cage_04,Donor_02,Donor,Fall,Leaf,Potomac_River ,Cheumatopsyche,4
Donor_Cage_04,Donor_02,Donor,Fall,Leaf,Potomac_River ,Isonychia,1
Donor_Cage_04,Donor_02,Donor,Fall,Leaf,Potomac_River ,Plectrocnemia,0
Donor_Cage_04,Donor_02,Donor,Fall,Leaf,Potomac_River ,Chimarra,0
Donor_Cage_04,Donor_02,Donor,Fall,Leaf,Potomac_River ,Nigronia,0
Donor_Cage_04,Donor_02,Donor,Fall,Leaf,Potomac_River ,Ameletus,0
Donor_Cage_04,Donor_02,Donor,Fall,Leaf,Potomac_River ,Diplectrona,2
Donor_Cage_04,Donor_02,Donor,Fall,Leaf,Potomac_River ,Eccoptura,0
Donor_Cage_04,Donor_02,Donor,Fall,Leaf,Potomac_River ,Hydropsyche,1
Donor_Cage_04,Donor_02,Donor,Fall,Leaf,Potomac_River ,Baetisca,0
Donor_Cage_04,Donor_02,Donor,Fall,Leaf,Potomac_River ,Simulium,0
Donor_Cage_04,Donor_02,Donor,Fall,Leaf,Potomac_River ,Isoperla,0
Donor_Cage_04,Donor_02,Donor,Fall,Leaf,Potomac_River ,Dixa,1
Donor_Cage_04,Donor_02,Donor,Fall,Leaf,Potomac_River ,Tropisternus,1
Donor_Cage_04,Donor_02,Donor,Fall,Leaf,Potomac_River ,Anchytarsus,0
Donor_Cage_04,Donor_02,Donor,Fall,Leaf,Potomac_River ,Psilotreta,0
Donor_Cage_04,Donor_02,Donor,Fall,Leaf,Potomac_River ,Dubiraphia,0
Donor_Cage_04,Donor_02,Donor,Fall,Leaf,Potomac_River ,Ptilostomis,0
Donor_Cage_04,Donor_02,Donor,Fall,Leaf,Potomac_River ,Calopteryx,0
Donor_Cage_04,Donor_02,Donor,Fall,Leaf,Potomac_River ,Molanna,0
Donor_Cage_04,Donor_02,Donor,Fall,Leaf,Potomac_River ,Boyeria,0
Donor_Cage_04,Donor_02,Donor,Fall,Leaf,Potomac_River ,Leptophlebia,0
Donor_Cage_04,Donor_02,Donor,Fall,Leaf,Potomac_River ,Nyctiophylax,0
Donor_Cage_04,Donor_02,Donor,Fall,Leaf,Potomac_River ,Argia,0
Donor_Cage_04,Donor_02,Donor,Fall,Leaf,Potomac_River ,Rhyacophila,0
Donor_Cage_04,Donor_02,Donor,Fall,Leaf,Potomac_River ,Probezzia,0
Donor_Cage_04,Donor_02,Donor,Fall,Leaf,Potomac_River ,Neureclipsis,0
Donor_Cage_04,Donor_02,Donor,Fall,Leaf,Potomac_River ,Eurylophella,0
Donor_Cage_04,Donor_02,Donor,Fall,Leaf,Potomac_River ,Glossosoma,0
Donor_Cage_04,Donor_02,Donor,Fall,Leaf,Potomac_River ,Rhagovelia,0
Donor_Cage_04,Donor_02,Donor,Fall,Leaf,Potomac_River ,Neophylax,0
Donor_Cage_04,Donor_02,Donor,Fall,Leaf,Potomac_River ,Microvelia,0
Donor_Cage_04,Donor_02,Donor,Fall,Leaf,Potomac_River ,Hydatophylax,0
Donor_Cage_04,Donor_02,Donor,Fall,Leaf,Potomac_River ,Antocha,0
Donor_Cage_04,Donor_02,Donor,Fall,Leaf,Potomac_River ,Lepidostoma,0
Donor_Cage_04,Donor_02,Donor,Fall,Leaf,Potomac_River ,Baetis,0
Donor_Cage_04,Donor_02,Donor,Fall,Leaf,Potomac_River ,Oecetis,0
Donor_Cage_04,Donor_02,Donor,Fall,Leaf,Potomac_River ,Ironoquia,0
Donor_Cage_04,Donor_02,Donor,Fall,Leaf,Potomac_River ,Timpanoga,0
Donor_Cage_04,Donor_02,Donor,Fall,Leaf,Potomac_River ,Polycentropus,0
Donor_Cage_04,Donor_02,Donor,Fall,Leaf,Potomac_River ,Amphinemura,0
Donor_Cage_04,Donor_02,Donor,Fall,Leaf,Potomac_River ,Penelomax,0
Donor_Cage_04,Donor_02,Donor,Fall,Leaf,Potomac_River ,Ephemerella,0
Donor_Cage_04,Donor_02,Donor,Fall,Leaf,Potomac_River ,Hemerodromia,0
Donor_Cage_04,Donor_02,Donor,Fall,Leaf,Potomac_River ,Shipsa,0
Donor_Cage_04,Donor_02,Donor,Fall,Leaf,Potomac_River ,Helichus,0
Donor_Cage_04,Donor_02,Donor,Fall,Leaf,Potomac_River ,Neoleptophlebia,0
Donor_Cage_04,Donor_02,Donor,Fall,Leaf,Potomac_River ,Attenella,0
Donor_Cage_04,Donor_02,Donor,Fall,Leaf,Potomac_River ,Entomobryidae,0
Donor_Cage_04,Donor_02,Donor,Fall,Leaf,Potomac_River ,Heptageniidae,0
Donor_Cage_04,Donor_02,Donor,Fall,Leaf,Potomac_River ,Aeshna,0
Donor_Cage_04,Donor_02,Donor,Fall,Leaf,Potomac_River ,Crambidae,0
Donor_Cage_04,Donor_02,Donor,Fall,Leaf,Potomac_River ,Teloganopsis,0
Donor_Cage_04,Donor_02,Donor,Fall,Leaf,Potomac_River ,Leptoceridae,0
Donor_Cage_04,Donor_02,Donor,Fall,Leaf,Potomac_River ,Pycnopsyche,0
Donor_Cage_04,Donor_02,Donor,Fall,Leaf,Potomac_River ,Triaenodes,0
Donor_Cage_04,Donor_02,Donor,Fall,Leaf,Potomac_River ,Serratella,0
Donor_Cage_04,Donor_02,Donor,Fall,Leaf,Potomac_River ,Optioservus,0
Donor_Cage_04,Donor_02,Donor,Fall,Leaf,Potomac_River ,Hydrachnidia,0
Donor_Cage_04,Donor_02,Donor,Fall,Leaf,Potomac_River ,Polymitarcyidae,0
Donor_Cage_04,Donor_02,Donor,Fall,Leaf,Potomac_River ,Cambarus,0
Donor_Cage_04,Donor_02,Donor,Fall,Leaf,Potomac_River ,Ancyronyx,0
Donor_Cage_04,Donor_02,Donor,Fall,Leaf,Potomac_River ,Gammarus,0
Donor_Cage_04,Donor_02,Donor,Fall,Leaf,Potomac_River ,Neoperla,0
Donor_Cage_04,Donor_02,Donor,Fall,Rock,Potomac_River ,Allocapnia,25
Donor_Cage_04,Donor_02,Donor,Fall,Rock,Potomac_River ,Maccaffertium,4
Donor_Cage_04,Donor_02,Donor,Fall,Rock,Potomac_River ,Chironomidae,111
Donor_Cage_04,Donor_02,Donor,Fall,Rock,Potomac_River ,Tipula,0
Donor_Cage_04,Donor_02,Donor,Fall,Rock,Potomac_River ,Dolophilodes,6
Donor_Cage_04,Donor_02,Donor,Fall,Rock,Potomac_River ,Cheumatopsyche,11
Donor_Cage_04,Donor_02,Donor,Fall,Rock,Potomac_River ,Isonychia,7
Donor_Cage_04,Donor_02,Donor,Fall,Rock,Potomac_River ,Plectrocnemia,0
Donor_Cage_04,Donor_02,Donor,Fall,Rock,Potomac_River ,Chimarra,17
Donor_Cage_04,Donor_02,Donor,Fall,Rock,Potomac_River ,Nigronia,0
Donor_Cage_04,Donor_02,Donor,Fall,Rock,Potomac_River ,Ameletus,1
Donor_Cage_04,Donor_02,Donor,Fall,Rock,Potomac_River ,Diplectrona,0
Donor_Cage_04,Donor_02,Donor,Fall,Rock,Potomac_River ,Eccoptura,0
Donor_Cage_04,Donor_02,Donor,Fall,Rock,Potomac_River ,Hydropsyche,7
Donor_Cage_04,Donor_02,Donor,Fall,Rock,Potomac_River ,Baetisca,0
Donor_Cage_04,Donor_02,Donor,Fall,Rock,Potomac_River ,Simulium,0
Donor_Cage_04,Donor_02,Donor,Fall,Rock,Potomac_River ,Isoperla,0
Donor_Cage_04,Donor_02,Donor,Fall,Rock,Potomac_River ,Dixa,0
Donor_Cage_04,Donor_02,Donor,Fall,Rock,Potomac_River ,Tropisternus,0
Donor_Cage_04,Donor_02,Donor,Fall,Rock,Potomac_River ,Anchytarsus,0
Donor_Cage_04,Donor_02,Donor,Fall,Rock,Potomac_River ,Psilotreta,0
Donor_Cage_04,Donor_02,Donor,Fall,Rock,Potomac_River ,Dubiraphia,0
Donor_Cage_04,Donor_02,Donor,Fall,Rock,Potomac_River ,Ptilostomis,0
Donor_Cage_04,Donor_02,Donor,Fall,Rock,Potomac_River ,Calopteryx,0
Donor_Cage_04,Donor_02,Donor,Fall,Rock,Potomac_River ,Molanna,0
Donor_Cage_04,Donor_02,Donor,Fall,Rock,Potomac_River ,Boyeria,0
Donor_Cage_04,Donor_02,Donor,Fall,Rock,Potomac_River ,Leptophlebia,0
Donor_Cage_04,Donor_02,Donor,Fall,Rock,Potomac_River ,Nyctiophylax,0
Donor_Cage_04,Donor_02,Donor,Fall,Rock,Potomac_River ,Argia,0
Donor_Cage_04,Donor_02,Donor,Fall,Rock,Potomac_River ,Rhyacophila,0
Donor_Cage_04,Donor_02,Donor,Fall,Rock,Potomac_River ,Probezzia,0
Donor_Cage_04,Donor_02,Donor,Fall,Rock,Potomac_River ,Neureclipsis,0
Donor_Cage_04,Donor_02,Donor,Fall,Rock,Potomac_River ,Eurylophella,0
Donor_Cage_04,Donor_02,Donor,Fall,Rock,Potomac_River ,Glossosoma,0
Donor_Cage_04,Donor_02,Donor,Fall,Rock,Potomac_River ,Rhagovelia,0
Donor_Cage_04,Donor_02,Donor,Fall,Rock,Potomac_River ,Neophylax,0
Donor_Cage_04,Donor_02,Donor,Fall,Rock,Potomac_River ,Microvelia,0
Donor_Cage_04,Donor_02,Donor,Fall,Rock,Potomac_River ,Hydatophylax,0
Donor_Cage_04,Donor_02,Donor,Fall,Rock,Potomac_River ,Antocha,0
Donor_Cage_04,Donor_02,Donor,Fall,Rock,Potomac_River ,Lepidostoma,0
Donor_Cage_04,Donor_02,Donor,Fall,Rock,Potomac_River ,Baetis,0
Donor_Cage_04,Donor_02,Donor,Fall,Rock,Potomac_River ,Oecetis,0
Donor_Cage_04,Donor_02,Donor,Fall,Rock,Potomac_River ,Ironoquia,0
Donor_Cage_04,Donor_02,Donor,Fall,Rock,Potomac_River ,Timpanoga,0
Donor_Cage_04,Donor_02,Donor,Fall,Rock,Potomac_River ,Polycentropus,0
Donor_Cage_04,Donor_02,Donor,Fall,Rock,Potomac_River ,Amphinemura,0
Donor_Cage_04,Donor_02,Donor,Fall,Rock,Potomac_River ,Penelomax,0
Donor_Cage_04,Donor_02,Donor,Fall,Rock,Potomac_River ,Ephemerella,0
Donor_Cage_04,Donor_02,Donor,Fall,Rock,Potomac_River ,Hemerodromia,0
Donor_Cage_04,Donor_02,Donor,Fall,Rock,Potomac_River ,Shipsa,0
Donor_Cage_04,Donor_02,Donor,Fall,Rock,Potomac_River ,Helichus,0
Donor_Cage_04,Donor_02,Donor,Fall,Rock,Potomac_River ,Neoleptophlebia,0
Donor_Cage_04,Donor_02,Donor,Fall,Rock,Potomac_River ,Attenella,0
Donor_Cage_04,Donor_02,Donor,Fall,Rock,Potomac_River ,Entomobryidae,0
Donor_Cage_04,Donor_02,Donor,Fall,Rock,Potomac_River ,Heptageniidae,0
Donor_Cage_04,Donor_02,Donor,Fall,Rock,Potomac_River ,Aeshna,0
Donor_Cage_04,Donor_02,Donor,Fall,Rock,Potomac_River ,Crambidae,0
Donor_Cage_04,Donor_02,Donor,Fall,Rock,Potomac_River ,Teloganopsis,0
Donor_Cage_04,Donor_02,Donor,Fall,Rock,Potomac_River ,Leptoceridae,0
Donor_Cage_04,Donor_02,Donor,Fall,Rock,Potomac_River ,Pycnopsyche,0
Donor_Cage_04,Donor_02,Donor,Fall,Rock,Potomac_River ,Triaenodes,0
Donor_Cage_04,Donor_02,Donor,Fall,Rock,Potomac_River ,Serratella,0
Donor_Cage_04,Donor_02,Donor,Fall,Rock,Potomac_River ,Optioservus,0
Donor_Cage_04,Donor_02,Donor,Fall,Rock,Potomac_River ,Hydrachnidia,0
Donor_Cage_04,Donor_02,Donor,Fall,Rock,Potomac_River ,Polymitarcyidae,0
Donor_Cage_04,Donor_02,Donor,Fall,Rock,Potomac_River ,Cambarus,0
Donor_Cage_04,Donor_02,Donor,Fall,Rock,Potomac_River ,Ancyronyx,0
Donor_Cage_04,Donor_02,Donor,Fall,Rock,Potomac_River ,Gammarus,0
Donor_Cage_04,Donor_02,Donor,Fall,Rock,Potomac_River ,Neoperla,0
Donor_Cage_05,Donor_02,Donor,Fall,Leaf,Potomac_River ,Allocapnia,140
Donor_Cage_05,Donor_02,Donor,Fall,Leaf,Potomac_River ,Maccaffertium,1
Donor_Cage_05,Donor_02,Donor,Fall,Leaf,Potomac_River ,Chironomidae,58
Donor_Cage_05,Donor_02,Donor,Fall,Leaf,Potomac_River ,Tipula,3
Donor_Cage_05,Donor_02,Donor,Fall,Leaf,Potomac_River ,Dolophilodes,1
Donor_Cage_05,Donor_02,Donor,Fall,Leaf,Potomac_River ,Cheumatopsyche,0
Donor_Cage_05,Donor_02,Donor,Fall,Leaf,Potomac_River ,Isonychia,0
Donor_Cage_05,Donor_02,Donor,Fall,Leaf,Potomac_River ,Plectrocnemia,0
Donor_Cage_05,Donor_02,Donor,Fall,Leaf,Potomac_River ,Chimarra,0
Donor_Cage_05,Donor_02,Donor,Fall,Leaf,Potomac_River ,Nigronia,0
Donor_Cage_05,Donor_02,Donor,Fall,Leaf,Potomac_River ,Ameletus,0
Donor_Cage_05,Donor_02,Donor,Fall,Leaf,Potomac_River ,Diplectrona,0
Donor_Cage_05,Donor_02,Donor,Fall,Leaf,Potomac_River ,Eccoptura,0
Donor_Cage_05,Donor_02,Donor,Fall,Leaf,Potomac_River ,Hydropsyche,0
Donor_Cage_05,Donor_02,Donor,Fall,Leaf,Potomac_River ,Baetisca,0
Donor_Cage_05,Donor_02,Donor,Fall,Leaf,Potomac_River ,Simulium,0
Donor_Cage_05,Donor_02,Donor,Fall,Leaf,Potomac_River ,Isoperla,0
Donor_Cage_05,Donor_02,Donor,Fall,Leaf,Potomac_River ,Dixa,0
Donor_Cage_05,Donor_02,Donor,Fall,Leaf,Potomac_River ,Tropisternus,0
Donor_Cage_05,Donor_02,Donor,Fall,Leaf,Potomac_River ,Anchytarsus,0
Donor_Cage_05,Donor_02,Donor,Fall,Leaf,Potomac_River ,Psilotreta,0
Donor_Cage_05,Donor_02,Donor,Fall,Leaf,Potomac_River ,Dubiraphia,0
Donor_Cage_05,Donor_02,Donor,Fall,Leaf,Potomac_River ,Ptilostomis,0
Donor_Cage_05,Donor_02,Donor,Fall,Leaf,Potomac_River ,Calopteryx,0
Donor_Cage_05,Donor_02,Donor,Fall,Leaf,Potomac_River ,Molanna,0
Donor_Cage_05,Donor_02,Donor,Fall,Leaf,Potomac_River ,Boyeria,0
Donor_Cage_05,Donor_02,Donor,Fall,Leaf,Potomac_River ,Leptophlebia,0
Donor_Cage_05,Donor_02,Donor,Fall,Leaf,Potomac_River ,Nyctiophylax,0
Donor_Cage_05,Donor_02,Donor,Fall,Leaf,Potomac_River ,Argia,0
Donor_Cage_05,Donor_02,Donor,Fall,Leaf,Potomac_River ,Rhyacophila,0
Donor_Cage_05,Donor_02,Donor,Fall,Leaf,Potomac_River ,Probezzia,0
Donor_Cage_05,Donor_02,Donor,Fall,Leaf,Potomac_River ,Neureclipsis,0
Donor_Cage_05,Donor_02,Donor,Fall,Leaf,Potomac_River ,Eurylophella,0
Donor_Cage_05,Donor_02,Donor,Fall,Leaf,Potomac_River ,Glossosoma,0
Donor_Cage_05,Donor_02,Donor,Fall,Leaf,Potomac_River ,Rhagovelia,0
Donor_Cage_05,Donor_02,Donor,Fall,Leaf,Potomac_River ,Neophylax,0
Donor_Cage_05,Donor_02,Donor,Fall,Leaf,Potomac_River ,Microvelia,0
Donor_Cage_05,Donor_02,Donor,Fall,Leaf,Potomac_River ,Hydatophylax,0
Donor_Cage_05,Donor_02,Donor,Fall,Leaf,Potomac_River ,Antocha,0
Donor_Cage_05,Donor_02,Donor,Fall,Leaf,Potomac_River ,Lepidostoma,0
Donor_Cage_05,Donor_02,Donor,Fall,Leaf,Potomac_River ,Baetis,0
Donor_Cage_05,Donor_02,Donor,Fall,Leaf,Potomac_River ,Oecetis,0
Donor_Cage_05,Donor_02,Donor,Fall,Leaf,Potomac_River ,Ironoquia,0
Donor_Cage_05,Donor_02,Donor,Fall,Leaf,Potomac_River ,Timpanoga,0
Donor_Cage_05,Donor_02,Donor,Fall,Leaf,Potomac_River ,Polycentropus,0
Donor_Cage_05,Donor_02,Donor,Fall,Leaf,Potomac_River ,Amphinemura,0
Donor_Cage_05,Donor_02,Donor,Fall,Leaf,Potomac_River ,Penelomax,0
Donor_Cage_05,Donor_02,Donor,Fall,Leaf,Potomac_River ,Ephemerella,0
Donor_Cage_05,Donor_02,Donor,Fall,Leaf,Potomac_River ,Hemerodromia,0
Donor_Cage_05,Donor_02,Donor,Fall,Leaf,Potomac_River ,Shipsa,0
Donor_Cage_05,Donor_02,Donor,Fall,Leaf,Potomac_River ,Helichus,0
Donor_Cage_05,Donor_02,Donor,Fall,Leaf,Potomac_River ,Neoleptophlebia,0
Donor_Cage_05,Donor_02,Donor,Fall,Leaf,Potomac_River ,Attenella,0
Donor_Cage_05,Donor_02,Donor,Fall,Leaf,Potomac_River ,Entomobryidae,0
Donor_Cage_05,Donor_02,Donor,Fall,Leaf,Potomac_River ,Heptageniidae,0
Donor_Cage_05,Donor_02,Donor,Fall,Leaf,Potomac_River ,Aeshna,0
Donor_Cage_05,Donor_02,Donor,Fall,Leaf,Potomac_River ,Crambidae,0
Donor_Cage_05,Donor_02,Donor,Fall,Leaf,Potomac_River ,Teloganopsis,0
Donor_Cage_05,Donor_02,Donor,Fall,Leaf,Potomac_River ,Leptoceridae,0
Donor_Cage_05,Donor_02,Donor,Fall,Leaf,Potomac_River ,Pycnopsyche,0
Donor_Cage_05,Donor_02,Donor,Fall,Leaf,Potomac_River ,Triaenodes,0
Donor_Cage_05,Donor_02,Donor,Fall,Leaf,Potomac_River ,Serratella,0
Donor_Cage_05,Donor_02,Donor,Fall,Leaf,Potomac_River ,Optioservus,0
Donor_Cage_05,Donor_02,Donor,Fall,Leaf,Potomac_River ,Hydrachnidia,0
Donor_Cage_05,Donor_02,Donor,Fall,Leaf,Potomac_River ,Polymitarcyidae,0
Donor_Cage_05,Donor_02,Donor,Fall,Leaf,Potomac_River ,Cambarus,0
Donor_Cage_05,Donor_02,Donor,Fall,Leaf,Potomac_River ,Ancyronyx,0
Donor_Cage_05,Donor_02,Donor,Fall,Leaf,Potomac_River ,Gammarus,0
Donor_Cage_05,Donor_02,Donor,Fall,Leaf,Potomac_River ,Neoperla,0
Donor_Cage_05,Donor_02,Donor,Fall,Rock,Potomac_River ,Allocapnia,124
Donor_Cage_05,Donor_02,Donor,Fall,Rock,Potomac_River ,Maccaffertium,0
Donor_Cage_05,Donor_02,Donor,Fall,Rock,Potomac_River ,Chironomidae,55
Donor_Cage_05,Donor_02,Donor,Fall,Rock,Potomac_River ,Tipula,2
Donor_Cage_05,Donor_02,Donor,Fall,Rock,Potomac_River ,Dolophilodes,1
Donor_Cage_05,Donor_02,Donor,Fall,Rock,Potomac_River ,Cheumatopsyche,0
Donor_Cage_05,Donor_02,Donor,Fall,Rock,Potomac_River ,Isonychia,1
Donor_Cage_05,Donor_02,Donor,Fall,Rock,Potomac_River ,Plectrocnemia,0
Donor_Cage_05,Donor_02,Donor,Fall,Rock,Potomac_River ,Chimarra,3
Donor_Cage_05,Donor_02,Donor,Fall,Rock,Potomac_River ,Nigronia,0
Donor_Cage_05,Donor_02,Donor,Fall,Rock,Potomac_River ,Ameletus,1
Donor_Cage_05,Donor_02,Donor,Fall,Rock,Potomac_River ,Diplectrona,0
Donor_Cage_05,Donor_02,Donor,Fall,Rock,Potomac_River ,Eccoptura,0
Donor_Cage_05,Donor_02,Donor,Fall,Rock,Potomac_River ,Hydropsyche,0
Donor_Cage_05,Donor_02,Donor,Fall,Rock,Potomac_River ,Baetisca,0
Donor_Cage_05,Donor_02,Donor,Fall,Rock,Potomac_River ,Simulium,0
Donor_Cage_05,Donor_02,Donor,Fall,Rock,Potomac_River ,Isoperla,0
Donor_Cage_05,Donor_02,Donor,Fall,Rock,Potomac_River ,Dixa,0
Donor_Cage_05,Donor_02,Donor,Fall,Rock,Potomac_River ,Tropisternus,0
Donor_Cage_05,Donor_02,Donor,Fall,Rock,Potomac_River ,Anchytarsus,0
Donor_Cage_05,Donor_02,Donor,Fall,Rock,Potomac_River ,Psilotreta,0
Donor_Cage_05,Donor_02,Donor,Fall,Rock,Potomac_River ,Dubiraphia,0
Donor_Cage_05,Donor_02,Donor,Fall,Rock,Potomac_River ,Ptilostomis,0
Donor_Cage_05,Donor_02,Donor,Fall,Rock,Potomac_River ,Calopteryx,0
Donor_Cage_05,Donor_02,Donor,Fall,Rock,Potomac_River ,Molanna,0
Donor_Cage_05,Donor_02,Donor,Fall,Rock,Potomac_River ,Boyeria,0
Donor_Cage_05,Donor_02,Donor,Fall,Rock,Potomac_River ,Leptophlebia,0
Donor_Cage_05,Donor_02,Donor,Fall,Rock,Potomac_River ,Nyctiophylax,0
Donor_Cage_05,Donor_02,Donor,Fall,Rock,Potomac_River ,Argia,0
Donor_Cage_05,Donor_02,Donor,Fall,Rock,Potomac_River ,Rhyacophila,0
Donor_Cage_05,Donor_02,Donor,Fall,Rock,Potomac_River ,Probezzia,0
Donor_Cage_05,Donor_02,Donor,Fall,Rock,Potomac_River ,Neureclipsis,0
Donor_Cage_05,Donor_02,Donor,Fall,Rock,Potomac_River ,Eurylophella,0
Donor_Cage_05,Donor_02,Donor,Fall,Rock,Potomac_River ,Glossosoma,0
Donor_Cage_05,Donor_02,Donor,Fall,Rock,Potomac_River ,Rhagovelia,0
Donor_Cage_05,Donor_02,Donor,Fall,Rock,Potomac_River ,Neophylax,0
Donor_Cage_05,Donor_02,Donor,Fall,Rock,Potomac_River ,Microvelia,0
Donor_Cage_05,Donor_02,Donor,Fall,Rock,Potomac_River ,Hydatophylax,0
Donor_Cage_05,Donor_02,Donor,Fall,Rock,Potomac_River ,Antocha,0
Donor_Cage_05,Donor_02,Donor,Fall,Rock,Potomac_River ,Lepidostoma,0
Donor_Cage_05,Donor_02,Donor,Fall,Rock,Potomac_River ,Baetis,0
Donor_Cage_05,Donor_02,Donor,Fall,Rock,Potomac_River ,Oecetis,0
Donor_Cage_05,Donor_02,Donor,Fall,Rock,Potomac_River ,Ironoquia,0
Donor_Cage_05,Donor_02,Donor,Fall,Rock,Potomac_River ,Timpanoga,0
Donor_Cage_05,Donor_02,Donor,Fall,Rock,Potomac_River ,Polycentropus,0
Donor_Cage_05,Donor_02,Donor,Fall,Rock,Potomac_River ,Amphinemura,0
Donor_Cage_05,Donor_02,Donor,Fall,Rock,Potomac_River ,Penelomax,0
Donor_Cage_05,Donor_02,Donor,Fall,Rock,Potomac_River ,Ephemerella,0
Donor_Cage_05,Donor_02,Donor,Fall,Rock,Potomac_River ,Hemerodromia,0
Donor_Cage_05,Donor_02,Donor,Fall,Rock,Potomac_River ,Shipsa,0
Donor_Cage_05,Donor_02,Donor,Fall,Rock,Potomac_River ,Helichus,0
Donor_Cage_05,Donor_02,Donor,Fall,Rock,Potomac_River ,Neoleptophlebia,0
Donor_Cage_05,Donor_02,Donor,Fall,Rock,Potomac_River ,Attenella,0
Donor_Cage_05,Donor_02,Donor,Fall,Rock,Potomac_River ,Entomobryidae,0
Donor_Cage_05,Donor_02,Donor,Fall,Rock,Potomac_River ,Heptageniidae,0
Donor_Cage_05,Donor_02,Donor,Fall,Rock,Potomac_River ,Aeshna,0
Donor_Cage_05,Donor_02,Donor,Fall,Rock,Potomac_River ,Crambidae,0
Donor_Cage_05,Donor_02,Donor,Fall,Rock,Potomac_River ,Teloganopsis,0
Donor_Cage_05,Donor_02,Donor,Fall,Rock,Potomac_River ,Leptoceridae,0
Donor_Cage_05,Donor_02,Donor,Fall,Rock,Potomac_River ,Pycnopsyche,0
Donor_Cage_05,Donor_02,Donor,Fall,Rock,Potomac_River ,Triaenodes,0
Donor_Cage_05,Donor_02,Donor,Fall,Rock,Potomac_River ,Serratella,0
Donor_Cage_05,Donor_02,Donor,Fall,Rock,Potomac_River ,Optioservus,0
Donor_Cage_05,Donor_02,Donor,Fall,Rock,Potomac_River ,Hydrachnidia,0
Donor_Cage_05,Donor_02,Donor,Fall,Rock,Potomac_River ,Polymitarcyidae,0
Donor_Cage_05,Donor_02,Donor,Fall,Rock,Potomac_River ,Cambarus,0
Donor_Cage_05,Donor_02,Donor,Fall,Rock,Potomac_River ,Ancyronyx,0
Donor_Cage_05,Donor_02,Donor,Fall,Rock,Potomac_River ,Gammarus,0
Donor_Cage_05,Donor_02,Donor,Fall,Rock,Potomac_River ,Neoperla,0
Donor_Cage_06,Donor_11,Donor,Fall,Leaf,Little_Patuxent,Allocapnia,16
Donor_Cage_06,Donor_11,Donor,Fall,Leaf,Little_Patuxent,Maccaffertium,1
Donor_Cage_06,Donor_11,Donor,Fall,Leaf,Little_Patuxent,Chironomidae,45
Donor_Cage_06,Donor_11,Donor,Fall,Leaf,Little_Patuxent,Tipula,1
Donor_Cage_06,Donor_11,Donor,Fall,Leaf,Little_Patuxent,Dolophilodes,0
Donor_Cage_06,Donor_11,Donor,Fall,Leaf,Little_Patuxent,Cheumatopsyche,9
Donor_Cage_06,Donor_11,Donor,Fall,Leaf,Little_Patuxent,Isonychia,0
Donor_Cage_06,Donor_11,Donor,Fall,Leaf,Little_Patuxent,Plectrocnemia,0
Donor_Cage_06,Donor_11,Donor,Fall,Leaf,Little_Patuxent,Chimarra,0
Donor_Cage_06,Donor_11,Donor,Fall,Leaf,Little_Patuxent,Nigronia,0
Donor_Cage_06,Donor_11,Donor,Fall,Leaf,Little_Patuxent,Ameletus,0
Donor_Cage_06,Donor_11,Donor,Fall,Leaf,Little_Patuxent,Diplectrona,0
Donor_Cage_06,Donor_11,Donor,Fall,Leaf,Little_Patuxent,Eccoptura,0
Donor_Cage_06,Donor_11,Donor,Fall,Leaf,Little_Patuxent,Hydropsyche,0
Donor_Cage_06,Donor_11,Donor,Fall,Leaf,Little_Patuxent,Baetisca,0
Donor_Cage_06,Donor_11,Donor,Fall,Leaf,Little_Patuxent,Simulium,0
Donor_Cage_06,Donor_11,Donor,Fall,Leaf,Little_Patuxent,Isoperla,0
Donor_Cage_06,Donor_11,Donor,Fall,Leaf,Little_Patuxent,Dixa,0
Donor_Cage_06,Donor_11,Donor,Fall,Leaf,Little_Patuxent,Tropisternus,0
Donor_Cage_06,Donor_11,Donor,Fall,Leaf,Little_Patuxent,Anchytarsus,18
Donor_Cage_06,Donor_11,Donor,Fall,Leaf,Little_Patuxent,Psilotreta,5
Donor_Cage_06,Donor_11,Donor,Fall,Leaf,Little_Patuxent,Dubiraphia,1
Donor_Cage_06,Donor_11,Donor,Fall,Leaf,Little_Patuxent,Ptilostomis,1
Donor_Cage_06,Donor_11,Donor,Fall,Leaf,Little_Patuxent,Calopteryx,0
Donor_Cage_06,Donor_11,Donor,Fall,Leaf,Little_Patuxent,Molanna,0
Donor_Cage_06,Donor_11,Donor,Fall,Leaf,Little_Patuxent,Boyeria,0
Donor_Cage_06,Donor_11,Donor,Fall,Leaf,Little_Patuxent,Leptophlebia,0
Donor_Cage_06,Donor_11,Donor,Fall,Leaf,Little_Patuxent,Nyctiophylax,0
Donor_Cage_06,Donor_11,Donor,Fall,Leaf,Little_Patuxent,Argia,0
Donor_Cage_06,Donor_11,Donor,Fall,Leaf,Little_Patuxent,Rhyacophila,0
Donor_Cage_06,Donor_11,Donor,Fall,Leaf,Little_Patuxent,Probezzia,0
Donor_Cage_06,Donor_11,Donor,Fall,Leaf,Little_Patuxent,Neureclipsis,0
Donor_Cage_06,Donor_11,Donor,Fall,Leaf,Little_Patuxent,Eurylophella,0
Donor_Cage_06,Donor_11,Donor,Fall,Leaf,Little_Patuxent,Glossosoma,0
Donor_Cage_06,Donor_11,Donor,Fall,Leaf,Little_Patuxent,Rhagovelia,0
Donor_Cage_06,Donor_11,Donor,Fall,Leaf,Little_Patuxent,Neophylax,0
Donor_Cage_06,Donor_11,Donor,Fall,Leaf,Little_Patuxent,Microvelia,0
Donor_Cage_06,Donor_11,Donor,Fall,Leaf,Little_Patuxent,Hydatophylax,0
Donor_Cage_06,Donor_11,Donor,Fall,Leaf,Little_Patuxent,Antocha,0
Donor_Cage_06,Donor_11,Donor,Fall,Leaf,Little_Patuxent,Lepidostoma,0
Donor_Cage_06,Donor_11,Donor,Fall,Leaf,Little_Patuxent,Baetis,0
Donor_Cage_06,Donor_11,Donor,Fall,Leaf,Little_Patuxent,Oecetis,0
Donor_Cage_06,Donor_11,Donor,Fall,Leaf,Little_Patuxent,Ironoquia,0
Donor_Cage_06,Donor_11,Donor,Fall,Leaf,Little_Patuxent,Timpanoga,0
Donor_Cage_06,Donor_11,Donor,Fall,Leaf,Little_Patuxent,Polycentropus,0
Donor_Cage_06,Donor_11,Donor,Fall,Leaf,Little_Patuxent,Amphinemura,0
Donor_Cage_06,Donor_11,Donor,Fall,Leaf,Little_Patuxent,Penelomax,0
Donor_Cage_06,Donor_11,Donor,Fall,Leaf,Little_Patuxent,Ephemerella,0
Donor_Cage_06,Donor_11,Donor,Fall,Leaf,Little_Patuxent,Hemerodromia,0
Donor_Cage_06,Donor_11,Donor,Fall,Leaf,Little_Patuxent,Shipsa,0
Donor_Cage_06,Donor_11,Donor,Fall,Leaf,Little_Patuxent,Helichus,0
Donor_Cage_06,Donor_11,Donor,Fall,Leaf,Little_Patuxent,Neoleptophlebia,0
Donor_Cage_06,Donor_11,Donor,Fall,Leaf,Little_Patuxent,Attenella,0
Donor_Cage_06,Donor_11,Donor,Fall,Leaf,Little_Patuxent,Entomobryidae,0
Donor_Cage_06,Donor_11,Donor,Fall,Leaf,Little_Patuxent,Heptageniidae,0
Donor_Cage_06,Donor_11,Donor,Fall,Leaf,Little_Patuxent,Aeshna,0
Donor_Cage_06,Donor_11,Donor,Fall,Leaf,Little_Patuxent,Crambidae,0
Donor_Cage_06,Donor_11,Donor,Fall,Leaf,Little_Patuxent,Teloganopsis,0
Donor_Cage_06,Donor_11,Donor,Fall,Leaf,Little_Patuxent,Leptoceridae,0
Donor_Cage_06,Donor_11,Donor,Fall,Leaf,Little_Patuxent,Pycnopsyche,0
Donor_Cage_06,Donor_11,Donor,Fall,Leaf,Little_Patuxent,Triaenodes,0
Donor_Cage_06,Donor_11,Donor,Fall,Leaf,Little_Patuxent,Serratella,0
Donor_Cage_06,Donor_11,Donor,Fall,Leaf,Little_Patuxent,Optioservus,0
Donor_Cage_06,Donor_11,Donor,Fall,Leaf,Little_Patuxent,Hydrachnidia,0
Donor_Cage_06,Donor_11,Donor,Fall,Leaf,Little_Patuxent,Polymitarcyidae,0
Donor_Cage_06,Donor_11,Donor,Fall,Leaf,Little_Patuxent,Cambarus,0
Donor_Cage_06,Donor_11,Donor,Fall,Leaf,Little_Patuxent,Ancyronyx,0
Donor_Cage_06,Donor_11,Donor,Fall,Leaf,Little_Patuxent,Gammarus,0
Donor_Cage_06,Donor_11,Donor,Fall,Leaf,Little_Patuxent,Neoperla,0
Donor_Cage_06,Donor_11,Donor,Fall,Rock,Little_Patuxent,Allocapnia,0
Donor_Cage_06,Donor_11,Donor,Fall,Rock,Little_Patuxent,Maccaffertium,0
Donor_Cage_06,Donor_11,Donor,Fall,Rock,Little_Patuxent,Chironomidae,2
Donor_Cage_06,Donor_11,Donor,Fall,Rock,Little_Patuxent,Tipula,0
Donor_Cage_06,Donor_11,Donor,Fall,Rock,Little_Patuxent,Dolophilodes,0
Donor_Cage_06,Donor_11,Donor,Fall,Rock,Little_Patuxent,Cheumatopsyche,7
Donor_Cage_06,Donor_11,Donor,Fall,Rock,Little_Patuxent,Isonychia,0
Donor_Cage_06,Donor_11,Donor,Fall,Rock,Little_Patuxent,Plectrocnemia,0
Donor_Cage_06,Donor_11,Donor,Fall,Rock,Little_Patuxent,Chimarra,0
Donor_Cage_06,Donor_11,Donor,Fall,Rock,Little_Patuxent,Nigronia,0
Donor_Cage_06,Donor_11,Donor,Fall,Rock,Little_Patuxent,Ameletus,0
Donor_Cage_06,Donor_11,Donor,Fall,Rock,Little_Patuxent,Diplectrona,0
Donor_Cage_06,Donor_11,Donor,Fall,Rock,Little_Patuxent,Eccoptura,0
Donor_Cage_06,Donor_11,Donor,Fall,Rock,Little_Patuxent,Hydropsyche,11
Donor_Cage_06,Donor_11,Donor,Fall,Rock,Little_Patuxent,Baetisca,0
Donor_Cage_06,Donor_11,Donor,Fall,Rock,Little_Patuxent,Simulium,0
Donor_Cage_06,Donor_11,Donor,Fall,Rock,Little_Patuxent,Isoperla,0
Donor_Cage_06,Donor_11,Donor,Fall,Rock,Little_Patuxent,Dixa,0
Donor_Cage_06,Donor_11,Donor,Fall,Rock,Little_Patuxent,Tropisternus,0
Donor_Cage_06,Donor_11,Donor,Fall,Rock,Little_Patuxent,Anchytarsus,26
Donor_Cage_06,Donor_11,Donor,Fall,Rock,Little_Patuxent,Psilotreta,0
Donor_Cage_06,Donor_11,Donor,Fall,Rock,Little_Patuxent,Dubiraphia,0
Donor_Cage_06,Donor_11,Donor,Fall,Rock,Little_Patuxent,Ptilostomis,0
Donor_Cage_06,Donor_11,Donor,Fall,Rock,Little_Patuxent,Calopteryx,1
Donor_Cage_06,Donor_11,Donor,Fall,Rock,Little_Patuxent,Molanna,1
Donor_Cage_06,Donor_11,Donor,Fall,Rock,Little_Patuxent,Boyeria,0
Donor_Cage_06,Donor_11,Donor,Fall,Rock,Little_Patuxent,Leptophlebia,0
Donor_Cage_06,Donor_11,Donor,Fall,Rock,Little_Patuxent,Nyctiophylax,0
Donor_Cage_06,Donor_11,Donor,Fall,Rock,Little_Patuxent,Argia,0
Donor_Cage_06,Donor_11,Donor,Fall,Rock,Little_Patuxent,Rhyacophila,0
Donor_Cage_06,Donor_11,Donor,Fall,Rock,Little_Patuxent,Probezzia,0
Donor_Cage_06,Donor_11,Donor,Fall,Rock,Little_Patuxent,Neureclipsis,0
Donor_Cage_06,Donor_11,Donor,Fall,Rock,Little_Patuxent,Eurylophella,0
Donor_Cage_06,Donor_11,Donor,Fall,Rock,Little_Patuxent,Glossosoma,0
Donor_Cage_06,Donor_11,Donor,Fall,Rock,Little_Patuxent,Rhagovelia,0
Donor_Cage_06,Donor_11,Donor,Fall,Rock,Little_Patuxent,Neophylax,0
Donor_Cage_06,Donor_11,Donor,Fall,Rock,Little_Patuxent,Microvelia,0
Donor_Cage_06,Donor_11,Donor,Fall,Rock,Little_Patuxent,Hydatophylax,0
Donor_Cage_06,Donor_11,Donor,Fall,Rock,Little_Patuxent,Antocha,0
Donor_Cage_06,Donor_11,Donor,Fall,Rock,Little_Patuxent,Lepidostoma,0
Donor_Cage_06,Donor_11,Donor,Fall,Rock,Little_Patuxent,Baetis,0
Donor_Cage_06,Donor_11,Donor,Fall,Rock,Little_Patuxent,Oecetis,0
Donor_Cage_06,Donor_11,Donor,Fall,Rock,Little_Patuxent,Ironoquia,0
Donor_Cage_06,Donor_11,Donor,Fall,Rock,Little_Patuxent,Timpanoga,0
Donor_Cage_06,Donor_11,Donor,Fall,Rock,Little_Patuxent,Polycentropus,0
Donor_Cage_06,Donor_11,Donor,Fall,Rock,Little_Patuxent,Amphinemura,0
Donor_Cage_06,Donor_11,Donor,Fall,Rock,Little_Patuxent,Penelomax,0
Donor_Cage_06,Donor_11,Donor,Fall,Rock,Little_Patuxent,Ephemerella,0
Donor_Cage_06,Donor_11,Donor,Fall,Rock,Little_Patuxent,Hemerodromia,0
Donor_Cage_06,Donor_11,Donor,Fall,Rock,Little_Patuxent,Shipsa,0
Donor_Cage_06,Donor_11,Donor,Fall,Rock,Little_Patuxent,Helichus,0
Donor_Cage_06,Donor_11,Donor,Fall,Rock,Little_Patuxent,Neoleptophlebia,0
Donor_Cage_06,Donor_11,Donor,Fall,Rock,Little_Patuxent,Attenella,0
Donor_Cage_06,Donor_11,Donor,Fall,Rock,Little_Patuxent,Entomobryidae,0
Donor_Cage_06,Donor_11,Donor,Fall,Rock,Little_Patuxent,Heptageniidae,0
Donor_Cage_06,Donor_11,Donor,Fall,Rock,Little_Patuxent,Aeshna,0
Donor_Cage_06,Donor_11,Donor,Fall,Rock,Little_Patuxent,Crambidae,0
Donor_Cage_06,Donor_11,Donor,Fall,Rock,Little_Patuxent,Teloganopsis,0
Donor_Cage_06,Donor_11,Donor,Fall,Rock,Little_Patuxent,Leptoceridae,0
Donor_Cage_06,Donor_11,Donor,Fall,Rock,Little_Patuxent,Pycnopsyche,0
Donor_Cage_06,Donor_11,Donor,Fall,Rock,Little_Patuxent,Triaenodes,0
Donor_Cage_06,Donor_11,Donor,Fall,Rock,Little_Patuxent,Serratella,0
Donor_Cage_06,Donor_11,Donor,Fall,Rock,Little_Patuxent,Optioservus,0
Donor_Cage_06,Donor_11,Donor,Fall,Rock,Little_Patuxent,Hydrachnidia,0
Donor_Cage_06,Donor_11,Donor,Fall,Rock,Little_Patuxent,Polymitarcyidae,0
Donor_Cage_06,Donor_11,Donor,Fall,Rock,Little_Patuxent,Cambarus,0
Donor_Cage_06,Donor_11,Donor,Fall,Rock,Little_Patuxent,Ancyronyx,0
Donor_Cage_06,Donor_11,Donor,Fall,Rock,Little_Patuxent,Gammarus,0
Donor_Cage_06,Donor_11,Donor,Fall,Rock,Little_Patuxent,Neoperla,0
Donor_Cage_07,Donor_11,Donor,Fall,Leaf,Little_Patuxent,Allocapnia,12
Donor_Cage_07,Donor_11,Donor,Fall,Leaf,Little_Patuxent,Maccaffertium,2
Donor_Cage_07,Donor_11,Donor,Fall,Leaf,Little_Patuxent,Chironomidae,73
Donor_Cage_07,Donor_11,Donor,Fall,Leaf,Little_Patuxent,Tipula,9
Donor_Cage_07,Donor_11,Donor,Fall,Leaf,Little_Patuxent,Dolophilodes,0
Donor_Cage_07,Donor_11,Donor,Fall,Leaf,Little_Patuxent,Cheumatopsyche,19
Donor_Cage_07,Donor_11,Donor,Fall,Leaf,Little_Patuxent,Isonychia,0
Donor_Cage_07,Donor_11,Donor,Fall,Leaf,Little_Patuxent,Plectrocnemia,0
Donor_Cage_07,Donor_11,Donor,Fall,Leaf,Little_Patuxent,Chimarra,33
Donor_Cage_07,Donor_11,Donor,Fall,Leaf,Little_Patuxent,Nigronia,0
Donor_Cage_07,Donor_11,Donor,Fall,Leaf,Little_Patuxent,Ameletus,0
Donor_Cage_07,Donor_11,Donor,Fall,Leaf,Little_Patuxent,Diplectrona,7
Donor_Cage_07,Donor_11,Donor,Fall,Leaf,Little_Patuxent,Eccoptura,0
Donor_Cage_07,Donor_11,Donor,Fall,Leaf,Little_Patuxent,Hydropsyche,7
Donor_Cage_07,Donor_11,Donor,Fall,Leaf,Little_Patuxent,Baetisca,0
Donor_Cage_07,Donor_11,Donor,Fall,Leaf,Little_Patuxent,Simulium,0
Donor_Cage_07,Donor_11,Donor,Fall,Leaf,Little_Patuxent,Isoperla,0
Donor_Cage_07,Donor_11,Donor,Fall,Leaf,Little_Patuxent,Dixa,0
Donor_Cage_07,Donor_11,Donor,Fall,Leaf,Little_Patuxent,Tropisternus,1
Donor_Cage_07,Donor_11,Donor,Fall,Leaf,Little_Patuxent,Anchytarsus,1
Donor_Cage_07,Donor_11,Donor,Fall,Leaf,Little_Patuxent,Psilotreta,2
Donor_Cage_07,Donor_11,Donor,Fall,Leaf,Little_Patuxent,Dubiraphia,0
Donor_Cage_07,Donor_11,Donor,Fall,Leaf,Little_Patuxent,Ptilostomis,0
Donor_Cage_07,Donor_11,Donor,Fall,Leaf,Little_Patuxent,Calopteryx,1
Donor_Cage_07,Donor_11,Donor,Fall,Leaf,Little_Patuxent,Molanna,0
Donor_Cage_07,Donor_11,Donor,Fall,Leaf,Little_Patuxent,Boyeria,0
Donor_Cage_07,Donor_11,Donor,Fall,Leaf,Little_Patuxent,Leptophlebia,0
Donor_Cage_07,Donor_11,Donor,Fall,Leaf,Little_Patuxent,Nyctiophylax,0
Donor_Cage_07,Donor_11,Donor,Fall,Leaf,Little_Patuxent,Argia,0
Donor_Cage_07,Donor_11,Donor,Fall,Leaf,Little_Patuxent,Rhyacophila,0
Donor_Cage_07,Donor_11,Donor,Fall,Leaf,Little_Patuxent,Probezzia,0
Donor_Cage_07,Donor_11,Donor,Fall,Leaf,Little_Patuxent,Neureclipsis,0
Donor_Cage_07,Donor_11,Donor,Fall,Leaf,Little_Patuxent,Eurylophella,0
Donor_Cage_07,Donor_11,Donor,Fall,Leaf,Little_Patuxent,Glossosoma,0
Donor_Cage_07,Donor_11,Donor,Fall,Leaf,Little_Patuxent,Rhagovelia,0
Donor_Cage_07,Donor_11,Donor,Fall,Leaf,Little_Patuxent,Neophylax,0
Donor_Cage_07,Donor_11,Donor,Fall,Leaf,Little_Patuxent,Microvelia,0
Donor_Cage_07,Donor_11,Donor,Fall,Leaf,Little_Patuxent,Hydatophylax,0
Donor_Cage_07,Donor_11,Donor,Fall,Leaf,Little_Patuxent,Antocha,0
Donor_Cage_07,Donor_11,Donor,Fall,Leaf,Little_Patuxent,Lepidostoma,0
Donor_Cage_07,Donor_11,Donor,Fall,Leaf,Little_Patuxent,Baetis,0
Donor_Cage_07,Donor_11,Donor,Fall,Leaf,Little_Patuxent,Oecetis,0
Donor_Cage_07,Donor_11,Donor,Fall,Leaf,Little_Patuxent,Ironoquia,0
Donor_Cage_07,Donor_11,Donor,Fall,Leaf,Little_Patuxent,Timpanoga,0
Donor_Cage_07,Donor_11,Donor,Fall,Leaf,Little_Patuxent,Polycentropus,0
Donor_Cage_07,Donor_11,Donor,Fall,Leaf,Little_Patuxent,Amphinemura,0
Donor_Cage_07,Donor_11,Donor,Fall,Leaf,Little_Patuxent,Penelomax,0
Donor_Cage_07,Donor_11,Donor,Fall,Leaf,Little_Patuxent,Ephemerella,0
Donor_Cage_07,Donor_11,Donor,Fall,Leaf,Little_Patuxent,Hemerodromia,0
Donor_Cage_07,Donor_11,Donor,Fall,Leaf,Little_Patuxent,Shipsa,0
Donor_Cage_07,Donor_11,Donor,Fall,Leaf,Little_Patuxent,Helichus,0
Donor_Cage_07,Donor_11,Donor,Fall,Leaf,Little_Patuxent,Neoleptophlebia,0
Donor_Cage_07,Donor_11,Donor,Fall,Leaf,Little_Patuxent,Attenella,0
Donor_Cage_07,Donor_11,Donor,Fall,Leaf,Little_Patuxent,Entomobryidae,0
Donor_Cage_07,Donor_11,Donor,Fall,Leaf,Little_Patuxent,Heptageniidae,0
Donor_Cage_07,Donor_11,Donor,Fall,Leaf,Little_Patuxent,Aeshna,0
Donor_Cage_07,Donor_11,Donor,Fall,Leaf,Little_Patuxent,Crambidae,0
Donor_Cage_07,Donor_11,Donor,Fall,Leaf,Little_Patuxent,Teloganopsis,0
Donor_Cage_07,Donor_11,Donor,Fall,Leaf,Little_Patuxent,Leptoceridae,0
Donor_Cage_07,Donor_11,Donor,Fall,Leaf,Little_Patuxent,Pycnopsyche,0
Donor_Cage_07,Donor_11,Donor,Fall,Leaf,Little_Patuxent,Triaenodes,0
Donor_Cage_07,Donor_11,Donor,Fall,Leaf,Little_Patuxent,Serratella,0
Donor_Cage_07,Donor_11,Donor,Fall,Leaf,Little_Patuxent,Optioservus,0
Donor_Cage_07,Donor_11,Donor,Fall,Leaf,Little_Patuxent,Hydrachnidia,0
Donor_Cage_07,Donor_11,Donor,Fall,Leaf,Little_Patuxent,Polymitarcyidae,0
Donor_Cage_07,Donor_11,Donor,Fall,Leaf,Little_Patuxent,Cambarus,0
Donor_Cage_07,Donor_11,Donor,Fall,Leaf,Little_Patuxent,Ancyronyx,0
Donor_Cage_07,Donor_11,Donor,Fall,Leaf,Little_Patuxent,Gammarus,0
Donor_Cage_07,Donor_11,Donor,Fall,Leaf,Little_Patuxent,Neoperla,0
Donor_Cage_07,Donor_11,Donor,Fall,Rock,Little_Patuxent,Allocapnia,0
Donor_Cage_07,Donor_11,Donor,Fall,Rock,Little_Patuxent,Maccaffertium,1
Donor_Cage_07,Donor_11,Donor,Fall,Rock,Little_Patuxent,Chironomidae,42
Donor_Cage_07,Donor_11,Donor,Fall,Rock,Little_Patuxent,Tipula,5
Donor_Cage_07,Donor_11,Donor,Fall,Rock,Little_Patuxent,Dolophilodes,1
Donor_Cage_07,Donor_11,Donor,Fall,Rock,Little_Patuxent,Cheumatopsyche,32
Donor_Cage_07,Donor_11,Donor,Fall,Rock,Little_Patuxent,Isonychia,0
Donor_Cage_07,Donor_11,Donor,Fall,Rock,Little_Patuxent,Plectrocnemia,0
Donor_Cage_07,Donor_11,Donor,Fall,Rock,Little_Patuxent,Chimarra,19
Donor_Cage_07,Donor_11,Donor,Fall,Rock,Little_Patuxent,Nigronia,0
Donor_Cage_07,Donor_11,Donor,Fall,Rock,Little_Patuxent,Ameletus,0
Donor_Cage_07,Donor_11,Donor,Fall,Rock,Little_Patuxent,Diplectrona,1
Donor_Cage_07,Donor_11,Donor,Fall,Rock,Little_Patuxent,Eccoptura,0
Donor_Cage_07,Donor_11,Donor,Fall,Rock,Little_Patuxent,Hydropsyche,22
Donor_Cage_07,Donor_11,Donor,Fall,Rock,Little_Patuxent,Baetisca,0
Donor_Cage_07,Donor_11,Donor,Fall,Rock,Little_Patuxent,Simulium,0
Donor_Cage_07,Donor_11,Donor,Fall,Rock,Little_Patuxent,Isoperla,0
Donor_Cage_07,Donor_11,Donor,Fall,Rock,Little_Patuxent,Dixa,0
Donor_Cage_07,Donor_11,Donor,Fall,Rock,Little_Patuxent,Tropisternus,0
Donor_Cage_07,Donor_11,Donor,Fall,Rock,Little_Patuxent,Anchytarsus,0
Donor_Cage_07,Donor_11,Donor,Fall,Rock,Little_Patuxent,Psilotreta,9
Donor_Cage_07,Donor_11,Donor,Fall,Rock,Little_Patuxent,Dubiraphia,0
Donor_Cage_07,Donor_11,Donor,Fall,Rock,Little_Patuxent,Ptilostomis,0
Donor_Cage_07,Donor_11,Donor,Fall,Rock,Little_Patuxent,Calopteryx,0
Donor_Cage_07,Donor_11,Donor,Fall,Rock,Little_Patuxent,Molanna,0
Donor_Cage_07,Donor_11,Donor,Fall,Rock,Little_Patuxent,Boyeria,0
Donor_Cage_07,Donor_11,Donor,Fall,Rock,Little_Patuxent,Leptophlebia,0
Donor_Cage_07,Donor_11,Donor,Fall,Rock,Little_Patuxent,Nyctiophylax,0
Donor_Cage_07,Donor_11,Donor,Fall,Rock,Little_Patuxent,Argia,0
Donor_Cage_07,Donor_11,Donor,Fall,Rock,Little_Patuxent,Rhyacophila,0
Donor_Cage_07,Donor_11,Donor,Fall,Rock,Little_Patuxent,Probezzia,0
Donor_Cage_07,Donor_11,Donor,Fall,Rock,Little_Patuxent,Neureclipsis,0
Donor_Cage_07,Donor_11,Donor,Fall,Rock,Little_Patuxent,Eurylophella,0
Donor_Cage_07,Donor_11,Donor,Fall,Rock,Little_Patuxent,Glossosoma,0
Donor_Cage_07,Donor_11,Donor,Fall,Rock,Little_Patuxent,Rhagovelia,0
Donor_Cage_07,Donor_11,Donor,Fall,Rock,Little_Patuxent,Neophylax,0
Donor_Cage_07,Donor_11,Donor,Fall,Rock,Little_Patuxent,Microvelia,0
Donor_Cage_07,Donor_11,Donor,Fall,Rock,Little_Patuxent,Hydatophylax,0
Donor_Cage_07,Donor_11,Donor,Fall,Rock,Little_Patuxent,Antocha,0
Donor_Cage_07,Donor_11,Donor,Fall,Rock,Little_Patuxent,Lepidostoma,0
Donor_Cage_07,Donor_11,Donor,Fall,Rock,Little_Patuxent,Baetis,0
Donor_Cage_07,Donor_11,Donor,Fall,Rock,Little_Patuxent,Oecetis,0
Donor_Cage_07,Donor_11,Donor,Fall,Rock,Little_Patuxent,Ironoquia,0
Donor_Cage_07,Donor_11,Donor,Fall,Rock,Little_Patuxent,Timpanoga,0
Donor_Cage_07,Donor_11,Donor,Fall,Rock,Little_Patuxent,Polycentropus,0
Donor_Cage_07,Donor_11,Donor,Fall,Rock,Little_Patuxent,Amphinemura,0
Donor_Cage_07,Donor_11,Donor,Fall,Rock,Little_Patuxent,Penelomax,0
Donor_Cage_07,Donor_11,Donor,Fall,Rock,Little_Patuxent,Ephemerella,0
Donor_Cage_07,Donor_11,Donor,Fall,Rock,Little_Patuxent,Hemerodromia,0
Donor_Cage_07,Donor_11,Donor,Fall,Rock,Little_Patuxent,Shipsa,0
Donor_Cage_07,Donor_11,Donor,Fall,Rock,Little_Patuxent,Helichus,0
Donor_Cage_07,Donor_11,Donor,Fall,Rock,Little_Patuxent,Neoleptophlebia,0
Donor_Cage_07,Donor_11,Donor,Fall,Rock,Little_Patuxent,Attenella,0
Donor_Cage_07,Donor_11,Donor,Fall,Rock,Little_Patuxent,Entomobryidae,0
Donor_Cage_07,Donor_11,Donor,Fall,Rock,Little_Patuxent,Heptageniidae,0
Donor_Cage_07,Donor_11,Donor,Fall,Rock,Little_Patuxent,Aeshna,0
Donor_Cage_07,Donor_11,Donor,Fall,Rock,Little_Patuxent,Crambidae,0
Donor_Cage_07,Donor_11,Donor,Fall,Rock,Little_Patuxent,Teloganopsis,0
Donor_Cage_07,Donor_11,Donor,Fall,Rock,Little_Patuxent,Leptoceridae,0
Donor_Cage_07,Donor_11,Donor,Fall,Rock,Little_Patuxent,Pycnopsyche,0
Donor_Cage_07,Donor_11,Donor,Fall,Rock,Little_Patuxent,Triaenodes,0
Donor_Cage_07,Donor_11,Donor,Fall,Rock,Little_Patuxent,Serratella,0
Donor_Cage_07,Donor_11,Donor,Fall,Rock,Little_Patuxent,Optioservus,0
Donor_Cage_07,Donor_11,Donor,Fall,Rock,Little_Patuxent,Hydrachnidia,0
Donor_Cage_07,Donor_11,Donor,Fall,Rock,Little_Patuxent,Polymitarcyidae,0
Donor_Cage_07,Donor_11,Donor,Fall,Rock,Little_Patuxent,Cambarus,0
Donor_Cage_07,Donor_11,Donor,Fall,Rock,Little_Patuxent,Ancyronyx,0
Donor_Cage_07,Donor_11,Donor,Fall,Rock,Little_Patuxent,Gammarus,0
Donor_Cage_07,Donor_11,Donor,Fall,Rock,Little_Patuxent,Neoperla,0
Donor_Cage_08,Donor_11,Donor,Fall,Leaf,Little_Patuxent,Allocapnia,5
Donor_Cage_08,Donor_11,Donor,Fall,Leaf,Little_Patuxent,Maccaffertium,2
Donor_Cage_08,Donor_11,Donor,Fall,Leaf,Little_Patuxent,Chironomidae,73
Donor_Cage_08,Donor_11,Donor,Fall,Leaf,Little_Patuxent,Tipula,7
Donor_Cage_08,Donor_11,Donor,Fall,Leaf,Little_Patuxent,Dolophilodes,0
Donor_Cage_08,Donor_11,Donor,Fall,Leaf,Little_Patuxent,Cheumatopsyche,43
Donor_Cage_08,Donor_11,Donor,Fall,Leaf,Little_Patuxent,Isonychia,0
Donor_Cage_08,Donor_11,Donor,Fall,Leaf,Little_Patuxent,Plectrocnemia,0
Donor_Cage_08,Donor_11,Donor,Fall,Leaf,Little_Patuxent,Chimarra,18
Donor_Cage_08,Donor_11,Donor,Fall,Leaf,Little_Patuxent,Nigronia,0
Donor_Cage_08,Donor_11,Donor,Fall,Leaf,Little_Patuxent,Ameletus,0
Donor_Cage_08,Donor_11,Donor,Fall,Leaf,Little_Patuxent,Diplectrona,3
Donor_Cage_08,Donor_11,Donor,Fall,Leaf,Little_Patuxent,Eccoptura,0
Donor_Cage_08,Donor_11,Donor,Fall,Leaf,Little_Patuxent,Hydropsyche,1
Donor_Cage_08,Donor_11,Donor,Fall,Leaf,Little_Patuxent,Baetisca,0
Donor_Cage_08,Donor_11,Donor,Fall,Leaf,Little_Patuxent,Simulium,0
Donor_Cage_08,Donor_11,Donor,Fall,Leaf,Little_Patuxent,Isoperla,0
Donor_Cage_08,Donor_11,Donor,Fall,Leaf,Little_Patuxent,Dixa,0
Donor_Cage_08,Donor_11,Donor,Fall,Leaf,Little_Patuxent,Tropisternus,1
Donor_Cage_08,Donor_11,Donor,Fall,Leaf,Little_Patuxent,Anchytarsus,5
Donor_Cage_08,Donor_11,Donor,Fall,Leaf,Little_Patuxent,Psilotreta,5
Donor_Cage_08,Donor_11,Donor,Fall,Leaf,Little_Patuxent,Dubiraphia,0
Donor_Cage_08,Donor_11,Donor,Fall,Leaf,Little_Patuxent,Ptilostomis,0
Donor_Cage_08,Donor_11,Donor,Fall,Leaf,Little_Patuxent,Calopteryx,0
Donor_Cage_08,Donor_11,Donor,Fall,Leaf,Little_Patuxent,Molanna,0
Donor_Cage_08,Donor_11,Donor,Fall,Leaf,Little_Patuxent,Boyeria,1
Donor_Cage_08,Donor_11,Donor,Fall,Leaf,Little_Patuxent,Leptophlebia,1
Donor_Cage_08,Donor_11,Donor,Fall,Leaf,Little_Patuxent,Nyctiophylax,0
Donor_Cage_08,Donor_11,Donor,Fall,Leaf,Little_Patuxent,Argia,0
Donor_Cage_08,Donor_11,Donor,Fall,Leaf,Little_Patuxent,Rhyacophila,0
Donor_Cage_08,Donor_11,Donor,Fall,Leaf,Little_Patuxent,Probezzia,0
Donor_Cage_08,Donor_11,Donor,Fall,Leaf,Little_Patuxent,Neureclipsis,0
Donor_Cage_08,Donor_11,Donor,Fall,Leaf,Little_Patuxent,Eurylophella,0
Donor_Cage_08,Donor_11,Donor,Fall,Leaf,Little_Patuxent,Glossosoma,0
Donor_Cage_08,Donor_11,Donor,Fall,Leaf,Little_Patuxent,Rhagovelia,0
Donor_Cage_08,Donor_11,Donor,Fall,Leaf,Little_Patuxent,Neophylax,0
Donor_Cage_08,Donor_11,Donor,Fall,Leaf,Little_Patuxent,Microvelia,0
Donor_Cage_08,Donor_11,Donor,Fall,Leaf,Little_Patuxent,Hydatophylax,0
Donor_Cage_08,Donor_11,Donor,Fall,Leaf,Little_Patuxent,Antocha,0
Donor_Cage_08,Donor_11,Donor,Fall,Leaf,Little_Patuxent,Lepidostoma,0
Donor_Cage_08,Donor_11,Donor,Fall,Leaf,Little_Patuxent,Baetis,0
Donor_Cage_08,Donor_11,Donor,Fall,Leaf,Little_Patuxent,Oecetis,0
Donor_Cage_08,Donor_11,Donor,Fall,Leaf,Little_Patuxent,Ironoquia,0
Donor_Cage_08,Donor_11,Donor,Fall,Leaf,Little_Patuxent,Timpanoga,0
Donor_Cage_08,Donor_11,Donor,Fall,Leaf,Little_Patuxent,Polycentropus,0
Donor_Cage_08,Donor_11,Donor,Fall,Leaf,Little_Patuxent,Amphinemura,0
Donor_Cage_08,Donor_11,Donor,Fall,Leaf,Little_Patuxent,Penelomax,0
Donor_Cage_08,Donor_11,Donor,Fall,Leaf,Little_Patuxent,Ephemerella,0
Donor_Cage_08,Donor_11,Donor,Fall,Leaf,Little_Patuxent,Hemerodromia,0
Donor_Cage_08,Donor_11,Donor,Fall,Leaf,Little_Patuxent,Shipsa,0
Donor_Cage_08,Donor_11,Donor,Fall,Leaf,Little_Patuxent,Helichus,0
Donor_Cage_08,Donor_11,Donor,Fall,Leaf,Little_Patuxent,Neoleptophlebia,0
Donor_Cage_08,Donor_11,Donor,Fall,Leaf,Little_Patuxent,Attenella,0
Donor_Cage_08,Donor_11,Donor,Fall,Leaf,Little_Patuxent,Entomobryidae,0
Donor_Cage_08,Donor_11,Donor,Fall,Leaf,Little_Patuxent,Heptageniidae,0
Donor_Cage_08,Donor_11,Donor,Fall,Leaf,Little_Patuxent,Aeshna,0
Donor_Cage_08,Donor_11,Donor,Fall,Leaf,Little_Patuxent,Crambidae,0
Donor_Cage_08,Donor_11,Donor,Fall,Leaf,Little_Patuxent,Teloganopsis,0
Donor_Cage_08,Donor_11,Donor,Fall,Leaf,Little_Patuxent,Leptoceridae,0
Donor_Cage_08,Donor_11,Donor,Fall,Leaf,Little_Patuxent,Pycnopsyche,0
Donor_Cage_08,Donor_11,Donor,Fall,Leaf,Little_Patuxent,Triaenodes,0
Donor_Cage_08,Donor_11,Donor,Fall,Leaf,Little_Patuxent,Serratella,0
Donor_Cage_08,Donor_11,Donor,Fall,Leaf,Little_Patuxent,Optioservus,0
Donor_Cage_08,Donor_11,Donor,Fall,Leaf,Little_Patuxent,Hydrachnidia,0
Donor_Cage_08,Donor_11,Donor,Fall,Leaf,Little_Patuxent,Polymitarcyidae,0
Donor_Cage_08,Donor_11,Donor,Fall,Leaf,Little_Patuxent,Cambarus,0
Donor_Cage_08,Donor_11,Donor,Fall,Leaf,Little_Patuxent,Ancyronyx,0
Donor_Cage_08,Donor_11,Donor,Fall,Leaf,Little_Patuxent,Gammarus,0
Donor_Cage_08,Donor_11,Donor,Fall,Leaf,Little_Patuxent,Neoperla,0
Donor_Cage_08,Donor_11,Donor,Fall,Rock,Little_Patuxent,Allocapnia,4
Donor_Cage_08,Donor_11,Donor,Fall,Rock,Little_Patuxent,Maccaffertium,10
Donor_Cage_08,Donor_11,Donor,Fall,Rock,Little_Patuxent,Chironomidae,29
Donor_Cage_08,Donor_11,Donor,Fall,Rock,Little_Patuxent,Tipula,2
Donor_Cage_08,Donor_11,Donor,Fall,Rock,Little_Patuxent,Dolophilodes,0
Donor_Cage_08,Donor_11,Donor,Fall,Rock,Little_Patuxent,Cheumatopsyche,17
Donor_Cage_08,Donor_11,Donor,Fall,Rock,Little_Patuxent,Isonychia,0
Donor_Cage_08,Donor_11,Donor,Fall,Rock,Little_Patuxent,Plectrocnemia,0
Donor_Cage_08,Donor_11,Donor,Fall,Rock,Little_Patuxent,Chimarra,13
Donor_Cage_08,Donor_11,Donor,Fall,Rock,Little_Patuxent,Nigronia,2
Donor_Cage_08,Donor_11,Donor,Fall,Rock,Little_Patuxent,Ameletus,0
Donor_Cage_08,Donor_11,Donor,Fall,Rock,Little_Patuxent,Diplectrona,0
Donor_Cage_08,Donor_11,Donor,Fall,Rock,Little_Patuxent,Eccoptura,0
Donor_Cage_08,Donor_11,Donor,Fall,Rock,Little_Patuxent,Hydropsyche,5
Donor_Cage_08,Donor_11,Donor,Fall,Rock,Little_Patuxent,Baetisca,0
Donor_Cage_08,Donor_11,Donor,Fall,Rock,Little_Patuxent,Simulium,0
Donor_Cage_08,Donor_11,Donor,Fall,Rock,Little_Patuxent,Isoperla,0
Donor_Cage_08,Donor_11,Donor,Fall,Rock,Little_Patuxent,Dixa,0
Donor_Cage_08,Donor_11,Donor,Fall,Rock,Little_Patuxent,Tropisternus,1
Donor_Cage_08,Donor_11,Donor,Fall,Rock,Little_Patuxent,Anchytarsus,13
Donor_Cage_08,Donor_11,Donor,Fall,Rock,Little_Patuxent,Psilotreta,4
Donor_Cage_08,Donor_11,Donor,Fall,Rock,Little_Patuxent,Dubiraphia,0
Donor_Cage_08,Donor_11,Donor,Fall,Rock,Little_Patuxent,Ptilostomis,0
Donor_Cage_08,Donor_11,Donor,Fall,Rock,Little_Patuxent,Calopteryx,0
Donor_Cage_08,Donor_11,Donor,Fall,Rock,Little_Patuxent,Molanna,0
Donor_Cage_08,Donor_11,Donor,Fall,Rock,Little_Patuxent,Boyeria,0
Donor_Cage_08,Donor_11,Donor,Fall,Rock,Little_Patuxent,Leptophlebia,0
Donor_Cage_08,Donor_11,Donor,Fall,Rock,Little_Patuxent,Nyctiophylax,1
Donor_Cage_08,Donor_11,Donor,Fall,Rock,Little_Patuxent,Argia,0
Donor_Cage_08,Donor_11,Donor,Fall,Rock,Little_Patuxent,Rhyacophila,0
Donor_Cage_08,Donor_11,Donor,Fall,Rock,Little_Patuxent,Probezzia,0
Donor_Cage_08,Donor_11,Donor,Fall,Rock,Little_Patuxent,Neureclipsis,0
Donor_Cage_08,Donor_11,Donor,Fall,Rock,Little_Patuxent,Eurylophella,0
Donor_Cage_08,Donor_11,Donor,Fall,Rock,Little_Patuxent,Glossosoma,0
Donor_Cage_08,Donor_11,Donor,Fall,Rock,Little_Patuxent,Rhagovelia,0
Donor_Cage_08,Donor_11,Donor,Fall,Rock,Little_Patuxent,Neophylax,0
Donor_Cage_08,Donor_11,Donor,Fall,Rock,Little_Patuxent,Microvelia,0
Donor_Cage_08,Donor_11,Donor,Fall,Rock,Little_Patuxent,Hydatophylax,0
Donor_Cage_08,Donor_11,Donor,Fall,Rock,Little_Patuxent,Antocha,0
Donor_Cage_08,Donor_11,Donor,Fall,Rock,Little_Patuxent,Lepidostoma,0
Donor_Cage_08,Donor_11,Donor,Fall,Rock,Little_Patuxent,Baetis,0
Donor_Cage_08,Donor_11,Donor,Fall,Rock,Little_Patuxent,Oecetis,0
Donor_Cage_08,Donor_11,Donor,Fall,Rock,Little_Patuxent,Ironoquia,0
Donor_Cage_08,Donor_11,Donor,Fall,Rock,Little_Patuxent,Timpanoga,0
Donor_Cage_08,Donor_11,Donor,Fall,Rock,Little_Patuxent,Polycentropus,0
Donor_Cage_08,Donor_11,Donor,Fall,Rock,Little_Patuxent,Amphinemura,0
Donor_Cage_08,Donor_11,Donor,Fall,Rock,Little_Patuxent,Penelomax,0
Donor_Cage_08,Donor_11,Donor,Fall,Rock,Little_Patuxent,Ephemerella,0
Donor_Cage_08,Donor_11,Donor,Fall,Rock,Little_Patuxent,Hemerodromia,0
Donor_Cage_08,Donor_11,Donor,Fall,Rock,Little_Patuxent,Shipsa,0
Donor_Cage_08,Donor_11,Donor,Fall,Rock,Little_Patuxent,Helichus,0
Donor_Cage_08,Donor_11,Donor,Fall,Rock,Little_Patuxent,Neoleptophlebia,0
Donor_Cage_08,Donor_11,Donor,Fall,Rock,Little_Patuxent,Attenella,0
Donor_Cage_08,Donor_11,Donor,Fall,Rock,Little_Patuxent,Entomobryidae,0
Donor_Cage_08,Donor_11,Donor,Fall,Rock,Little_Patuxent,Heptageniidae,0
Donor_Cage_08,Donor_11,Donor,Fall,Rock,Little_Patuxent,Aeshna,0
Donor_Cage_08,Donor_11,Donor,Fall,Rock,Little_Patuxent,Crambidae,0
Donor_Cage_08,Donor_11,Donor,Fall,Rock,Little_Patuxent,Teloganopsis,0
Donor_Cage_08,Donor_11,Donor,Fall,Rock,Little_Patuxent,Leptoceridae,0
Donor_Cage_08,Donor_11,Donor,Fall,Rock,Little_Patuxent,Pycnopsyche,0
Donor_Cage_08,Donor_11,Donor,Fall,Rock,Little_Patuxent,Triaenodes,0
Donor_Cage_08,Donor_11,Donor,Fall,Rock,Little_Patuxent,Serratella,0
Donor_Cage_08,Donor_11,Donor,Fall,Rock,Little_Patuxent,Optioservus,0
Donor_Cage_08,Donor_11,Donor,Fall,Rock,Little_Patuxent,Hydrachnidia,0
Donor_Cage_08,Donor_11,Donor,Fall,Rock,Little_Patuxent,Polymitarcyidae,0
Donor_Cage_08,Donor_11,Donor,Fall,Rock,Little_Patuxent,Cambarus,0
Donor_Cage_08,Donor_11,Donor,Fall,Rock,Little_Patuxent,Ancyronyx,0
Donor_Cage_08,Donor_11,Donor,Fall,Rock,Little_Patuxent,Gammarus,0
Donor_Cage_08,Donor_11,Donor,Fall,Rock,Little_Patuxent,Neoperla,0
Donor_Cage_09,Donor_11,Donor,Fall,Leaf,Little_Patuxent,Allocapnia,7
Donor_Cage_09,Donor_11,Donor,Fall,Leaf,Little_Patuxent,Maccaffertium,4
Donor_Cage_09,Donor_11,Donor,Fall,Leaf,Little_Patuxent,Chironomidae,55
Donor_Cage_09,Donor_11,Donor,Fall,Leaf,Little_Patuxent,Tipula,4
Donor_Cage_09,Donor_11,Donor,Fall,Leaf,Little_Patuxent,Dolophilodes,0
Donor_Cage_09,Donor_11,Donor,Fall,Leaf,Little_Patuxent,Cheumatopsyche,32
Donor_Cage_09,Donor_11,Donor,Fall,Leaf,Little_Patuxent,Isonychia,0
Donor_Cage_09,Donor_11,Donor,Fall,Leaf,Little_Patuxent,Plectrocnemia,0
Donor_Cage_09,Donor_11,Donor,Fall,Leaf,Little_Patuxent,Chimarra,39
Donor_Cage_09,Donor_11,Donor,Fall,Leaf,Little_Patuxent,Nigronia,1
Donor_Cage_09,Donor_11,Donor,Fall,Leaf,Little_Patuxent,Ameletus,0
Donor_Cage_09,Donor_11,Donor,Fall,Leaf,Little_Patuxent,Diplectrona,0
Donor_Cage_09,Donor_11,Donor,Fall,Leaf,Little_Patuxent,Eccoptura,0
Donor_Cage_09,Donor_11,Donor,Fall,Leaf,Little_Patuxent,Hydropsyche,7
Donor_Cage_09,Donor_11,Donor,Fall,Leaf,Little_Patuxent,Baetisca,0
Donor_Cage_09,Donor_11,Donor,Fall,Leaf,Little_Patuxent,Simulium,0
Donor_Cage_09,Donor_11,Donor,Fall,Leaf,Little_Patuxent,Isoperla,0
Donor_Cage_09,Donor_11,Donor,Fall,Leaf,Little_Patuxent,Dixa,5
Donor_Cage_09,Donor_11,Donor,Fall,Leaf,Little_Patuxent,Tropisternus,1
Donor_Cage_09,Donor_11,Donor,Fall,Leaf,Little_Patuxent,Anchytarsus,7
Donor_Cage_09,Donor_11,Donor,Fall,Leaf,Little_Patuxent,Psilotreta,1
Donor_Cage_09,Donor_11,Donor,Fall,Leaf,Little_Patuxent,Dubiraphia,0
Donor_Cage_09,Donor_11,Donor,Fall,Leaf,Little_Patuxent,Ptilostomis,0
Donor_Cage_09,Donor_11,Donor,Fall,Leaf,Little_Patuxent,Calopteryx,1
Donor_Cage_09,Donor_11,Donor,Fall,Leaf,Little_Patuxent,Molanna,0
Donor_Cage_09,Donor_11,Donor,Fall,Leaf,Little_Patuxent,Boyeria,0
Donor_Cage_09,Donor_11,Donor,Fall,Leaf,Little_Patuxent,Leptophlebia,0
Donor_Cage_09,Donor_11,Donor,Fall,Leaf,Little_Patuxent,Nyctiophylax,0
Donor_Cage_09,Donor_11,Donor,Fall,Leaf,Little_Patuxent,Argia,1
Donor_Cage_09,Donor_11,Donor,Fall,Leaf,Little_Patuxent,Rhyacophila,3
Donor_Cage_09,Donor_11,Donor,Fall,Leaf,Little_Patuxent,Probezzia,0
Donor_Cage_09,Donor_11,Donor,Fall,Leaf,Little_Patuxent,Neureclipsis,0
Donor_Cage_09,Donor_11,Donor,Fall,Leaf,Little_Patuxent,Eurylophella,0
Donor_Cage_09,Donor_11,Donor,Fall,Leaf,Little_Patuxent,Glossosoma,0
Donor_Cage_09,Donor_11,Donor,Fall,Leaf,Little_Patuxent,Rhagovelia,0
Donor_Cage_09,Donor_11,Donor,Fall,Leaf,Little_Patuxent,Neophylax,0
Donor_Cage_09,Donor_11,Donor,Fall,Leaf,Little_Patuxent,Microvelia,0
Donor_Cage_09,Donor_11,Donor,Fall,Leaf,Little_Patuxent,Hydatophylax,0
Donor_Cage_09,Donor_11,Donor,Fall,Leaf,Little_Patuxent,Antocha,0
Donor_Cage_09,Donor_11,Donor,Fall,Leaf,Little_Patuxent,Lepidostoma,0
Donor_Cage_09,Donor_11,Donor,Fall,Leaf,Little_Patuxent,Baetis,0
Donor_Cage_09,Donor_11,Donor,Fall,Leaf,Little_Patuxent,Oecetis,0
Donor_Cage_09,Donor_11,Donor,Fall,Leaf,Little_Patuxent,Ironoquia,0
Donor_Cage_09,Donor_11,Donor,Fall,Leaf,Little_Patuxent,Timpanoga,0
Donor_Cage_09,Donor_11,Donor,Fall,Leaf,Little_Patuxent,Polycentropus,0
Donor_Cage_09,Donor_11,Donor,Fall,Leaf,Little_Patuxent,Amphinemura,0
Donor_Cage_09,Donor_11,Donor,Fall,Leaf,Little_Patuxent,Penelomax,0
Donor_Cage_09,Donor_11,Donor,Fall,Leaf,Little_Patuxent,Ephemerella,0
Donor_Cage_09,Donor_11,Donor,Fall,Leaf,Little_Patuxent,Hemerodromia,0
Donor_Cage_09,Donor_11,Donor,Fall,Leaf,Little_Patuxent,Shipsa,0
Donor_Cage_09,Donor_11,Donor,Fall,Leaf,Little_Patuxent,Helichus,0
Donor_Cage_09,Donor_11,Donor,Fall,Leaf,Little_Patuxent,Neoleptophlebia,0
Donor_Cage_09,Donor_11,Donor,Fall,Leaf,Little_Patuxent,Attenella,0
Donor_Cage_09,Donor_11,Donor,Fall,Leaf,Little_Patuxent,Entomobryidae,0
Donor_Cage_09,Donor_11,Donor,Fall,Leaf,Little_Patuxent,Heptageniidae,0
Donor_Cage_09,Donor_11,Donor,Fall,Leaf,Little_Patuxent,Aeshna,0
Donor_Cage_09,Donor_11,Donor,Fall,Leaf,Little_Patuxent,Crambidae,0
Donor_Cage_09,Donor_11,Donor,Fall,Leaf,Little_Patuxent,Teloganopsis,0
Donor_Cage_09,Donor_11,Donor,Fall,Leaf,Little_Patuxent,Leptoceridae,0
Donor_Cage_09,Donor_11,Donor,Fall,Leaf,Little_Patuxent,Pycnopsyche,0
Donor_Cage_09,Donor_11,Donor,Fall,Leaf,Little_Patuxent,Triaenodes,0
Donor_Cage_09,Donor_11,Donor,Fall,Leaf,Little_Patuxent,Serratella,0
Donor_Cage_09,Donor_11,Donor,Fall,Leaf,Little_Patuxent,Optioservus,0
Donor_Cage_09,Donor_11,Donor,Fall,Leaf,Little_Patuxent,Hydrachnidia,0
Donor_Cage_09,Donor_11,Donor,Fall,Leaf,Little_Patuxent,Polymitarcyidae,0
Donor_Cage_09,Donor_11,Donor,Fall,Leaf,Little_Patuxent,Cambarus,0
Donor_Cage_09,Donor_11,Donor,Fall,Leaf,Little_Patuxent,Ancyronyx,0
Donor_Cage_09,Donor_11,Donor,Fall,Leaf,Little_Patuxent,Gammarus,0
Donor_Cage_09,Donor_11,Donor,Fall,Leaf,Little_Patuxent,Neoperla,0
Donor_Cage_09,Donor_11,Donor,Fall,Rock,Little_Patuxent,Allocapnia,6
Donor_Cage_09,Donor_11,Donor,Fall,Rock,Little_Patuxent,Maccaffertium,6
Donor_Cage_09,Donor_11,Donor,Fall,Rock,Little_Patuxent,Chironomidae,60
Donor_Cage_09,Donor_11,Donor,Fall,Rock,Little_Patuxent,Tipula,1
Donor_Cage_09,Donor_11,Donor,Fall,Rock,Little_Patuxent,Dolophilodes,0
Donor_Cage_09,Donor_11,Donor,Fall,Rock,Little_Patuxent,Cheumatopsyche,58
Donor_Cage_09,Donor_11,Donor,Fall,Rock,Little_Patuxent,Isonychia,0
Donor_Cage_09,Donor_11,Donor,Fall,Rock,Little_Patuxent,Plectrocnemia,0
Donor_Cage_09,Donor_11,Donor,Fall,Rock,Little_Patuxent,Chimarra,57
Donor_Cage_09,Donor_11,Donor,Fall,Rock,Little_Patuxent,Nigronia,0
Donor_Cage_09,Donor_11,Donor,Fall,Rock,Little_Patuxent,Ameletus,0
Donor_Cage_09,Donor_11,Donor,Fall,Rock,Little_Patuxent,Diplectrona,15
Donor_Cage_09,Donor_11,Donor,Fall,Rock,Little_Patuxent,Eccoptura,0
Donor_Cage_09,Donor_11,Donor,Fall,Rock,Little_Patuxent,Hydropsyche,8
Donor_Cage_09,Donor_11,Donor,Fall,Rock,Little_Patuxent,Baetisca,0
Donor_Cage_09,Donor_11,Donor,Fall,Rock,Little_Patuxent,Simulium,0
Donor_Cage_09,Donor_11,Donor,Fall,Rock,Little_Patuxent,Isoperla,0
Donor_Cage_09,Donor_11,Donor,Fall,Rock,Little_Patuxent,Dixa,2
Donor_Cage_09,Donor_11,Donor,Fall,Rock,Little_Patuxent,Tropisternus,0
Donor_Cage_09,Donor_11,Donor,Fall,Rock,Little_Patuxent,Anchytarsus,5
Donor_Cage_09,Donor_11,Donor,Fall,Rock,Little_Patuxent,Psilotreta,3
Donor_Cage_09,Donor_11,Donor,Fall,Rock,Little_Patuxent,Dubiraphia,0
Donor_Cage_09,Donor_11,Donor,Fall,Rock,Little_Patuxent,Ptilostomis,0
Donor_Cage_09,Donor_11,Donor,Fall,Rock,Little_Patuxent,Calopteryx,0
Donor_Cage_09,Donor_11,Donor,Fall,Rock,Little_Patuxent,Molanna,0
Donor_Cage_09,Donor_11,Donor,Fall,Rock,Little_Patuxent,Boyeria,0
Donor_Cage_09,Donor_11,Donor,Fall,Rock,Little_Patuxent,Leptophlebia,0
Donor_Cage_09,Donor_11,Donor,Fall,Rock,Little_Patuxent,Nyctiophylax,0
Donor_Cage_09,Donor_11,Donor,Fall,Rock,Little_Patuxent,Argia,0
Donor_Cage_09,Donor_11,Donor,Fall,Rock,Little_Patuxent,Rhyacophila,0
Donor_Cage_09,Donor_11,Donor,Fall,Rock,Little_Patuxent,Probezzia,1
Donor_Cage_09,Donor_11,Donor,Fall,Rock,Little_Patuxent,Neureclipsis,0
Donor_Cage_09,Donor_11,Donor,Fall,Rock,Little_Patuxent,Eurylophella,0
Donor_Cage_09,Donor_11,Donor,Fall,Rock,Little_Patuxent,Glossosoma,0
Donor_Cage_09,Donor_11,Donor,Fall,Rock,Little_Patuxent,Rhagovelia,0
Donor_Cage_09,Donor_11,Donor,Fall,Rock,Little_Patuxent,Neophylax,0
Donor_Cage_09,Donor_11,Donor,Fall,Rock,Little_Patuxent,Microvelia,0
Donor_Cage_09,Donor_11,Donor,Fall,Rock,Little_Patuxent,Hydatophylax,0
Donor_Cage_09,Donor_11,Donor,Fall,Rock,Little_Patuxent,Antocha,0
Donor_Cage_09,Donor_11,Donor,Fall,Rock,Little_Patuxent,Lepidostoma,0
Donor_Cage_09,Donor_11,Donor,Fall,Rock,Little_Patuxent,Baetis,0
Donor_Cage_09,Donor_11,Donor,Fall,Rock,Little_Patuxent,Oecetis,0
Donor_Cage_09,Donor_11,Donor,Fall,Rock,Little_Patuxent,Ironoquia,0
Donor_Cage_09,Donor_11,Donor,Fall,Rock,Little_Patuxent,Timpanoga,0
Donor_Cage_09,Donor_11,Donor,Fall,Rock,Little_Patuxent,Polycentropus,0
Donor_Cage_09,Donor_11,Donor,Fall,Rock,Little_Patuxent,Amphinemura,0
Donor_Cage_09,Donor_11,Donor,Fall,Rock,Little_Patuxent,Penelomax,0
Donor_Cage_09,Donor_11,Donor,Fall,Rock,Little_Patuxent,Ephemerella,0
Donor_Cage_09,Donor_11,Donor,Fall,Rock,Little_Patuxent,Hemerodromia,0
Donor_Cage_09,Donor_11,Donor,Fall,Rock,Little_Patuxent,Shipsa,0
Donor_Cage_09,Donor_11,Donor,Fall,Rock,Little_Patuxent,Helichus,0
Donor_Cage_09,Donor_11,Donor,Fall,Rock,Little_Patuxent,Neoleptophlebia,0
Donor_Cage_09,Donor_11,Donor,Fall,Rock,Little_Patuxent,Attenella,0
Donor_Cage_09,Donor_11,Donor,Fall,Rock,Little_Patuxent,Entomobryidae,0
Donor_Cage_09,Donor_11,Donor,Fall,Rock,Little_Patuxent,Heptageniidae,0
Donor_Cage_09,Donor_11,Donor,Fall,Rock,Little_Patuxent,Aeshna,0
Donor_Cage_09,Donor_11,Donor,Fall,Rock,Little_Patuxent,Crambidae,0
Donor_Cage_09,Donor_11,Donor,Fall,Rock,Little_Patuxent,Teloganopsis,0
Donor_Cage_09,Donor_11,Donor,Fall,Rock,Little_Patuxent,Leptoceridae,0
Donor_Cage_09,Donor_11,Donor,Fall,Rock,Little_Patuxent,Pycnopsyche,0
Donor_Cage_09,Donor_11,Donor,Fall,Rock,Little_Patuxent,Triaenodes,0
Donor_Cage_09,Donor_11,Donor,Fall,Rock,Little_Patuxent,Serratella,0
Donor_Cage_09,Donor_11,Donor,Fall,Rock,Little_Patuxent,Optioservus,0
Donor_Cage_09,Donor_11,Donor,Fall,Rock,Little_Patuxent,Hydrachnidia,0
Donor_Cage_09,Donor_11,Donor,Fall,Rock,Little_Patuxent,Polymitarcyidae,0
Donor_Cage_09,Donor_11,Donor,Fall,Rock,Little_Patuxent,Cambarus,0
Donor_Cage_09,Donor_11,Donor,Fall,Rock,Little_Patuxent,Ancyronyx,0
Donor_Cage_09,Donor_11,Donor,Fall,Rock,Little_Patuxent,Gammarus,0
Donor_Cage_09,Donor_11,Donor,Fall,Rock,Little_Patuxent,Neoperla,0
Donor_Cage_10,Donor_11,Donor,Fall,Leaf,Little_Patuxent,Allocapnia,9
Donor_Cage_10,Donor_11,Donor,Fall,Leaf,Little_Patuxent,Maccaffertium,6
Donor_Cage_10,Donor_11,Donor,Fall,Leaf,Little_Patuxent,Chironomidae,40
Donor_Cage_10,Donor_11,Donor,Fall,Leaf,Little_Patuxent,Tipula,97
Donor_Cage_10,Donor_11,Donor,Fall,Leaf,Little_Patuxent,Dolophilodes,0
Donor_Cage_10,Donor_11,Donor,Fall,Leaf,Little_Patuxent,Cheumatopsyche,31
Donor_Cage_10,Donor_11,Donor,Fall,Leaf,Little_Patuxent,Isonychia,0
Donor_Cage_10,Donor_11,Donor,Fall,Leaf,Little_Patuxent,Plectrocnemia,0
Donor_Cage_10,Donor_11,Donor,Fall,Leaf,Little_Patuxent,Chimarra,57
Donor_Cage_10,Donor_11,Donor,Fall,Leaf,Little_Patuxent,Nigronia,2
Donor_Cage_10,Donor_11,Donor,Fall,Leaf,Little_Patuxent,Ameletus,0
Donor_Cage_10,Donor_11,Donor,Fall,Leaf,Little_Patuxent,Diplectrona,0
Donor_Cage_10,Donor_11,Donor,Fall,Leaf,Little_Patuxent,Eccoptura,0
Donor_Cage_10,Donor_11,Donor,Fall,Leaf,Little_Patuxent,Hydropsyche,43
Donor_Cage_10,Donor_11,Donor,Fall,Leaf,Little_Patuxent,Baetisca,0
Donor_Cage_10,Donor_11,Donor,Fall,Leaf,Little_Patuxent,Simulium,0
Donor_Cage_10,Donor_11,Donor,Fall,Leaf,Little_Patuxent,Isoperla,0
Donor_Cage_10,Donor_11,Donor,Fall,Leaf,Little_Patuxent,Dixa,0
Donor_Cage_10,Donor_11,Donor,Fall,Leaf,Little_Patuxent,Tropisternus,5
Donor_Cage_10,Donor_11,Donor,Fall,Leaf,Little_Patuxent,Anchytarsus,2
Donor_Cage_10,Donor_11,Donor,Fall,Leaf,Little_Patuxent,Psilotreta,12
Donor_Cage_10,Donor_11,Donor,Fall,Leaf,Little_Patuxent,Dubiraphia,0
Donor_Cage_10,Donor_11,Donor,Fall,Leaf,Little_Patuxent,Ptilostomis,0
Donor_Cage_10,Donor_11,Donor,Fall,Leaf,Little_Patuxent,Calopteryx,0
Donor_Cage_10,Donor_11,Donor,Fall,Leaf,Little_Patuxent,Molanna,0
Donor_Cage_10,Donor_11,Donor,Fall,Leaf,Little_Patuxent,Boyeria,0
Donor_Cage_10,Donor_11,Donor,Fall,Leaf,Little_Patuxent,Leptophlebia,0
Donor_Cage_10,Donor_11,Donor,Fall,Leaf,Little_Patuxent,Nyctiophylax,0
Donor_Cage_10,Donor_11,Donor,Fall,Leaf,Little_Patuxent,Argia,0
Donor_Cage_10,Donor_11,Donor,Fall,Leaf,Little_Patuxent,Rhyacophila,0
Donor_Cage_10,Donor_11,Donor,Fall,Leaf,Little_Patuxent,Probezzia,0
Donor_Cage_10,Donor_11,Donor,Fall,Leaf,Little_Patuxent,Neureclipsis,1
Donor_Cage_10,Donor_11,Donor,Fall,Leaf,Little_Patuxent,Eurylophella,0
Donor_Cage_10,Donor_11,Donor,Fall,Leaf,Little_Patuxent,Glossosoma,0
Donor_Cage_10,Donor_11,Donor,Fall,Leaf,Little_Patuxent,Rhagovelia,0
Donor_Cage_10,Donor_11,Donor,Fall,Leaf,Little_Patuxent,Neophylax,0
Donor_Cage_10,Donor_11,Donor,Fall,Leaf,Little_Patuxent,Microvelia,0
Donor_Cage_10,Donor_11,Donor,Fall,Leaf,Little_Patuxent,Hydatophylax,0
Donor_Cage_10,Donor_11,Donor,Fall,Leaf,Little_Patuxent,Antocha,0
Donor_Cage_10,Donor_11,Donor,Fall,Leaf,Little_Patuxent,Lepidostoma,0
Donor_Cage_10,Donor_11,Donor,Fall,Leaf,Little_Patuxent,Baetis,0
Donor_Cage_10,Donor_11,Donor,Fall,Leaf,Little_Patuxent,Oecetis,0
Donor_Cage_10,Donor_11,Donor,Fall,Leaf,Little_Patuxent,Ironoquia,0
Donor_Cage_10,Donor_11,Donor,Fall,Leaf,Little_Patuxent,Timpanoga,0
Donor_Cage_10,Donor_11,Donor,Fall,Leaf,Little_Patuxent,Polycentropus,0
Donor_Cage_10,Donor_11,Donor,Fall,Leaf,Little_Patuxent,Amphinemura,0
Donor_Cage_10,Donor_11,Donor,Fall,Leaf,Little_Patuxent,Penelomax,0
Donor_Cage_10,Donor_11,Donor,Fall,Leaf,Little_Patuxent,Ephemerella,0
Donor_Cage_10,Donor_11,Donor,Fall,Leaf,Little_Patuxent,Hemerodromia,0
Donor_Cage_10,Donor_11,Donor,Fall,Leaf,Little_Patuxent,Shipsa,0
Donor_Cage_10,Donor_11,Donor,Fall,Leaf,Little_Patuxent,Helichus,0
Donor_Cage_10,Donor_11,Donor,Fall,Leaf,Little_Patuxent,Neoleptophlebia,0
Donor_Cage_10,Donor_11,Donor,Fall,Leaf,Little_Patuxent,Attenella,0
Donor_Cage_10,Donor_11,Donor,Fall,Leaf,Little_Patuxent,Entomobryidae,0
Donor_Cage_10,Donor_11,Donor,Fall,Leaf,Little_Patuxent,Heptageniidae,0
Donor_Cage_10,Donor_11,Donor,Fall,Leaf,Little_Patuxent,Aeshna,0
Donor_Cage_10,Donor_11,Donor,Fall,Leaf,Little_Patuxent,Crambidae,0
Donor_Cage_10,Donor_11,Donor,Fall,Leaf,Little_Patuxent,Teloganopsis,0
Donor_Cage_10,Donor_11,Donor,Fall,Leaf,Little_Patuxent,Leptoceridae,0
Donor_Cage_10,Donor_11,Donor,Fall,Leaf,Little_Patuxent,Pycnopsyche,0
Donor_Cage_10,Donor_11,Donor,Fall,Leaf,Little_Patuxent,Triaenodes,0
Donor_Cage_10,Donor_11,Donor,Fall,Leaf,Little_Patuxent,Serratella,0
Donor_Cage_10,Donor_11,Donor,Fall,Leaf,Little_Patuxent,Optioservus,0
Donor_Cage_10,Donor_11,Donor,Fall,Leaf,Little_Patuxent,Hydrachnidia,0
Donor_Cage_10,Donor_11,Donor,Fall,Leaf,Little_Patuxent,Polymitarcyidae,0
Donor_Cage_10,Donor_11,Donor,Fall,Leaf,Little_Patuxent,Cambarus,0
Donor_Cage_10,Donor_11,Donor,Fall,Leaf,Little_Patuxent,Ancyronyx,0
Donor_Cage_10,Donor_11,Donor,Fall,Leaf,Little_Patuxent,Gammarus,0
Donor_Cage_10,Donor_11,Donor,Fall,Leaf,Little_Patuxent,Neoperla,0
Donor_Cage_10,Donor_11,Donor,Fall,Rock,Little_Patuxent,Allocapnia,1
Donor_Cage_10,Donor_11,Donor,Fall,Rock,Little_Patuxent,Maccaffertium,14
Donor_Cage_10,Donor_11,Donor,Fall,Rock,Little_Patuxent,Chironomidae,78
Donor_Cage_10,Donor_11,Donor,Fall,Rock,Little_Patuxent,Tipula,0
Donor_Cage_10,Donor_11,Donor,Fall,Rock,Little_Patuxent,Dolophilodes,0
Donor_Cage_10,Donor_11,Donor,Fall,Rock,Little_Patuxent,Cheumatopsyche,67
Donor_Cage_10,Donor_11,Donor,Fall,Rock,Little_Patuxent,Isonychia,0
Donor_Cage_10,Donor_11,Donor,Fall,Rock,Little_Patuxent,Plectrocnemia,0
Donor_Cage_10,Donor_11,Donor,Fall,Rock,Little_Patuxent,Chimarra,49
Donor_Cage_10,Donor_11,Donor,Fall,Rock,Little_Patuxent,Nigronia,1
Donor_Cage_10,Donor_11,Donor,Fall,Rock,Little_Patuxent,Ameletus,0
Donor_Cage_10,Donor_11,Donor,Fall,Rock,Little_Patuxent,Diplectrona,10
Donor_Cage_10,Donor_11,Donor,Fall,Rock,Little_Patuxent,Eccoptura,0
Donor_Cage_10,Donor_11,Donor,Fall,Rock,Little_Patuxent,Hydropsyche,1
Donor_Cage_10,Donor_11,Donor,Fall,Rock,Little_Patuxent,Baetisca,0
Donor_Cage_10,Donor_11,Donor,Fall,Rock,Little_Patuxent,Simulium,0
Donor_Cage_10,Donor_11,Donor,Fall,Rock,Little_Patuxent,Isoperla,0
Donor_Cage_10,Donor_11,Donor,Fall,Rock,Little_Patuxent,Dixa,2
Donor_Cage_10,Donor_11,Donor,Fall,Rock,Little_Patuxent,Tropisternus,0
Donor_Cage_10,Donor_11,Donor,Fall,Rock,Little_Patuxent,Anchytarsus,9
Donor_Cage_10,Donor_11,Donor,Fall,Rock,Little_Patuxent,Psilotreta,8
Donor_Cage_10,Donor_11,Donor,Fall,Rock,Little_Patuxent,Dubiraphia,0
Donor_Cage_10,Donor_11,Donor,Fall,Rock,Little_Patuxent,Ptilostomis,0
Donor_Cage_10,Donor_11,Donor,Fall,Rock,Little_Patuxent,Calopteryx,0
Donor_Cage_10,Donor_11,Donor,Fall,Rock,Little_Patuxent,Molanna,0
Donor_Cage_10,Donor_11,Donor,Fall,Rock,Little_Patuxent,Boyeria,0
Donor_Cage_10,Donor_11,Donor,Fall,Rock,Little_Patuxent,Leptophlebia,0
Donor_Cage_10,Donor_11,Donor,Fall,Rock,Little_Patuxent,Nyctiophylax,0
Donor_Cage_10,Donor_11,Donor,Fall,Rock,Little_Patuxent,Argia,0
Donor_Cage_10,Donor_11,Donor,Fall,Rock,Little_Patuxent,Rhyacophila,1
Donor_Cage_10,Donor_11,Donor,Fall,Rock,Little_Patuxent,Probezzia,0
Donor_Cage_10,Donor_11,Donor,Fall,Rock,Little_Patuxent,Neureclipsis,0
Donor_Cage_10,Donor_11,Donor,Fall,Rock,Little_Patuxent,Eurylophella,0
Donor_Cage_10,Donor_11,Donor,Fall,Rock,Little_Patuxent,Glossosoma,0
Donor_Cage_10,Donor_11,Donor,Fall,Rock,Little_Patuxent,Rhagovelia,0
Donor_Cage_10,Donor_11,Donor,Fall,Rock,Little_Patuxent,Neophylax,0
Donor_Cage_10,Donor_11,Donor,Fall,Rock,Little_Patuxent,Microvelia,0
Donor_Cage_10,Donor_11,Donor,Fall,Rock,Little_Patuxent,Hydatophylax,0
Donor_Cage_10,Donor_11,Donor,Fall,Rock,Little_Patuxent,Antocha,0
Donor_Cage_10,Donor_11,Donor,Fall,Rock,Little_Patuxent,Lepidostoma,0
Donor_Cage_10,Donor_11,Donor,Fall,Rock,Little_Patuxent,Baetis,0
Donor_Cage_10,Donor_11,Donor,Fall,Rock,Little_Patuxent,Oecetis,0
Donor_Cage_10,Donor_11,Donor,Fall,Rock,Little_Patuxent,Ironoquia,0
Donor_Cage_10,Donor_11,Donor,Fall,Rock,Little_Patuxent,Timpanoga,0
Donor_Cage_10,Donor_11,Donor,Fall,Rock,Little_Patuxent,Polycentropus,0
Donor_Cage_10,Donor_11,Donor,Fall,Rock,Little_Patuxent,Amphinemura,0
Donor_Cage_10,Donor_11,Donor,Fall,Rock,Little_Patuxent,Penelomax,0
Donor_Cage_10,Donor_11,Donor,Fall,Rock,Little_Patuxent,Ephemerella,0
Donor_Cage_10,Donor_11,Donor,Fall,Rock,Little_Patuxent,Hemerodromia,0
Donor_Cage_10,Donor_11,Donor,Fall,Rock,Little_Patuxent,Shipsa,0
Donor_Cage_10,Donor_11,Donor,Fall,Rock,Little_Patuxent,Helichus,0
Donor_Cage_10,Donor_11,Donor,Fall,Rock,Little_Patuxent,Neoleptophlebia,0
Donor_Cage_10,Donor_11,Donor,Fall,Rock,Little_Patuxent,Attenella,0
Donor_Cage_10,Donor_11,Donor,Fall,Rock,Little_Patuxent,Entomobryidae,0
Donor_Cage_10,Donor_11,Donor,Fall,Rock,Little_Patuxent,Heptageniidae,0
Donor_Cage_10,Donor_11,Donor,Fall,Rock,Little_Patuxent,Aeshna,0
Donor_Cage_10,Donor_11,Donor,Fall,Rock,Little_Patuxent,Crambidae,0
Donor_Cage_10,Donor_11,Donor,Fall,Rock,Little_Patuxent,Teloganopsis,0
Donor_Cage_10,Donor_11,Donor,Fall,Rock,Little_Patuxent,Leptoceridae,0
Donor_Cage_10,Donor_11,Donor,Fall,Rock,Little_Patuxent,Pycnopsyche,0
Donor_Cage_10,Donor_11,Donor,Fall,Rock,Little_Patuxent,Triaenodes,0
Donor_Cage_10,Donor_11,Donor,Fall,Rock,Little_Patuxent,Serratella,0
Donor_Cage_10,Donor_11,Donor,Fall,Rock,Little_Patuxent,Optioservus,0
Donor_Cage_10,Donor_11,Donor,Fall,Rock,Little_Patuxent,Hydrachnidia,0
Donor_Cage_10,Donor_11,Donor,Fall,Rock,Little_Patuxent,Polymitarcyidae,0
Donor_Cage_10,Donor_11,Donor,Fall,Rock,Little_Patuxent,Cambarus,0
Donor_Cage_10,Donor_11,Donor,Fall,Rock,Little_Patuxent,Ancyronyx,0
Donor_Cage_10,Donor_11,Donor,Fall,Rock,Little_Patuxent,Gammarus,0
Donor_Cage_10,Donor_11,Donor,Fall,Rock,Little_Patuxent,Neoperla,0
Donor_Cage_11,Donor_13,Donor,Fall,Leaf,Loch_Raven,Allocapnia,107
Donor_Cage_11,Donor_13,Donor,Fall,Leaf,Loch_Raven,Maccaffertium,8
Donor_Cage_11,Donor_13,Donor,Fall,Leaf,Loch_Raven,Chironomidae,65
Donor_Cage_11,Donor_13,Donor,Fall,Leaf,Loch_Raven,Tipula,8
Donor_Cage_11,Donor_13,Donor,Fall,Leaf,Loch_Raven,Dolophilodes,1
Donor_Cage_11,Donor_13,Donor,Fall,Leaf,Loch_Raven,Cheumatopsyche,3
Donor_Cage_11,Donor_13,Donor,Fall,Leaf,Loch_Raven,Isonychia,1
Donor_Cage_11,Donor_13,Donor,Fall,Leaf,Loch_Raven,Plectrocnemia,0
Donor_Cage_11,Donor_13,Donor,Fall,Leaf,Loch_Raven,Chimarra,13
Donor_Cage_11,Donor_13,Donor,Fall,Leaf,Loch_Raven,Nigronia,0
Donor_Cage_11,Donor_13,Donor,Fall,Leaf,Loch_Raven,Ameletus,0
Donor_Cage_11,Donor_13,Donor,Fall,Leaf,Loch_Raven,Diplectrona,0
Donor_Cage_11,Donor_13,Donor,Fall,Leaf,Loch_Raven,Eccoptura,0
Donor_Cage_11,Donor_13,Donor,Fall,Leaf,Loch_Raven,Hydropsyche,6
Donor_Cage_11,Donor_13,Donor,Fall,Leaf,Loch_Raven,Baetisca,0
Donor_Cage_11,Donor_13,Donor,Fall,Leaf,Loch_Raven,Simulium,0
Donor_Cage_11,Donor_13,Donor,Fall,Leaf,Loch_Raven,Isoperla,0
Donor_Cage_11,Donor_13,Donor,Fall,Leaf,Loch_Raven,Dixa,0
Donor_Cage_11,Donor_13,Donor,Fall,Leaf,Loch_Raven,Tropisternus,0
Donor_Cage_11,Donor_13,Donor,Fall,Leaf,Loch_Raven,Anchytarsus,0
Donor_Cage_11,Donor_13,Donor,Fall,Leaf,Loch_Raven,Psilotreta,0
Donor_Cage_11,Donor_13,Donor,Fall,Leaf,Loch_Raven,Dubiraphia,0
Donor_Cage_11,Donor_13,Donor,Fall,Leaf,Loch_Raven,Ptilostomis,0
Donor_Cage_11,Donor_13,Donor,Fall,Leaf,Loch_Raven,Calopteryx,0
Donor_Cage_11,Donor_13,Donor,Fall,Leaf,Loch_Raven,Molanna,0
Donor_Cage_11,Donor_13,Donor,Fall,Leaf,Loch_Raven,Boyeria,0
Donor_Cage_11,Donor_13,Donor,Fall,Leaf,Loch_Raven,Leptophlebia,0
Donor_Cage_11,Donor_13,Donor,Fall,Leaf,Loch_Raven,Nyctiophylax,0
Donor_Cage_11,Donor_13,Donor,Fall,Leaf,Loch_Raven,Argia,0
Donor_Cage_11,Donor_13,Donor,Fall,Leaf,Loch_Raven,Rhyacophila,0
Donor_Cage_11,Donor_13,Donor,Fall,Leaf,Loch_Raven,Probezzia,0
Donor_Cage_11,Donor_13,Donor,Fall,Leaf,Loch_Raven,Neureclipsis,0
Donor_Cage_11,Donor_13,Donor,Fall,Leaf,Loch_Raven,Eurylophella,3
Donor_Cage_11,Donor_13,Donor,Fall,Leaf,Loch_Raven,Glossosoma,0
Donor_Cage_11,Donor_13,Donor,Fall,Leaf,Loch_Raven,Rhagovelia,0
Donor_Cage_11,Donor_13,Donor,Fall,Leaf,Loch_Raven,Neophylax,0
Donor_Cage_11,Donor_13,Donor,Fall,Leaf,Loch_Raven,Microvelia,0
Donor_Cage_11,Donor_13,Donor,Fall,Leaf,Loch_Raven,Hydatophylax,0
Donor_Cage_11,Donor_13,Donor,Fall,Leaf,Loch_Raven,Antocha,0
Donor_Cage_11,Donor_13,Donor,Fall,Leaf,Loch_Raven,Lepidostoma,0
Donor_Cage_11,Donor_13,Donor,Fall,Leaf,Loch_Raven,Baetis,0
Donor_Cage_11,Donor_13,Donor,Fall,Leaf,Loch_Raven,Oecetis,0
Donor_Cage_11,Donor_13,Donor,Fall,Leaf,Loch_Raven,Ironoquia,0
Donor_Cage_11,Donor_13,Donor,Fall,Leaf,Loch_Raven,Timpanoga,0
Donor_Cage_11,Donor_13,Donor,Fall,Leaf,Loch_Raven,Polycentropus,0
Donor_Cage_11,Donor_13,Donor,Fall,Leaf,Loch_Raven,Amphinemura,0
Donor_Cage_11,Donor_13,Donor,Fall,Leaf,Loch_Raven,Penelomax,0
Donor_Cage_11,Donor_13,Donor,Fall,Leaf,Loch_Raven,Ephemerella,0
Donor_Cage_11,Donor_13,Donor,Fall,Leaf,Loch_Raven,Hemerodromia,0
Donor_Cage_11,Donor_13,Donor,Fall,Leaf,Loch_Raven,Shipsa,0
Donor_Cage_11,Donor_13,Donor,Fall,Leaf,Loch_Raven,Helichus,0
Donor_Cage_11,Donor_13,Donor,Fall,Leaf,Loch_Raven,Neoleptophlebia,0
Donor_Cage_11,Donor_13,Donor,Fall,Leaf,Loch_Raven,Attenella,0
Donor_Cage_11,Donor_13,Donor,Fall,Leaf,Loch_Raven,Entomobryidae,0
Donor_Cage_11,Donor_13,Donor,Fall,Leaf,Loch_Raven,Heptageniidae,0
Donor_Cage_11,Donor_13,Donor,Fall,Leaf,Loch_Raven,Aeshna,0
Donor_Cage_11,Donor_13,Donor,Fall,Leaf,Loch_Raven,Crambidae,0
Donor_Cage_11,Donor_13,Donor,Fall,Leaf,Loch_Raven,Teloganopsis,0
Donor_Cage_11,Donor_13,Donor,Fall,Leaf,Loch_Raven,Leptoceridae,0
Donor_Cage_11,Donor_13,Donor,Fall,Leaf,Loch_Raven,Pycnopsyche,0
Donor_Cage_11,Donor_13,Donor,Fall,Leaf,Loch_Raven,Triaenodes,0
Donor_Cage_11,Donor_13,Donor,Fall,Leaf,Loch_Raven,Serratella,0
Donor_Cage_11,Donor_13,Donor,Fall,Leaf,Loch_Raven,Optioservus,0
Donor_Cage_11,Donor_13,Donor,Fall,Leaf,Loch_Raven,Hydrachnidia,0
Donor_Cage_11,Donor_13,Donor,Fall,Leaf,Loch_Raven,Polymitarcyidae,0
Donor_Cage_11,Donor_13,Donor,Fall,Leaf,Loch_Raven,Cambarus,0
Donor_Cage_11,Donor_13,Donor,Fall,Leaf,Loch_Raven,Ancyronyx,0
Donor_Cage_11,Donor_13,Donor,Fall,Leaf,Loch_Raven,Gammarus,0
Donor_Cage_11,Donor_13,Donor,Fall,Leaf,Loch_Raven,Neoperla,0
Donor_Cage_11,Donor_13,Donor,Fall,Rock,Loch_Raven,Allocapnia,111
Donor_Cage_11,Donor_13,Donor,Fall,Rock,Loch_Raven,Maccaffertium,9
Donor_Cage_11,Donor_13,Donor,Fall,Rock,Loch_Raven,Chironomidae,120
Donor_Cage_11,Donor_13,Donor,Fall,Rock,Loch_Raven,Tipula,1
Donor_Cage_11,Donor_13,Donor,Fall,Rock,Loch_Raven,Dolophilodes,0
Donor_Cage_11,Donor_13,Donor,Fall,Rock,Loch_Raven,Cheumatopsyche,3
Donor_Cage_11,Donor_13,Donor,Fall,Rock,Loch_Raven,Isonychia,1
Donor_Cage_11,Donor_13,Donor,Fall,Rock,Loch_Raven,Plectrocnemia,0
Donor_Cage_11,Donor_13,Donor,Fall,Rock,Loch_Raven,Chimarra,8
Donor_Cage_11,Donor_13,Donor,Fall,Rock,Loch_Raven,Nigronia,0
Donor_Cage_11,Donor_13,Donor,Fall,Rock,Loch_Raven,Ameletus,0
Donor_Cage_11,Donor_13,Donor,Fall,Rock,Loch_Raven,Diplectrona,0
Donor_Cage_11,Donor_13,Donor,Fall,Rock,Loch_Raven,Eccoptura,0
Donor_Cage_11,Donor_13,Donor,Fall,Rock,Loch_Raven,Hydropsyche,2
Donor_Cage_11,Donor_13,Donor,Fall,Rock,Loch_Raven,Baetisca,0
Donor_Cage_11,Donor_13,Donor,Fall,Rock,Loch_Raven,Simulium,0
Donor_Cage_11,Donor_13,Donor,Fall,Rock,Loch_Raven,Isoperla,0
Donor_Cage_11,Donor_13,Donor,Fall,Rock,Loch_Raven,Dixa,0
Donor_Cage_11,Donor_13,Donor,Fall,Rock,Loch_Raven,Tropisternus,0
Donor_Cage_11,Donor_13,Donor,Fall,Rock,Loch_Raven,Anchytarsus,0
Donor_Cage_11,Donor_13,Donor,Fall,Rock,Loch_Raven,Psilotreta,0
Donor_Cage_11,Donor_13,Donor,Fall,Rock,Loch_Raven,Dubiraphia,0
Donor_Cage_11,Donor_13,Donor,Fall,Rock,Loch_Raven,Ptilostomis,0
Donor_Cage_11,Donor_13,Donor,Fall,Rock,Loch_Raven,Calopteryx,1
Donor_Cage_11,Donor_13,Donor,Fall,Rock,Loch_Raven,Molanna,0
Donor_Cage_11,Donor_13,Donor,Fall,Rock,Loch_Raven,Boyeria,0
Donor_Cage_11,Donor_13,Donor,Fall,Rock,Loch_Raven,Leptophlebia,0
Donor_Cage_11,Donor_13,Donor,Fall,Rock,Loch_Raven,Nyctiophylax,0
Donor_Cage_11,Donor_13,Donor,Fall,Rock,Loch_Raven,Argia,0
Donor_Cage_11,Donor_13,Donor,Fall,Rock,Loch_Raven,Rhyacophila,0
Donor_Cage_11,Donor_13,Donor,Fall,Rock,Loch_Raven,Probezzia,0
Donor_Cage_11,Donor_13,Donor,Fall,Rock,Loch_Raven,Neureclipsis,0
Donor_Cage_11,Donor_13,Donor,Fall,Rock,Loch_Raven,Eurylophella,2
Donor_Cage_11,Donor_13,Donor,Fall,Rock,Loch_Raven,Glossosoma,1
Donor_Cage_11,Donor_13,Donor,Fall,Rock,Loch_Raven,Rhagovelia,1
Donor_Cage_11,Donor_13,Donor,Fall,Rock,Loch_Raven,Neophylax,4
Donor_Cage_11,Donor_13,Donor,Fall,Rock,Loch_Raven,Microvelia,1
Donor_Cage_11,Donor_13,Donor,Fall,Rock,Loch_Raven,Hydatophylax,1
Donor_Cage_11,Donor_13,Donor,Fall,Rock,Loch_Raven,Antocha,1
Donor_Cage_11,Donor_13,Donor,Fall,Rock,Loch_Raven,Lepidostoma,0
Donor_Cage_11,Donor_13,Donor,Fall,Rock,Loch_Raven,Baetis,0
Donor_Cage_11,Donor_13,Donor,Fall,Rock,Loch_Raven,Oecetis,0
Donor_Cage_11,Donor_13,Donor,Fall,Rock,Loch_Raven,Ironoquia,0
Donor_Cage_11,Donor_13,Donor,Fall,Rock,Loch_Raven,Timpanoga,0
Donor_Cage_11,Donor_13,Donor,Fall,Rock,Loch_Raven,Polycentropus,0
Donor_Cage_11,Donor_13,Donor,Fall,Rock,Loch_Raven,Amphinemura,0
Donor_Cage_11,Donor_13,Donor,Fall,Rock,Loch_Raven,Penelomax,0
Donor_Cage_11,Donor_13,Donor,Fall,Rock,Loch_Raven,Ephemerella,0
Donor_Cage_11,Donor_13,Donor,Fall,Rock,Loch_Raven,Hemerodromia,0
Donor_Cage_11,Donor_13,Donor,Fall,Rock,Loch_Raven,Shipsa,0
Donor_Cage_11,Donor_13,Donor,Fall,Rock,Loch_Raven,Helichus,0
Donor_Cage_11,Donor_13,Donor,Fall,Rock,Loch_Raven,Neoleptophlebia,0
Donor_Cage_11,Donor_13,Donor,Fall,Rock,Loch_Raven,Attenella,0
Donor_Cage_11,Donor_13,Donor,Fall,Rock,Loch_Raven,Entomobryidae,0
Donor_Cage_11,Donor_13,Donor,Fall,Rock,Loch_Raven,Heptageniidae,0
Donor_Cage_11,Donor_13,Donor,Fall,Rock,Loch_Raven,Aeshna,0
Donor_Cage_11,Donor_13,Donor,Fall,Rock,Loch_Raven,Crambidae,0
Donor_Cage_11,Donor_13,Donor,Fall,Rock,Loch_Raven,Teloganopsis,0
Donor_Cage_11,Donor_13,Donor,Fall,Rock,Loch_Raven,Leptoceridae,0
Donor_Cage_11,Donor_13,Donor,Fall,Rock,Loch_Raven,Pycnopsyche,0
Donor_Cage_11,Donor_13,Donor,Fall,Rock,Loch_Raven,Triaenodes,0
Donor_Cage_11,Donor_13,Donor,Fall,Rock,Loch_Raven,Serratella,0
Donor_Cage_11,Donor_13,Donor,Fall,Rock,Loch_Raven,Optioservus,0
Donor_Cage_11,Donor_13,Donor,Fall,Rock,Loch_Raven,Hydrachnidia,0
Donor_Cage_11,Donor_13,Donor,Fall,Rock,Loch_Raven,Polymitarcyidae,0
Donor_Cage_11,Donor_13,Donor,Fall,Rock,Loch_Raven,Cambarus,0
Donor_Cage_11,Donor_13,Donor,Fall,Rock,Loch_Raven,Ancyronyx,0
Donor_Cage_11,Donor_13,Donor,Fall,Rock,Loch_Raven,Gammarus,0
Donor_Cage_11,Donor_13,Donor,Fall,Rock,Loch_Raven,Neoperla,0
Donor_Cage_12,Donor_13,Donor,Fall,Leaf,Loch_Raven,Allocapnia,193
Donor_Cage_12,Donor_13,Donor,Fall,Leaf,Loch_Raven,Maccaffertium,11
Donor_Cage_12,Donor_13,Donor,Fall,Leaf,Loch_Raven,Chironomidae,22
Donor_Cage_12,Donor_13,Donor,Fall,Leaf,Loch_Raven,Tipula,1
Donor_Cage_12,Donor_13,Donor,Fall,Leaf,Loch_Raven,Dolophilodes,7
Donor_Cage_12,Donor_13,Donor,Fall,Leaf,Loch_Raven,Cheumatopsyche,0
Donor_Cage_12,Donor_13,Donor,Fall,Leaf,Loch_Raven,Isonychia,0
Donor_Cage_12,Donor_13,Donor,Fall,Leaf,Loch_Raven,Plectrocnemia,0
Donor_Cage_12,Donor_13,Donor,Fall,Leaf,Loch_Raven,Chimarra,17
Donor_Cage_12,Donor_13,Donor,Fall,Leaf,Loch_Raven,Nigronia,0
Donor_Cage_12,Donor_13,Donor,Fall,Leaf,Loch_Raven,Ameletus,0
Donor_Cage_12,Donor_13,Donor,Fall,Leaf,Loch_Raven,Diplectrona,0
Donor_Cage_12,Donor_13,Donor,Fall,Leaf,Loch_Raven,Eccoptura,0
Donor_Cage_12,Donor_13,Donor,Fall,Leaf,Loch_Raven,Hydropsyche,4
Donor_Cage_12,Donor_13,Donor,Fall,Leaf,Loch_Raven,Baetisca,0
Donor_Cage_12,Donor_13,Donor,Fall,Leaf,Loch_Raven,Simulium,0
Donor_Cage_12,Donor_13,Donor,Fall,Leaf,Loch_Raven,Isoperla,0
Donor_Cage_12,Donor_13,Donor,Fall,Leaf,Loch_Raven,Dixa,0
Donor_Cage_12,Donor_13,Donor,Fall,Leaf,Loch_Raven,Tropisternus,0
Donor_Cage_12,Donor_13,Donor,Fall,Leaf,Loch_Raven,Anchytarsus,0
Donor_Cage_12,Donor_13,Donor,Fall,Leaf,Loch_Raven,Psilotreta,0
Donor_Cage_12,Donor_13,Donor,Fall,Leaf,Loch_Raven,Dubiraphia,0
Donor_Cage_12,Donor_13,Donor,Fall,Leaf,Loch_Raven,Ptilostomis,0
Donor_Cage_12,Donor_13,Donor,Fall,Leaf,Loch_Raven,Calopteryx,0
Donor_Cage_12,Donor_13,Donor,Fall,Leaf,Loch_Raven,Molanna,0
Donor_Cage_12,Donor_13,Donor,Fall,Leaf,Loch_Raven,Boyeria,0
Donor_Cage_12,Donor_13,Donor,Fall,Leaf,Loch_Raven,Leptophlebia,0
Donor_Cage_12,Donor_13,Donor,Fall,Leaf,Loch_Raven,Nyctiophylax,0
Donor_Cage_12,Donor_13,Donor,Fall,Leaf,Loch_Raven,Argia,0
Donor_Cage_12,Donor_13,Donor,Fall,Leaf,Loch_Raven,Rhyacophila,0
Donor_Cage_12,Donor_13,Donor,Fall,Leaf,Loch_Raven,Probezzia,0
Donor_Cage_12,Donor_13,Donor,Fall,Leaf,Loch_Raven,Neureclipsis,0
Donor_Cage_12,Donor_13,Donor,Fall,Leaf,Loch_Raven,Eurylophella,0
Donor_Cage_12,Donor_13,Donor,Fall,Leaf,Loch_Raven,Glossosoma,0
Donor_Cage_12,Donor_13,Donor,Fall,Leaf,Loch_Raven,Rhagovelia,0
Donor_Cage_12,Donor_13,Donor,Fall,Leaf,Loch_Raven,Neophylax,0
Donor_Cage_12,Donor_13,Donor,Fall,Leaf,Loch_Raven,Microvelia,0
Donor_Cage_12,Donor_13,Donor,Fall,Leaf,Loch_Raven,Hydatophylax,1
Donor_Cage_12,Donor_13,Donor,Fall,Leaf,Loch_Raven,Antocha,0
Donor_Cage_12,Donor_13,Donor,Fall,Leaf,Loch_Raven,Lepidostoma,0
Donor_Cage_12,Donor_13,Donor,Fall,Leaf,Loch_Raven,Baetis,0
Donor_Cage_12,Donor_13,Donor,Fall,Leaf,Loch_Raven,Oecetis,0
Donor_Cage_12,Donor_13,Donor,Fall,Leaf,Loch_Raven,Ironoquia,0
Donor_Cage_12,Donor_13,Donor,Fall,Leaf,Loch_Raven,Timpanoga,0
Donor_Cage_12,Donor_13,Donor,Fall,Leaf,Loch_Raven,Polycentropus,0
Donor_Cage_12,Donor_13,Donor,Fall,Leaf,Loch_Raven,Amphinemura,0
Donor_Cage_12,Donor_13,Donor,Fall,Leaf,Loch_Raven,Penelomax,0
Donor_Cage_12,Donor_13,Donor,Fall,Leaf,Loch_Raven,Ephemerella,0
Donor_Cage_12,Donor_13,Donor,Fall,Leaf,Loch_Raven,Hemerodromia,0
Donor_Cage_12,Donor_13,Donor,Fall,Leaf,Loch_Raven,Shipsa,0
Donor_Cage_12,Donor_13,Donor,Fall,Leaf,Loch_Raven,Helichus,0
Donor_Cage_12,Donor_13,Donor,Fall,Leaf,Loch_Raven,Neoleptophlebia,0
Donor_Cage_12,Donor_13,Donor,Fall,Leaf,Loch_Raven,Attenella,0
Donor_Cage_12,Donor_13,Donor,Fall,Leaf,Loch_Raven,Entomobryidae,0
Donor_Cage_12,Donor_13,Donor,Fall,Leaf,Loch_Raven,Heptageniidae,0
Donor_Cage_12,Donor_13,Donor,Fall,Leaf,Loch_Raven,Aeshna,0
Donor_Cage_12,Donor_13,Donor,Fall,Leaf,Loch_Raven,Crambidae,0
Donor_Cage_12,Donor_13,Donor,Fall,Leaf,Loch_Raven,Teloganopsis,0
Donor_Cage_12,Donor_13,Donor,Fall,Leaf,Loch_Raven,Leptoceridae,0
Donor_Cage_12,Donor_13,Donor,Fall,Leaf,Loch_Raven,Pycnopsyche,0
Donor_Cage_12,Donor_13,Donor,Fall,Leaf,Loch_Raven,Triaenodes,0
Donor_Cage_12,Donor_13,Donor,Fall,Leaf,Loch_Raven,Serratella,0
Donor_Cage_12,Donor_13,Donor,Fall,Leaf,Loch_Raven,Optioservus,0
Donor_Cage_12,Donor_13,Donor,Fall,Leaf,Loch_Raven,Hydrachnidia,0
Donor_Cage_12,Donor_13,Donor,Fall,Leaf,Loch_Raven,Polymitarcyidae,0
Donor_Cage_12,Donor_13,Donor,Fall,Leaf,Loch_Raven,Cambarus,0
Donor_Cage_12,Donor_13,Donor,Fall,Leaf,Loch_Raven,Ancyronyx,0
Donor_Cage_12,Donor_13,Donor,Fall,Leaf,Loch_Raven,Gammarus,0
Donor_Cage_12,Donor_13,Donor,Fall,Leaf,Loch_Raven,Neoperla,0
Donor_Cage_12,Donor_13,Donor,Fall,Rock,Loch_Raven,Allocapnia,69
Donor_Cage_12,Donor_13,Donor,Fall,Rock,Loch_Raven,Maccaffertium,12
Donor_Cage_12,Donor_13,Donor,Fall,Rock,Loch_Raven,Chironomidae,147
Donor_Cage_12,Donor_13,Donor,Fall,Rock,Loch_Raven,Tipula,2
Donor_Cage_12,Donor_13,Donor,Fall,Rock,Loch_Raven,Dolophilodes,2
Donor_Cage_12,Donor_13,Donor,Fall,Rock,Loch_Raven,Cheumatopsyche,15
Donor_Cage_12,Donor_13,Donor,Fall,Rock,Loch_Raven,Isonychia,2
Donor_Cage_12,Donor_13,Donor,Fall,Rock,Loch_Raven,Plectrocnemia,0
Donor_Cage_12,Donor_13,Donor,Fall,Rock,Loch_Raven,Chimarra,90
Donor_Cage_12,Donor_13,Donor,Fall,Rock,Loch_Raven,Nigronia,0
Donor_Cage_12,Donor_13,Donor,Fall,Rock,Loch_Raven,Ameletus,0
Donor_Cage_12,Donor_13,Donor,Fall,Rock,Loch_Raven,Diplectrona,0
Donor_Cage_12,Donor_13,Donor,Fall,Rock,Loch_Raven,Eccoptura,0
Donor_Cage_12,Donor_13,Donor,Fall,Rock,Loch_Raven,Hydropsyche,14
Donor_Cage_12,Donor_13,Donor,Fall,Rock,Loch_Raven,Baetisca,0
Donor_Cage_12,Donor_13,Donor,Fall,Rock,Loch_Raven,Simulium,0
Donor_Cage_12,Donor_13,Donor,Fall,Rock,Loch_Raven,Isoperla,0
Donor_Cage_12,Donor_13,Donor,Fall,Rock,Loch_Raven,Dixa,0
Donor_Cage_12,Donor_13,Donor,Fall,Rock,Loch_Raven,Tropisternus,0
Donor_Cage_12,Donor_13,Donor,Fall,Rock,Loch_Raven,Anchytarsus,0
Donor_Cage_12,Donor_13,Donor,Fall,Rock,Loch_Raven,Psilotreta,0
Donor_Cage_12,Donor_13,Donor,Fall,Rock,Loch_Raven,Dubiraphia,0
Donor_Cage_12,Donor_13,Donor,Fall,Rock,Loch_Raven,Ptilostomis,0
Donor_Cage_12,Donor_13,Donor,Fall,Rock,Loch_Raven,Calopteryx,0
Donor_Cage_12,Donor_13,Donor,Fall,Rock,Loch_Raven,Molanna,0
Donor_Cage_12,Donor_13,Donor,Fall,Rock,Loch_Raven,Boyeria,0
Donor_Cage_12,Donor_13,Donor,Fall,Rock,Loch_Raven,Leptophlebia,0
Donor_Cage_12,Donor_13,Donor,Fall,Rock,Loch_Raven,Nyctiophylax,0
Donor_Cage_12,Donor_13,Donor,Fall,Rock,Loch_Raven,Argia,0
Donor_Cage_12,Donor_13,Donor,Fall,Rock,Loch_Raven,Rhyacophila,0
Donor_Cage_12,Donor_13,Donor,Fall,Rock,Loch_Raven,Probezzia,0
Donor_Cage_12,Donor_13,Donor,Fall,Rock,Loch_Raven,Neureclipsis,0
Donor_Cage_12,Donor_13,Donor,Fall,Rock,Loch_Raven,Eurylophella,0
Donor_Cage_12,Donor_13,Donor,Fall,Rock,Loch_Raven,Glossosoma,0
Donor_Cage_12,Donor_13,Donor,Fall,Rock,Loch_Raven,Rhagovelia,0
Donor_Cage_12,Donor_13,Donor,Fall,Rock,Loch_Raven,Neophylax,0
Donor_Cage_12,Donor_13,Donor,Fall,Rock,Loch_Raven,Microvelia,0
Donor_Cage_12,Donor_13,Donor,Fall,Rock,Loch_Raven,Hydatophylax,0
Donor_Cage_12,Donor_13,Donor,Fall,Rock,Loch_Raven,Antocha,0
Donor_Cage_12,Donor_13,Donor,Fall,Rock,Loch_Raven,Lepidostoma,0
Donor_Cage_12,Donor_13,Donor,Fall,Rock,Loch_Raven,Baetis,0
Donor_Cage_12,Donor_13,Donor,Fall,Rock,Loch_Raven,Oecetis,0
Donor_Cage_12,Donor_13,Donor,Fall,Rock,Loch_Raven,Ironoquia,0
Donor_Cage_12,Donor_13,Donor,Fall,Rock,Loch_Raven,Timpanoga,0
Donor_Cage_12,Donor_13,Donor,Fall,Rock,Loch_Raven,Polycentropus,0
Donor_Cage_12,Donor_13,Donor,Fall,Rock,Loch_Raven,Amphinemura,0
Donor_Cage_12,Donor_13,Donor,Fall,Rock,Loch_Raven,Penelomax,0
Donor_Cage_12,Donor_13,Donor,Fall,Rock,Loch_Raven,Ephemerella,0
Donor_Cage_12,Donor_13,Donor,Fall,Rock,Loch_Raven,Hemerodromia,0
Donor_Cage_12,Donor_13,Donor,Fall,Rock,Loch_Raven,Shipsa,0
Donor_Cage_12,Donor_13,Donor,Fall,Rock,Loch_Raven,Helichus,0
Donor_Cage_12,Donor_13,Donor,Fall,Rock,Loch_Raven,Neoleptophlebia,0
Donor_Cage_12,Donor_13,Donor,Fall,Rock,Loch_Raven,Attenella,0
Donor_Cage_12,Donor_13,Donor,Fall,Rock,Loch_Raven,Entomobryidae,0
Donor_Cage_12,Donor_13,Donor,Fall,Rock,Loch_Raven,Heptageniidae,0
Donor_Cage_12,Donor_13,Donor,Fall,Rock,Loch_Raven,Aeshna,0
Donor_Cage_12,Donor_13,Donor,Fall,Rock,Loch_Raven,Crambidae,0
Donor_Cage_12,Donor_13,Donor,Fall,Rock,Loch_Raven,Teloganopsis,0
Donor_Cage_12,Donor_13,Donor,Fall,Rock,Loch_Raven,Leptoceridae,0
Donor_Cage_12,Donor_13,Donor,Fall,Rock,Loch_Raven,Pycnopsyche,0
Donor_Cage_12,Donor_13,Donor,Fall,Rock,Loch_Raven,Triaenodes,0
Donor_Cage_12,Donor_13,Donor,Fall,Rock,Loch_Raven,Serratella,0
Donor_Cage_12,Donor_13,Donor,Fall,Rock,Loch_Raven,Optioservus,0
Donor_Cage_12,Donor_13,Donor,Fall,Rock,Loch_Raven,Hydrachnidia,0
Donor_Cage_12,Donor_13,Donor,Fall,Rock,Loch_Raven,Polymitarcyidae,0
Donor_Cage_12,Donor_13,Donor,Fall,Rock,Loch_Raven,Cambarus,0
Donor_Cage_12,Donor_13,Donor,Fall,Rock,Loch_Raven,Ancyronyx,0
Donor_Cage_12,Donor_13,Donor,Fall,Rock,Loch_Raven,Gammarus,0
Donor_Cage_12,Donor_13,Donor,Fall,Rock,Loch_Raven,Neoperla,0
Donor_Cage_13,Donor_13,Donor,Fall,Leaf,Loch_Raven,Allocapnia,267
Donor_Cage_13,Donor_13,Donor,Fall,Leaf,Loch_Raven,Maccaffertium,7
Donor_Cage_13,Donor_13,Donor,Fall,Leaf,Loch_Raven,Chironomidae,89
Donor_Cage_13,Donor_13,Donor,Fall,Leaf,Loch_Raven,Tipula,5
Donor_Cage_13,Donor_13,Donor,Fall,Leaf,Loch_Raven,Dolophilodes,0
Donor_Cage_13,Donor_13,Donor,Fall,Leaf,Loch_Raven,Cheumatopsyche,1
Donor_Cage_13,Donor_13,Donor,Fall,Leaf,Loch_Raven,Isonychia,0
Donor_Cage_13,Donor_13,Donor,Fall,Leaf,Loch_Raven,Plectrocnemia,0
Donor_Cage_13,Donor_13,Donor,Fall,Leaf,Loch_Raven,Chimarra,1
Donor_Cage_13,Donor_13,Donor,Fall,Leaf,Loch_Raven,Nigronia,0
Donor_Cage_13,Donor_13,Donor,Fall,Leaf,Loch_Raven,Ameletus,0
Donor_Cage_13,Donor_13,Donor,Fall,Leaf,Loch_Raven,Diplectrona,0
Donor_Cage_13,Donor_13,Donor,Fall,Leaf,Loch_Raven,Eccoptura,0
Donor_Cage_13,Donor_13,Donor,Fall,Leaf,Loch_Raven,Hydropsyche,0
Donor_Cage_13,Donor_13,Donor,Fall,Leaf,Loch_Raven,Baetisca,0
Donor_Cage_13,Donor_13,Donor,Fall,Leaf,Loch_Raven,Simulium,0
Donor_Cage_13,Donor_13,Donor,Fall,Leaf,Loch_Raven,Isoperla,0
Donor_Cage_13,Donor_13,Donor,Fall,Leaf,Loch_Raven,Dixa,0
Donor_Cage_13,Donor_13,Donor,Fall,Leaf,Loch_Raven,Tropisternus,0
Donor_Cage_13,Donor_13,Donor,Fall,Leaf,Loch_Raven,Anchytarsus,0
Donor_Cage_13,Donor_13,Donor,Fall,Leaf,Loch_Raven,Psilotreta,0
Donor_Cage_13,Donor_13,Donor,Fall,Leaf,Loch_Raven,Dubiraphia,0
Donor_Cage_13,Donor_13,Donor,Fall,Leaf,Loch_Raven,Ptilostomis,0
Donor_Cage_13,Donor_13,Donor,Fall,Leaf,Loch_Raven,Calopteryx,1
Donor_Cage_13,Donor_13,Donor,Fall,Leaf,Loch_Raven,Molanna,0
Donor_Cage_13,Donor_13,Donor,Fall,Leaf,Loch_Raven,Boyeria,0
Donor_Cage_13,Donor_13,Donor,Fall,Leaf,Loch_Raven,Leptophlebia,0
Donor_Cage_13,Donor_13,Donor,Fall,Leaf,Loch_Raven,Nyctiophylax,0
Donor_Cage_13,Donor_13,Donor,Fall,Leaf,Loch_Raven,Argia,0
Donor_Cage_13,Donor_13,Donor,Fall,Leaf,Loch_Raven,Rhyacophila,0
Donor_Cage_13,Donor_13,Donor,Fall,Leaf,Loch_Raven,Probezzia,0
Donor_Cage_13,Donor_13,Donor,Fall,Leaf,Loch_Raven,Neureclipsis,0
Donor_Cage_13,Donor_13,Donor,Fall,Leaf,Loch_Raven,Eurylophella,0
Donor_Cage_13,Donor_13,Donor,Fall,Leaf,Loch_Raven,Glossosoma,0
Donor_Cage_13,Donor_13,Donor,Fall,Leaf,Loch_Raven,Rhagovelia,0
Donor_Cage_13,Donor_13,Donor,Fall,Leaf,Loch_Raven,Neophylax,0
Donor_Cage_13,Donor_13,Donor,Fall,Leaf,Loch_Raven,Microvelia,0
Donor_Cage_13,Donor_13,Donor,Fall,Leaf,Loch_Raven,Hydatophylax,0
Donor_Cage_13,Donor_13,Donor,Fall,Leaf,Loch_Raven,Antocha,0
Donor_Cage_13,Donor_13,Donor,Fall,Leaf,Loch_Raven,Lepidostoma,0
Donor_Cage_13,Donor_13,Donor,Fall,Leaf,Loch_Raven,Baetis,0
Donor_Cage_13,Donor_13,Donor,Fall,Leaf,Loch_Raven,Oecetis,0
Donor_Cage_13,Donor_13,Donor,Fall,Leaf,Loch_Raven,Ironoquia,0
Donor_Cage_13,Donor_13,Donor,Fall,Leaf,Loch_Raven,Timpanoga,0
Donor_Cage_13,Donor_13,Donor,Fall,Leaf,Loch_Raven,Polycentropus,0
Donor_Cage_13,Donor_13,Donor,Fall,Leaf,Loch_Raven,Amphinemura,0
Donor_Cage_13,Donor_13,Donor,Fall,Leaf,Loch_Raven,Penelomax,0
Donor_Cage_13,Donor_13,Donor,Fall,Leaf,Loch_Raven,Ephemerella,0
Donor_Cage_13,Donor_13,Donor,Fall,Leaf,Loch_Raven,Hemerodromia,0
Donor_Cage_13,Donor_13,Donor,Fall,Leaf,Loch_Raven,Shipsa,0
Donor_Cage_13,Donor_13,Donor,Fall,Leaf,Loch_Raven,Helichus,0
Donor_Cage_13,Donor_13,Donor,Fall,Leaf,Loch_Raven,Neoleptophlebia,0
Donor_Cage_13,Donor_13,Donor,Fall,Leaf,Loch_Raven,Attenella,0
Donor_Cage_13,Donor_13,Donor,Fall,Leaf,Loch_Raven,Entomobryidae,0
Donor_Cage_13,Donor_13,Donor,Fall,Leaf,Loch_Raven,Heptageniidae,0
Donor_Cage_13,Donor_13,Donor,Fall,Leaf,Loch_Raven,Aeshna,0
Donor_Cage_13,Donor_13,Donor,Fall,Leaf,Loch_Raven,Crambidae,0
Donor_Cage_13,Donor_13,Donor,Fall,Leaf,Loch_Raven,Teloganopsis,0
Donor_Cage_13,Donor_13,Donor,Fall,Leaf,Loch_Raven,Leptoceridae,0
Donor_Cage_13,Donor_13,Donor,Fall,Leaf,Loch_Raven,Pycnopsyche,0
Donor_Cage_13,Donor_13,Donor,Fall,Leaf,Loch_Raven,Triaenodes,0
Donor_Cage_13,Donor_13,Donor,Fall,Leaf,Loch_Raven,Serratella,0
Donor_Cage_13,Donor_13,Donor,Fall,Leaf,Loch_Raven,Optioservus,0
Donor_Cage_13,Donor_13,Donor,Fall,Leaf,Loch_Raven,Hydrachnidia,0
Donor_Cage_13,Donor_13,Donor,Fall,Leaf,Loch_Raven,Polymitarcyidae,0
Donor_Cage_13,Donor_13,Donor,Fall,Leaf,Loch_Raven,Cambarus,0
Donor_Cage_13,Donor_13,Donor,Fall,Leaf,Loch_Raven,Ancyronyx,0
Donor_Cage_13,Donor_13,Donor,Fall,Leaf,Loch_Raven,Gammarus,0
Donor_Cage_13,Donor_13,Donor,Fall,Leaf,Loch_Raven,Neoperla,0
Donor_Cage_13,Donor_13,Donor,Fall,Rock,Loch_Raven,Allocapnia,39
Donor_Cage_13,Donor_13,Donor,Fall,Rock,Loch_Raven,Maccaffertium,9
Donor_Cage_13,Donor_13,Donor,Fall,Rock,Loch_Raven,Chironomidae,35
Donor_Cage_13,Donor_13,Donor,Fall,Rock,Loch_Raven,Tipula,0
Donor_Cage_13,Donor_13,Donor,Fall,Rock,Loch_Raven,Dolophilodes,0
Donor_Cage_13,Donor_13,Donor,Fall,Rock,Loch_Raven,Cheumatopsyche,1
Donor_Cage_13,Donor_13,Donor,Fall,Rock,Loch_Raven,Isonychia,0
Donor_Cage_13,Donor_13,Donor,Fall,Rock,Loch_Raven,Plectrocnemia,0
Donor_Cage_13,Donor_13,Donor,Fall,Rock,Loch_Raven,Chimarra,0
Donor_Cage_13,Donor_13,Donor,Fall,Rock,Loch_Raven,Nigronia,0
Donor_Cage_13,Donor_13,Donor,Fall,Rock,Loch_Raven,Ameletus,0
Donor_Cage_13,Donor_13,Donor,Fall,Rock,Loch_Raven,Diplectrona,0
Donor_Cage_13,Donor_13,Donor,Fall,Rock,Loch_Raven,Eccoptura,0
Donor_Cage_13,Donor_13,Donor,Fall,Rock,Loch_Raven,Hydropsyche,1
Donor_Cage_13,Donor_13,Donor,Fall,Rock,Loch_Raven,Baetisca,0
Donor_Cage_13,Donor_13,Donor,Fall,Rock,Loch_Raven,Simulium,0
Donor_Cage_13,Donor_13,Donor,Fall,Rock,Loch_Raven,Isoperla,0
Donor_Cage_13,Donor_13,Donor,Fall,Rock,Loch_Raven,Dixa,0
Donor_Cage_13,Donor_13,Donor,Fall,Rock,Loch_Raven,Tropisternus,0
Donor_Cage_13,Donor_13,Donor,Fall,Rock,Loch_Raven,Anchytarsus,0
Donor_Cage_13,Donor_13,Donor,Fall,Rock,Loch_Raven,Psilotreta,0
Donor_Cage_13,Donor_13,Donor,Fall,Rock,Loch_Raven,Dubiraphia,0
Donor_Cage_13,Donor_13,Donor,Fall,Rock,Loch_Raven,Ptilostomis,0
Donor_Cage_13,Donor_13,Donor,Fall,Rock,Loch_Raven,Calopteryx,0
Donor_Cage_13,Donor_13,Donor,Fall,Rock,Loch_Raven,Molanna,0
Donor_Cage_13,Donor_13,Donor,Fall,Rock,Loch_Raven,Boyeria,0
Donor_Cage_13,Donor_13,Donor,Fall,Rock,Loch_Raven,Leptophlebia,0
Donor_Cage_13,Donor_13,Donor,Fall,Rock,Loch_Raven,Nyctiophylax,0
Donor_Cage_13,Donor_13,Donor,Fall,Rock,Loch_Raven,Argia,0
Donor_Cage_13,Donor_13,Donor,Fall,Rock,Loch_Raven,Rhyacophila,0
Donor_Cage_13,Donor_13,Donor,Fall,Rock,Loch_Raven,Probezzia,0
Donor_Cage_13,Donor_13,Donor,Fall,Rock,Loch_Raven,Neureclipsis,0
Donor_Cage_13,Donor_13,Donor,Fall,Rock,Loch_Raven,Eurylophella,0
Donor_Cage_13,Donor_13,Donor,Fall,Rock,Loch_Raven,Glossosoma,0
Donor_Cage_13,Donor_13,Donor,Fall,Rock,Loch_Raven,Rhagovelia,0
Donor_Cage_13,Donor_13,Donor,Fall,Rock,Loch_Raven,Neophylax,0
Donor_Cage_13,Donor_13,Donor,Fall,Rock,Loch_Raven,Microvelia,0
Donor_Cage_13,Donor_13,Donor,Fall,Rock,Loch_Raven,Hydatophylax,0
Donor_Cage_13,Donor_13,Donor,Fall,Rock,Loch_Raven,Antocha,0
Donor_Cage_13,Donor_13,Donor,Fall,Rock,Loch_Raven,Lepidostoma,0
Donor_Cage_13,Donor_13,Donor,Fall,Rock,Loch_Raven,Baetis,0
Donor_Cage_13,Donor_13,Donor,Fall,Rock,Loch_Raven,Oecetis,0
Donor_Cage_13,Donor_13,Donor,Fall,Rock,Loch_Raven,Ironoquia,0
Donor_Cage_13,Donor_13,Donor,Fall,Rock,Loch_Raven,Timpanoga,0
Donor_Cage_13,Donor_13,Donor,Fall,Rock,Loch_Raven,Polycentropus,0
Donor_Cage_13,Donor_13,Donor,Fall,Rock,Loch_Raven,Amphinemura,0
Donor_Cage_13,Donor_13,Donor,Fall,Rock,Loch_Raven,Penelomax,0
Donor_Cage_13,Donor_13,Donor,Fall,Rock,Loch_Raven,Ephemerella,0
Donor_Cage_13,Donor_13,Donor,Fall,Rock,Loch_Raven,Hemerodromia,0
Donor_Cage_13,Donor_13,Donor,Fall,Rock,Loch_Raven,Shipsa,0
Donor_Cage_13,Donor_13,Donor,Fall,Rock,Loch_Raven,Helichus,0
Donor_Cage_13,Donor_13,Donor,Fall,Rock,Loch_Raven,Neoleptophlebia,0
Donor_Cage_13,Donor_13,Donor,Fall,Rock,Loch_Raven,Attenella,0
Donor_Cage_13,Donor_13,Donor,Fall,Rock,Loch_Raven,Entomobryidae,0
Donor_Cage_13,Donor_13,Donor,Fall,Rock,Loch_Raven,Heptageniidae,0
Donor_Cage_13,Donor_13,Donor,Fall,Rock,Loch_Raven,Aeshna,0
Donor_Cage_13,Donor_13,Donor,Fall,Rock,Loch_Raven,Crambidae,0
Donor_Cage_13,Donor_13,Donor,Fall,Rock,Loch_Raven,Teloganopsis,0
Donor_Cage_13,Donor_13,Donor,Fall,Rock,Loch_Raven,Leptoceridae,0
Donor_Cage_13,Donor_13,Donor,Fall,Rock,Loch_Raven,Pycnopsyche,0
Donor_Cage_13,Donor_13,Donor,Fall,Rock,Loch_Raven,Triaenodes,0
Donor_Cage_13,Donor_13,Donor,Fall,Rock,Loch_Raven,Serratella,0
Donor_Cage_13,Donor_13,Donor,Fall,Rock,Loch_Raven,Optioservus,0
Donor_Cage_13,Donor_13,Donor,Fall,Rock,Loch_Raven,Hydrachnidia,0
Donor_Cage_13,Donor_13,Donor,Fall,Rock,Loch_Raven,Polymitarcyidae,0
Donor_Cage_13,Donor_13,Donor,Fall,Rock,Loch_Raven,Cambarus,0
Donor_Cage_13,Donor_13,Donor,Fall,Rock,Loch_Raven,Ancyronyx,0
Donor_Cage_13,Donor_13,Donor,Fall,Rock,Loch_Raven,Gammarus,0
Donor_Cage_13,Donor_13,Donor,Fall,Rock,Loch_Raven,Neoperla,0
Donor_Cage_14,Donor_13,Donor,Fall,Leaf,Loch_Raven,Allocapnia,239
Donor_Cage_14,Donor_13,Donor,Fall,Leaf,Loch_Raven,Maccaffertium,2
Donor_Cage_14,Donor_13,Donor,Fall,Leaf,Loch_Raven,Chironomidae,35
Donor_Cage_14,Donor_13,Donor,Fall,Leaf,Loch_Raven,Tipula,1
Donor_Cage_14,Donor_13,Donor,Fall,Leaf,Loch_Raven,Dolophilodes,0
Donor_Cage_14,Donor_13,Donor,Fall,Leaf,Loch_Raven,Cheumatopsyche,0
Donor_Cage_14,Donor_13,Donor,Fall,Leaf,Loch_Raven,Isonychia,0
Donor_Cage_14,Donor_13,Donor,Fall,Leaf,Loch_Raven,Plectrocnemia,0
Donor_Cage_14,Donor_13,Donor,Fall,Leaf,Loch_Raven,Chimarra,0
Donor_Cage_14,Donor_13,Donor,Fall,Leaf,Loch_Raven,Nigronia,0
Donor_Cage_14,Donor_13,Donor,Fall,Leaf,Loch_Raven,Ameletus,0
Donor_Cage_14,Donor_13,Donor,Fall,Leaf,Loch_Raven,Diplectrona,0
Donor_Cage_14,Donor_13,Donor,Fall,Leaf,Loch_Raven,Eccoptura,0
Donor_Cage_14,Donor_13,Donor,Fall,Leaf,Loch_Raven,Hydropsyche,0
Donor_Cage_14,Donor_13,Donor,Fall,Leaf,Loch_Raven,Baetisca,0
Donor_Cage_14,Donor_13,Donor,Fall,Leaf,Loch_Raven,Simulium,0
Donor_Cage_14,Donor_13,Donor,Fall,Leaf,Loch_Raven,Isoperla,0
Donor_Cage_14,Donor_13,Donor,Fall,Leaf,Loch_Raven,Dixa,0
Donor_Cage_14,Donor_13,Donor,Fall,Leaf,Loch_Raven,Tropisternus,4
Donor_Cage_14,Donor_13,Donor,Fall,Leaf,Loch_Raven,Anchytarsus,0
Donor_Cage_14,Donor_13,Donor,Fall,Leaf,Loch_Raven,Psilotreta,0
Donor_Cage_14,Donor_13,Donor,Fall,Leaf,Loch_Raven,Dubiraphia,0
Donor_Cage_14,Donor_13,Donor,Fall,Leaf,Loch_Raven,Ptilostomis,0
Donor_Cage_14,Donor_13,Donor,Fall,Leaf,Loch_Raven,Calopteryx,0
Donor_Cage_14,Donor_13,Donor,Fall,Leaf,Loch_Raven,Molanna,0
Donor_Cage_14,Donor_13,Donor,Fall,Leaf,Loch_Raven,Boyeria,0
Donor_Cage_14,Donor_13,Donor,Fall,Leaf,Loch_Raven,Leptophlebia,0
Donor_Cage_14,Donor_13,Donor,Fall,Leaf,Loch_Raven,Nyctiophylax,0
Donor_Cage_14,Donor_13,Donor,Fall,Leaf,Loch_Raven,Argia,0
Donor_Cage_14,Donor_13,Donor,Fall,Leaf,Loch_Raven,Rhyacophila,0
Donor_Cage_14,Donor_13,Donor,Fall,Leaf,Loch_Raven,Probezzia,0
Donor_Cage_14,Donor_13,Donor,Fall,Leaf,Loch_Raven,Neureclipsis,0
Donor_Cage_14,Donor_13,Donor,Fall,Leaf,Loch_Raven,Eurylophella,1
Donor_Cage_14,Donor_13,Donor,Fall,Leaf,Loch_Raven,Glossosoma,0
Donor_Cage_14,Donor_13,Donor,Fall,Leaf,Loch_Raven,Rhagovelia,0
Donor_Cage_14,Donor_13,Donor,Fall,Leaf,Loch_Raven,Neophylax,0
Donor_Cage_14,Donor_13,Donor,Fall,Leaf,Loch_Raven,Microvelia,5
Donor_Cage_14,Donor_13,Donor,Fall,Leaf,Loch_Raven,Hydatophylax,0
Donor_Cage_14,Donor_13,Donor,Fall,Leaf,Loch_Raven,Antocha,1
Donor_Cage_14,Donor_13,Donor,Fall,Leaf,Loch_Raven,Lepidostoma,0
Donor_Cage_14,Donor_13,Donor,Fall,Leaf,Loch_Raven,Baetis,0
Donor_Cage_14,Donor_13,Donor,Fall,Leaf,Loch_Raven,Oecetis,0
Donor_Cage_14,Donor_13,Donor,Fall,Leaf,Loch_Raven,Ironoquia,0
Donor_Cage_14,Donor_13,Donor,Fall,Leaf,Loch_Raven,Timpanoga,0
Donor_Cage_14,Donor_13,Donor,Fall,Leaf,Loch_Raven,Polycentropus,0
Donor_Cage_14,Donor_13,Donor,Fall,Leaf,Loch_Raven,Amphinemura,0
Donor_Cage_14,Donor_13,Donor,Fall,Leaf,Loch_Raven,Penelomax,0
Donor_Cage_14,Donor_13,Donor,Fall,Leaf,Loch_Raven,Ephemerella,0
Donor_Cage_14,Donor_13,Donor,Fall,Leaf,Loch_Raven,Hemerodromia,0
Donor_Cage_14,Donor_13,Donor,Fall,Leaf,Loch_Raven,Shipsa,0
Donor_Cage_14,Donor_13,Donor,Fall,Leaf,Loch_Raven,Helichus,0
Donor_Cage_14,Donor_13,Donor,Fall,Leaf,Loch_Raven,Neoleptophlebia,0
Donor_Cage_14,Donor_13,Donor,Fall,Leaf,Loch_Raven,Attenella,0
Donor_Cage_14,Donor_13,Donor,Fall,Leaf,Loch_Raven,Entomobryidae,0
Donor_Cage_14,Donor_13,Donor,Fall,Leaf,Loch_Raven,Heptageniidae,0
Donor_Cage_14,Donor_13,Donor,Fall,Leaf,Loch_Raven,Aeshna,0
Donor_Cage_14,Donor_13,Donor,Fall,Leaf,Loch_Raven,Crambidae,0
Donor_Cage_14,Donor_13,Donor,Fall,Leaf,Loch_Raven,Teloganopsis,0
Donor_Cage_14,Donor_13,Donor,Fall,Leaf,Loch_Raven,Leptoceridae,0
Donor_Cage_14,Donor_13,Donor,Fall,Leaf,Loch_Raven,Pycnopsyche,0
Donor_Cage_14,Donor_13,Donor,Fall,Leaf,Loch_Raven,Triaenodes,0
Donor_Cage_14,Donor_13,Donor,Fall,Leaf,Loch_Raven,Serratella,0
Donor_Cage_14,Donor_13,Donor,Fall,Leaf,Loch_Raven,Optioservus,0
Donor_Cage_14,Donor_13,Donor,Fall,Leaf,Loch_Raven,Hydrachnidia,0
Donor_Cage_14,Donor_13,Donor,Fall,Leaf,Loch_Raven,Polymitarcyidae,0
Donor_Cage_14,Donor_13,Donor,Fall,Leaf,Loch_Raven,Cambarus,0
Donor_Cage_14,Donor_13,Donor,Fall,Leaf,Loch_Raven,Ancyronyx,0
Donor_Cage_14,Donor_13,Donor,Fall,Leaf,Loch_Raven,Gammarus,0
Donor_Cage_14,Donor_13,Donor,Fall,Leaf,Loch_Raven,Neoperla,0
Donor_Cage_14,Donor_13,Donor,Fall,Rock,Loch_Raven,Allocapnia,116
Donor_Cage_14,Donor_13,Donor,Fall,Rock,Loch_Raven,Maccaffertium,6
Donor_Cage_14,Donor_13,Donor,Fall,Rock,Loch_Raven,Chironomidae,94
Donor_Cage_14,Donor_13,Donor,Fall,Rock,Loch_Raven,Tipula,0
Donor_Cage_14,Donor_13,Donor,Fall,Rock,Loch_Raven,Dolophilodes,0
Donor_Cage_14,Donor_13,Donor,Fall,Rock,Loch_Raven,Cheumatopsyche,0
Donor_Cage_14,Donor_13,Donor,Fall,Rock,Loch_Raven,Isonychia,0
Donor_Cage_14,Donor_13,Donor,Fall,Rock,Loch_Raven,Plectrocnemia,0
Donor_Cage_14,Donor_13,Donor,Fall,Rock,Loch_Raven,Chimarra,1
Donor_Cage_14,Donor_13,Donor,Fall,Rock,Loch_Raven,Nigronia,0
Donor_Cage_14,Donor_13,Donor,Fall,Rock,Loch_Raven,Ameletus,0
Donor_Cage_14,Donor_13,Donor,Fall,Rock,Loch_Raven,Diplectrona,0
Donor_Cage_14,Donor_13,Donor,Fall,Rock,Loch_Raven,Eccoptura,0
Donor_Cage_14,Donor_13,Donor,Fall,Rock,Loch_Raven,Hydropsyche,0
Donor_Cage_14,Donor_13,Donor,Fall,Rock,Loch_Raven,Baetisca,0
Donor_Cage_14,Donor_13,Donor,Fall,Rock,Loch_Raven,Simulium,0
Donor_Cage_14,Donor_13,Donor,Fall,Rock,Loch_Raven,Isoperla,0
Donor_Cage_14,Donor_13,Donor,Fall,Rock,Loch_Raven,Dixa,0
Donor_Cage_14,Donor_13,Donor,Fall,Rock,Loch_Raven,Tropisternus,0
Donor_Cage_14,Donor_13,Donor,Fall,Rock,Loch_Raven,Anchytarsus,0
Donor_Cage_14,Donor_13,Donor,Fall,Rock,Loch_Raven,Psilotreta,0
Donor_Cage_14,Donor_13,Donor,Fall,Rock,Loch_Raven,Dubiraphia,0
Donor_Cage_14,Donor_13,Donor,Fall,Rock,Loch_Raven,Ptilostomis,0
Donor_Cage_14,Donor_13,Donor,Fall,Rock,Loch_Raven,Calopteryx,0
Donor_Cage_14,Donor_13,Donor,Fall,Rock,Loch_Raven,Molanna,0
Donor_Cage_14,Donor_13,Donor,Fall,Rock,Loch_Raven,Boyeria,0
Donor_Cage_14,Donor_13,Donor,Fall,Rock,Loch_Raven,Leptophlebia,0
Donor_Cage_14,Donor_13,Donor,Fall,Rock,Loch_Raven,Nyctiophylax,0
Donor_Cage_14,Donor_13,Donor,Fall,Rock,Loch_Raven,Argia,0
Donor_Cage_14,Donor_13,Donor,Fall,Rock,Loch_Raven,Rhyacophila,0
Donor_Cage_14,Donor_13,Donor,Fall,Rock,Loch_Raven,Probezzia,0
Donor_Cage_14,Donor_13,Donor,Fall,Rock,Loch_Raven,Neureclipsis,0
Donor_Cage_14,Donor_13,Donor,Fall,Rock,Loch_Raven,Eurylophella,0
Donor_Cage_14,Donor_13,Donor,Fall,Rock,Loch_Raven,Glossosoma,0
Donor_Cage_14,Donor_13,Donor,Fall,Rock,Loch_Raven,Rhagovelia,0
Donor_Cage_14,Donor_13,Donor,Fall,Rock,Loch_Raven,Neophylax,0
Donor_Cage_14,Donor_13,Donor,Fall,Rock,Loch_Raven,Microvelia,0
Donor_Cage_14,Donor_13,Donor,Fall,Rock,Loch_Raven,Hydatophylax,0
Donor_Cage_14,Donor_13,Donor,Fall,Rock,Loch_Raven,Antocha,0
Donor_Cage_14,Donor_13,Donor,Fall,Rock,Loch_Raven,Lepidostoma,0
Donor_Cage_14,Donor_13,Donor,Fall,Rock,Loch_Raven,Baetis,0
Donor_Cage_14,Donor_13,Donor,Fall,Rock,Loch_Raven,Oecetis,0
Donor_Cage_14,Donor_13,Donor,Fall,Rock,Loch_Raven,Ironoquia,0
Donor_Cage_14,Donor_13,Donor,Fall,Rock,Loch_Raven,Timpanoga,0
Donor_Cage_14,Donor_13,Donor,Fall,Rock,Loch_Raven,Polycentropus,0
Donor_Cage_14,Donor_13,Donor,Fall,Rock,Loch_Raven,Amphinemura,0
Donor_Cage_14,Donor_13,Donor,Fall,Rock,Loch_Raven,Penelomax,0
Donor_Cage_14,Donor_13,Donor,Fall,Rock,Loch_Raven,Ephemerella,0
Donor_Cage_14,Donor_13,Donor,Fall,Rock,Loch_Raven,Hemerodromia,0
Donor_Cage_14,Donor_13,Donor,Fall,Rock,Loch_Raven,Shipsa,0
Donor_Cage_14,Donor_13,Donor,Fall,Rock,Loch_Raven,Helichus,0
Donor_Cage_14,Donor_13,Donor,Fall,Rock,Loch_Raven,Neoleptophlebia,0
Donor_Cage_14,Donor_13,Donor,Fall,Rock,Loch_Raven,Attenella,0
Donor_Cage_14,Donor_13,Donor,Fall,Rock,Loch_Raven,Entomobryidae,0
Donor_Cage_14,Donor_13,Donor,Fall,Rock,Loch_Raven,Heptageniidae,0
Donor_Cage_14,Donor_13,Donor,Fall,Rock,Loch_Raven,Aeshna,0
Donor_Cage_14,Donor_13,Donor,Fall,Rock,Loch_Raven,Crambidae,0
Donor_Cage_14,Donor_13,Donor,Fall,Rock,Loch_Raven,Teloganopsis,0
Donor_Cage_14,Donor_13,Donor,Fall,Rock,Loch_Raven,Leptoceridae,0
Donor_Cage_14,Donor_13,Donor,Fall,Rock,Loch_Raven,Pycnopsyche,0
Donor_Cage_14,Donor_13,Donor,Fall,Rock,Loch_Raven,Triaenodes,0
Donor_Cage_14,Donor_13,Donor,Fall,Rock,Loch_Raven,Serratella,0
Donor_Cage_14,Donor_13,Donor,Fall,Rock,Loch_Raven,Optioservus,0
Donor_Cage_14,Donor_13,Donor,Fall,Rock,Loch_Raven,Hydrachnidia,0
Donor_Cage_14,Donor_13,Donor,Fall,Rock,Loch_Raven,Polymitarcyidae,0
Donor_Cage_14,Donor_13,Donor,Fall,Rock,Loch_Raven,Cambarus,0
Donor_Cage_14,Donor_13,Donor,Fall,Rock,Loch_Raven,Ancyronyx,0
Donor_Cage_14,Donor_13,Donor,Fall,Rock,Loch_Raven,Gammarus,0
Donor_Cage_14,Donor_13,Donor,Fall,Rock,Loch_Raven,Neoperla,0
Donor_Cage_15,Donor_13,Donor,Fall,Leaf,Loch_Raven,Allocapnia,57
Donor_Cage_15,Donor_13,Donor,Fall,Leaf,Loch_Raven,Maccaffertium,22
Donor_Cage_15,Donor_13,Donor,Fall,Leaf,Loch_Raven,Chironomidae,89
Donor_Cage_15,Donor_13,Donor,Fall,Leaf,Loch_Raven,Tipula,1
Donor_Cage_15,Donor_13,Donor,Fall,Leaf,Loch_Raven,Dolophilodes,0
Donor_Cage_15,Donor_13,Donor,Fall,Leaf,Loch_Raven,Cheumatopsyche,0
Donor_Cage_15,Donor_13,Donor,Fall,Leaf,Loch_Raven,Isonychia,2
Donor_Cage_15,Donor_13,Donor,Fall,Leaf,Loch_Raven,Plectrocnemia,0
Donor_Cage_15,Donor_13,Donor,Fall,Leaf,Loch_Raven,Chimarra,1
Donor_Cage_15,Donor_13,Donor,Fall,Leaf,Loch_Raven,Nigronia,0
Donor_Cage_15,Donor_13,Donor,Fall,Leaf,Loch_Raven,Ameletus,0
Donor_Cage_15,Donor_13,Donor,Fall,Leaf,Loch_Raven,Diplectrona,0
Donor_Cage_15,Donor_13,Donor,Fall,Leaf,Loch_Raven,Eccoptura,0
Donor_Cage_15,Donor_13,Donor,Fall,Leaf,Loch_Raven,Hydropsyche,2
Donor_Cage_15,Donor_13,Donor,Fall,Leaf,Loch_Raven,Baetisca,0
Donor_Cage_15,Donor_13,Donor,Fall,Leaf,Loch_Raven,Simulium,0
Donor_Cage_15,Donor_13,Donor,Fall,Leaf,Loch_Raven,Isoperla,0
Donor_Cage_15,Donor_13,Donor,Fall,Leaf,Loch_Raven,Dixa,0
Donor_Cage_15,Donor_13,Donor,Fall,Leaf,Loch_Raven,Tropisternus,0
Donor_Cage_15,Donor_13,Donor,Fall,Leaf,Loch_Raven,Anchytarsus,0
Donor_Cage_15,Donor_13,Donor,Fall,Leaf,Loch_Raven,Psilotreta,0
Donor_Cage_15,Donor_13,Donor,Fall,Leaf,Loch_Raven,Dubiraphia,0
Donor_Cage_15,Donor_13,Donor,Fall,Leaf,Loch_Raven,Ptilostomis,0
Donor_Cage_15,Donor_13,Donor,Fall,Leaf,Loch_Raven,Calopteryx,0
Donor_Cage_15,Donor_13,Donor,Fall,Leaf,Loch_Raven,Molanna,0
Donor_Cage_15,Donor_13,Donor,Fall,Leaf,Loch_Raven,Boyeria,0
Donor_Cage_15,Donor_13,Donor,Fall,Leaf,Loch_Raven,Leptophlebia,0
Donor_Cage_15,Donor_13,Donor,Fall,Leaf,Loch_Raven,Nyctiophylax,0
Donor_Cage_15,Donor_13,Donor,Fall,Leaf,Loch_Raven,Argia,0
Donor_Cage_15,Donor_13,Donor,Fall,Leaf,Loch_Raven,Rhyacophila,0
Donor_Cage_15,Donor_13,Donor,Fall,Leaf,Loch_Raven,Probezzia,0
Donor_Cage_15,Donor_13,Donor,Fall,Leaf,Loch_Raven,Neureclipsis,0
Donor_Cage_15,Donor_13,Donor,Fall,Leaf,Loch_Raven,Eurylophella,0
Donor_Cage_15,Donor_13,Donor,Fall,Leaf,Loch_Raven,Glossosoma,1
Donor_Cage_15,Donor_13,Donor,Fall,Leaf,Loch_Raven,Rhagovelia,1
Donor_Cage_15,Donor_13,Donor,Fall,Leaf,Loch_Raven,Neophylax,0
Donor_Cage_15,Donor_13,Donor,Fall,Leaf,Loch_Raven,Microvelia,0
Donor_Cage_15,Donor_13,Donor,Fall,Leaf,Loch_Raven,Hydatophylax,0
Donor_Cage_15,Donor_13,Donor,Fall,Leaf,Loch_Raven,Antocha,0
Donor_Cage_15,Donor_13,Donor,Fall,Leaf,Loch_Raven,Lepidostoma,2
Donor_Cage_15,Donor_13,Donor,Fall,Leaf,Loch_Raven,Baetis,1
Donor_Cage_15,Donor_13,Donor,Fall,Leaf,Loch_Raven,Oecetis,0
Donor_Cage_15,Donor_13,Donor,Fall,Leaf,Loch_Raven,Ironoquia,0
Donor_Cage_15,Donor_13,Donor,Fall,Leaf,Loch_Raven,Timpanoga,0
Donor_Cage_15,Donor_13,Donor,Fall,Leaf,Loch_Raven,Polycentropus,0
Donor_Cage_15,Donor_13,Donor,Fall,Leaf,Loch_Raven,Amphinemura,0
Donor_Cage_15,Donor_13,Donor,Fall,Leaf,Loch_Raven,Penelomax,0
Donor_Cage_15,Donor_13,Donor,Fall,Leaf,Loch_Raven,Ephemerella,0
Donor_Cage_15,Donor_13,Donor,Fall,Leaf,Loch_Raven,Hemerodromia,0
Donor_Cage_15,Donor_13,Donor,Fall,Leaf,Loch_Raven,Shipsa,0
Donor_Cage_15,Donor_13,Donor,Fall,Leaf,Loch_Raven,Helichus,0
Donor_Cage_15,Donor_13,Donor,Fall,Leaf,Loch_Raven,Neoleptophlebia,0
Donor_Cage_15,Donor_13,Donor,Fall,Leaf,Loch_Raven,Attenella,0
Donor_Cage_15,Donor_13,Donor,Fall,Leaf,Loch_Raven,Entomobryidae,0
Donor_Cage_15,Donor_13,Donor,Fall,Leaf,Loch_Raven,Heptageniidae,0
Donor_Cage_15,Donor_13,Donor,Fall,Leaf,Loch_Raven,Aeshna,0
Donor_Cage_15,Donor_13,Donor,Fall,Leaf,Loch_Raven,Crambidae,0
Donor_Cage_15,Donor_13,Donor,Fall,Leaf,Loch_Raven,Teloganopsis,0
Donor_Cage_15,Donor_13,Donor,Fall,Leaf,Loch_Raven,Leptoceridae,0
Donor_Cage_15,Donor_13,Donor,Fall,Leaf,Loch_Raven,Pycnopsyche,0
Donor_Cage_15,Donor_13,Donor,Fall,Leaf,Loch_Raven,Triaenodes,0
Donor_Cage_15,Donor_13,Donor,Fall,Leaf,Loch_Raven,Serratella,0
Donor_Cage_15,Donor_13,Donor,Fall,Leaf,Loch_Raven,Optioservus,0
Donor_Cage_15,Donor_13,Donor,Fall,Leaf,Loch_Raven,Hydrachnidia,0
Donor_Cage_15,Donor_13,Donor,Fall,Leaf,Loch_Raven,Polymitarcyidae,0
Donor_Cage_15,Donor_13,Donor,Fall,Leaf,Loch_Raven,Cambarus,0
Donor_Cage_15,Donor_13,Donor,Fall,Leaf,Loch_Raven,Ancyronyx,0
Donor_Cage_15,Donor_13,Donor,Fall,Leaf,Loch_Raven,Gammarus,0
Donor_Cage_15,Donor_13,Donor,Fall,Leaf,Loch_Raven,Neoperla,0
Donor_Cage_15,Donor_13,Donor,Fall,Rock,Loch_Raven,Allocapnia,40
Donor_Cage_15,Donor_13,Donor,Fall,Rock,Loch_Raven,Maccaffertium,30
Donor_Cage_15,Donor_13,Donor,Fall,Rock,Loch_Raven,Chironomidae,64
Donor_Cage_15,Donor_13,Donor,Fall,Rock,Loch_Raven,Tipula,1
Donor_Cage_15,Donor_13,Donor,Fall,Rock,Loch_Raven,Dolophilodes,1
Donor_Cage_15,Donor_13,Donor,Fall,Rock,Loch_Raven,Cheumatopsyche,3
Donor_Cage_15,Donor_13,Donor,Fall,Rock,Loch_Raven,Isonychia,0
Donor_Cage_15,Donor_13,Donor,Fall,Rock,Loch_Raven,Plectrocnemia,1
Donor_Cage_15,Donor_13,Donor,Fall,Rock,Loch_Raven,Chimarra,9
Donor_Cage_15,Donor_13,Donor,Fall,Rock,Loch_Raven,Nigronia,0
Donor_Cage_15,Donor_13,Donor,Fall,Rock,Loch_Raven,Ameletus,0
Donor_Cage_15,Donor_13,Donor,Fall,Rock,Loch_Raven,Diplectrona,0
Donor_Cage_15,Donor_13,Donor,Fall,Rock,Loch_Raven,Eccoptura,0
Donor_Cage_15,Donor_13,Donor,Fall,Rock,Loch_Raven,Hydropsyche,0
Donor_Cage_15,Donor_13,Donor,Fall,Rock,Loch_Raven,Baetisca,0
Donor_Cage_15,Donor_13,Donor,Fall,Rock,Loch_Raven,Simulium,0
Donor_Cage_15,Donor_13,Donor,Fall,Rock,Loch_Raven,Isoperla,0
Donor_Cage_15,Donor_13,Donor,Fall,Rock,Loch_Raven,Dixa,0
Donor_Cage_15,Donor_13,Donor,Fall,Rock,Loch_Raven,Tropisternus,1
Donor_Cage_15,Donor_13,Donor,Fall,Rock,Loch_Raven,Anchytarsus,0
Donor_Cage_15,Donor_13,Donor,Fall,Rock,Loch_Raven,Psilotreta,0
Donor_Cage_15,Donor_13,Donor,Fall,Rock,Loch_Raven,Dubiraphia,0
Donor_Cage_15,Donor_13,Donor,Fall,Rock,Loch_Raven,Ptilostomis,0
Donor_Cage_15,Donor_13,Donor,Fall,Rock,Loch_Raven,Calopteryx,0
Donor_Cage_15,Donor_13,Donor,Fall,Rock,Loch_Raven,Molanna,0
Donor_Cage_15,Donor_13,Donor,Fall,Rock,Loch_Raven,Boyeria,0
Donor_Cage_15,Donor_13,Donor,Fall,Rock,Loch_Raven,Leptophlebia,0
Donor_Cage_15,Donor_13,Donor,Fall,Rock,Loch_Raven,Nyctiophylax,0
Donor_Cage_15,Donor_13,Donor,Fall,Rock,Loch_Raven,Argia,0
Donor_Cage_15,Donor_13,Donor,Fall,Rock,Loch_Raven,Rhyacophila,0
Donor_Cage_15,Donor_13,Donor,Fall,Rock,Loch_Raven,Probezzia,0
Donor_Cage_15,Donor_13,Donor,Fall,Rock,Loch_Raven,Neureclipsis,0
Donor_Cage_15,Donor_13,Donor,Fall,Rock,Loch_Raven,Eurylophella,2
Donor_Cage_15,Donor_13,Donor,Fall,Rock,Loch_Raven,Glossosoma,0
Donor_Cage_15,Donor_13,Donor,Fall,Rock,Loch_Raven,Rhagovelia,0
Donor_Cage_15,Donor_13,Donor,Fall,Rock,Loch_Raven,Neophylax,0
Donor_Cage_15,Donor_13,Donor,Fall,Rock,Loch_Raven,Microvelia,0
Donor_Cage_15,Donor_13,Donor,Fall,Rock,Loch_Raven,Hydatophylax,0
Donor_Cage_15,Donor_13,Donor,Fall,Rock,Loch_Raven,Antocha,0
Donor_Cage_15,Donor_13,Donor,Fall,Rock,Loch_Raven,Lepidostoma,0
Donor_Cage_15,Donor_13,Donor,Fall,Rock,Loch_Raven,Baetis,0
Donor_Cage_15,Donor_13,Donor,Fall,Rock,Loch_Raven,Oecetis,0
Donor_Cage_15,Donor_13,Donor,Fall,Rock,Loch_Raven,Ironoquia,0
Donor_Cage_15,Donor_13,Donor,Fall,Rock,Loch_Raven,Timpanoga,0
Donor_Cage_15,Donor_13,Donor,Fall,Rock,Loch_Raven,Polycentropus,0
Donor_Cage_15,Donor_13,Donor,Fall,Rock,Loch_Raven,Amphinemura,0
Donor_Cage_15,Donor_13,Donor,Fall,Rock,Loch_Raven,Penelomax,0
Donor_Cage_15,Donor_13,Donor,Fall,Rock,Loch_Raven,Ephemerella,0
Donor_Cage_15,Donor_13,Donor,Fall,Rock,Loch_Raven,Hemerodromia,0
Donor_Cage_15,Donor_13,Donor,Fall,Rock,Loch_Raven,Shipsa,0
Donor_Cage_15,Donor_13,Donor,Fall,Rock,Loch_Raven,Helichus,0
Donor_Cage_15,Donor_13,Donor,Fall,Rock,Loch_Raven,Neoleptophlebia,0
Donor_Cage_15,Donor_13,Donor,Fall,Rock,Loch_Raven,Attenella,0
Donor_Cage_15,Donor_13,Donor,Fall,Rock,Loch_Raven,Entomobryidae,0
Donor_Cage_15,Donor_13,Donor,Fall,Rock,Loch_Raven,Heptageniidae,0
Donor_Cage_15,Donor_13,Donor,Fall,Rock,Loch_Raven,Aeshna,0
Donor_Cage_15,Donor_13,Donor,Fall,Rock,Loch_Raven,Crambidae,0
Donor_Cage_15,Donor_13,Donor,Fall,Rock,Loch_Raven,Teloganopsis,0
Donor_Cage_15,Donor_13,Donor,Fall,Rock,Loch_Raven,Leptoceridae,0
Donor_Cage_15,Donor_13,Donor,Fall,Rock,Loch_Raven,Pycnopsyche,0
Donor_Cage_15,Donor_13,Donor,Fall,Rock,Loch_Raven,Triaenodes,0
Donor_Cage_15,Donor_13,Donor,Fall,Rock,Loch_Raven,Serratella,0
Donor_Cage_15,Donor_13,Donor,Fall,Rock,Loch_Raven,Optioservus,0
Donor_Cage_15,Donor_13,Donor,Fall,Rock,Loch_Raven,Hydrachnidia,0
Donor_Cage_15,Donor_13,Donor,Fall,Rock,Loch_Raven,Polymitarcyidae,0
Donor_Cage_15,Donor_13,Donor,Fall,Rock,Loch_Raven,Cambarus,0
Donor_Cage_15,Donor_13,Donor,Fall,Rock,Loch_Raven,Ancyronyx,0
Donor_Cage_15,Donor_13,Donor,Fall,Rock,Loch_Raven,Gammarus,0
Donor_Cage_15,Donor_13,Donor,Fall,Rock,Loch_Raven,Neoperla,0
Recipient_Cage_01,Recipient_02,Recipient,Fall,Leaf,Potomac_River,Allocapnia,4
Recipient_Cage_01,Recipient_02,Recipient,Fall,Leaf,Potomac_River,Maccaffertium,0
Recipient_Cage_01,Recipient_02,Recipient,Fall,Leaf,Potomac_River,Chironomidae,173
Recipient_Cage_01,Recipient_02,Recipient,Fall,Leaf,Potomac_River,Tipula,1
Recipient_Cage_01,Recipient_02,Recipient,Fall,Leaf,Potomac_River,Dolophilodes,0
Recipient_Cage_01,Recipient_02,Recipient,Fall,Leaf,Potomac_River,Cheumatopsyche,2
Recipient_Cage_01,Recipient_02,Recipient,Fall,Leaf,Potomac_River,Isonychia,0
Recipient_Cage_01,Recipient_02,Recipient,Fall,Leaf,Potomac_River,Plectrocnemia,3
Recipient_Cage_01,Recipient_02,Recipient,Fall,Leaf,Potomac_River,Chimarra,0
Recipient_Cage_01,Recipient_02,Recipient,Fall,Leaf,Potomac_River,Nigronia,0
Recipient_Cage_01,Recipient_02,Recipient,Fall,Leaf,Potomac_River,Ameletus,0
Recipient_Cage_01,Recipient_02,Recipient,Fall,Leaf,Potomac_River,Diplectrona,0
Recipient_Cage_01,Recipient_02,Recipient,Fall,Leaf,Potomac_River,Eccoptura,0
Recipient_Cage_01,Recipient_02,Recipient,Fall,Leaf,Potomac_River,Hydropsyche,0
Recipient_Cage_01,Recipient_02,Recipient,Fall,Leaf,Potomac_River,Baetisca,0
Recipient_Cage_01,Recipient_02,Recipient,Fall,Leaf,Potomac_River,Simulium,0
Recipient_Cage_01,Recipient_02,Recipient,Fall,Leaf,Potomac_River,Isoperla,0
Recipient_Cage_01,Recipient_02,Recipient,Fall,Leaf,Potomac_River,Dixa,0
Recipient_Cage_01,Recipient_02,Recipient,Fall,Leaf,Potomac_River,Tropisternus,0
Recipient_Cage_01,Recipient_02,Recipient,Fall,Leaf,Potomac_River,Anchytarsus,0
Recipient_Cage_01,Recipient_02,Recipient,Fall,Leaf,Potomac_River,Psilotreta,0
Recipient_Cage_01,Recipient_02,Recipient,Fall,Leaf,Potomac_River,Dubiraphia,0
Recipient_Cage_01,Recipient_02,Recipient,Fall,Leaf,Potomac_River,Ptilostomis,0
Recipient_Cage_01,Recipient_02,Recipient,Fall,Leaf,Potomac_River,Calopteryx,0
Recipient_Cage_01,Recipient_02,Recipient,Fall,Leaf,Potomac_River,Molanna,0
Recipient_Cage_01,Recipient_02,Recipient,Fall,Leaf,Potomac_River,Boyeria,0
Recipient_Cage_01,Recipient_02,Recipient,Fall,Leaf,Potomac_River,Leptophlebia,0
Recipient_Cage_01,Recipient_02,Recipient,Fall,Leaf,Potomac_River,Nyctiophylax,0
Recipient_Cage_01,Recipient_02,Recipient,Fall,Leaf,Potomac_River,Argia,0
Recipient_Cage_01,Recipient_02,Recipient,Fall,Leaf,Potomac_River,Rhyacophila,0
Recipient_Cage_01,Recipient_02,Recipient,Fall,Leaf,Potomac_River,Probezzia,0
Recipient_Cage_01,Recipient_02,Recipient,Fall,Leaf,Potomac_River,Neureclipsis,0
Recipient_Cage_01,Recipient_02,Recipient,Fall,Leaf,Potomac_River,Eurylophella,0
Recipient_Cage_01,Recipient_02,Recipient,Fall,Leaf,Potomac_River,Glossosoma,0
Recipient_Cage_01,Recipient_02,Recipient,Fall,Leaf,Potomac_River,Rhagovelia,0
Recipient_Cage_01,Recipient_02,Recipient,Fall,Leaf,Potomac_River,Neophylax,0
Recipient_Cage_01,Recipient_02,Recipient,Fall,Leaf,Potomac_River,Microvelia,0
Recipient_Cage_01,Recipient_02,Recipient,Fall,Leaf,Potomac_River,Hydatophylax,0
Recipient_Cage_01,Recipient_02,Recipient,Fall,Leaf,Potomac_River,Antocha,0
Recipient_Cage_01,Recipient_02,Recipient,Fall,Leaf,Potomac_River,Lepidostoma,0
Recipient_Cage_01,Recipient_02,Recipient,Fall,Leaf,Potomac_River,Baetis,0
Recipient_Cage_01,Recipient_02,Recipient,Fall,Leaf,Potomac_River,Oecetis,0
Recipient_Cage_01,Recipient_02,Recipient,Fall,Leaf,Potomac_River,Ironoquia,0
Recipient_Cage_01,Recipient_02,Recipient,Fall,Leaf,Potomac_River,Timpanoga,0
Recipient_Cage_01,Recipient_02,Recipient,Fall,Leaf,Potomac_River,Polycentropus,0
Recipient_Cage_01,Recipient_02,Recipient,Fall,Leaf,Potomac_River,Amphinemura,0
Recipient_Cage_01,Recipient_02,Recipient,Fall,Leaf,Potomac_River,Penelomax,0
Recipient_Cage_01,Recipient_02,Recipient,Fall,Leaf,Potomac_River,Ephemerella,0
Recipient_Cage_01,Recipient_02,Recipient,Fall,Leaf,Potomac_River,Hemerodromia,0
Recipient_Cage_01,Recipient_02,Recipient,Fall,Leaf,Potomac_River,Shipsa,0
Recipient_Cage_01,Recipient_02,Recipient,Fall,Leaf,Potomac_River,Helichus,0
Recipient_Cage_01,Recipient_02,Recipient,Fall,Leaf,Potomac_River,Neoleptophlebia,0
Recipient_Cage_01,Recipient_02,Recipient,Fall,Leaf,Potomac_River,Attenella,0
Recipient_Cage_01,Recipient_02,Recipient,Fall,Leaf,Potomac_River,Entomobryidae,0
Recipient_Cage_01,Recipient_02,Recipient,Fall,Leaf,Potomac_River,Heptageniidae,0
Recipient_Cage_01,Recipient_02,Recipient,Fall,Leaf,Potomac_River,Aeshna,0
Recipient_Cage_01,Recipient_02,Recipient,Fall,Leaf,Potomac_River,Crambidae,0
Recipient_Cage_01,Recipient_02,Recipient,Fall,Leaf,Potomac_River,Teloganopsis,0
Recipient_Cage_01,Recipient_02,Recipient,Fall,Leaf,Potomac_River,Leptoceridae,0
Recipient_Cage_01,Recipient_02,Recipient,Fall,Leaf,Potomac_River,Pycnopsyche,0
Recipient_Cage_01,Recipient_02,Recipient,Fall,Leaf,Potomac_River,Triaenodes,0
Recipient_Cage_01,Recipient_02,Recipient,Fall,Leaf,Potomac_River,Serratella,0
Recipient_Cage_01,Recipient_02,Recipient,Fall,Leaf,Potomac_River,Optioservus,0
Recipient_Cage_01,Recipient_02,Recipient,Fall,Leaf,Potomac_River,Hydrachnidia,0
Recipient_Cage_01,Recipient_02,Recipient,Fall,Leaf,Potomac_River,Polymitarcyidae,0
Recipient_Cage_01,Recipient_02,Recipient,Fall,Leaf,Potomac_River,Cambarus,0
Recipient_Cage_01,Recipient_02,Recipient,Fall,Leaf,Potomac_River,Ancyronyx,0
Recipient_Cage_01,Recipient_02,Recipient,Fall,Leaf,Potomac_River,Gammarus,0
Recipient_Cage_01,Recipient_02,Recipient,Fall,Leaf,Potomac_River,Neoperla,0
Recipient_Cage_01,Recipient_02,Recipient,Fall,Rock,Potomac_River,Allocapnia,0
Recipient_Cage_01,Recipient_02,Recipient,Fall,Rock,Potomac_River,Maccaffertium,5
Recipient_Cage_01,Recipient_02,Recipient,Fall,Rock,Potomac_River,Chironomidae,260
Recipient_Cage_01,Recipient_02,Recipient,Fall,Rock,Potomac_River,Tipula,1
Recipient_Cage_01,Recipient_02,Recipient,Fall,Rock,Potomac_River,Dolophilodes,0
Recipient_Cage_01,Recipient_02,Recipient,Fall,Rock,Potomac_River,Cheumatopsyche,10
Recipient_Cage_01,Recipient_02,Recipient,Fall,Rock,Potomac_River,Isonychia,5
Recipient_Cage_01,Recipient_02,Recipient,Fall,Rock,Potomac_River,Plectrocnemia,2
Recipient_Cage_01,Recipient_02,Recipient,Fall,Rock,Potomac_River,Chimarra,0
Recipient_Cage_01,Recipient_02,Recipient,Fall,Rock,Potomac_River,Nigronia,0
Recipient_Cage_01,Recipient_02,Recipient,Fall,Rock,Potomac_River,Ameletus,0
Recipient_Cage_01,Recipient_02,Recipient,Fall,Rock,Potomac_River,Diplectrona,1
Recipient_Cage_01,Recipient_02,Recipient,Fall,Rock,Potomac_River,Eccoptura,0
Recipient_Cage_01,Recipient_02,Recipient,Fall,Rock,Potomac_River,Hydropsyche,2
Recipient_Cage_01,Recipient_02,Recipient,Fall,Rock,Potomac_River,Baetisca,0
Recipient_Cage_01,Recipient_02,Recipient,Fall,Rock,Potomac_River,Simulium,0
Recipient_Cage_01,Recipient_02,Recipient,Fall,Rock,Potomac_River,Isoperla,0
Recipient_Cage_01,Recipient_02,Recipient,Fall,Rock,Potomac_River,Dixa,0
Recipient_Cage_01,Recipient_02,Recipient,Fall,Rock,Potomac_River,Tropisternus,0
Recipient_Cage_01,Recipient_02,Recipient,Fall,Rock,Potomac_River,Anchytarsus,0
Recipient_Cage_01,Recipient_02,Recipient,Fall,Rock,Potomac_River,Psilotreta,0
Recipient_Cage_01,Recipient_02,Recipient,Fall,Rock,Potomac_River,Dubiraphia,0
Recipient_Cage_01,Recipient_02,Recipient,Fall,Rock,Potomac_River,Ptilostomis,0
Recipient_Cage_01,Recipient_02,Recipient,Fall,Rock,Potomac_River,Calopteryx,0
Recipient_Cage_01,Recipient_02,Recipient,Fall,Rock,Potomac_River,Molanna,0
Recipient_Cage_01,Recipient_02,Recipient,Fall,Rock,Potomac_River,Boyeria,0
Recipient_Cage_01,Recipient_02,Recipient,Fall,Rock,Potomac_River,Leptophlebia,0
Recipient_Cage_01,Recipient_02,Recipient,Fall,Rock,Potomac_River,Nyctiophylax,0
Recipient_Cage_01,Recipient_02,Recipient,Fall,Rock,Potomac_River,Argia,0
Recipient_Cage_01,Recipient_02,Recipient,Fall,Rock,Potomac_River,Rhyacophila,0
Recipient_Cage_01,Recipient_02,Recipient,Fall,Rock,Potomac_River,Probezzia,0
Recipient_Cage_01,Recipient_02,Recipient,Fall,Rock,Potomac_River,Neureclipsis,0
Recipient_Cage_01,Recipient_02,Recipient,Fall,Rock,Potomac_River,Eurylophella,0
Recipient_Cage_01,Recipient_02,Recipient,Fall,Rock,Potomac_River,Glossosoma,0
Recipient_Cage_01,Recipient_02,Recipient,Fall,Rock,Potomac_River,Rhagovelia,0
Recipient_Cage_01,Recipient_02,Recipient,Fall,Rock,Potomac_River,Neophylax,0
Recipient_Cage_01,Recipient_02,Recipient,Fall,Rock,Potomac_River,Microvelia,0
Recipient_Cage_01,Recipient_02,Recipient,Fall,Rock,Potomac_River,Hydatophylax,0
Recipient_Cage_01,Recipient_02,Recipient,Fall,Rock,Potomac_River,Antocha,0
Recipient_Cage_01,Recipient_02,Recipient,Fall,Rock,Potomac_River,Lepidostoma,0
Recipient_Cage_01,Recipient_02,Recipient,Fall,Rock,Potomac_River,Baetis,0
Recipient_Cage_01,Recipient_02,Recipient,Fall,Rock,Potomac_River,Oecetis,0
Recipient_Cage_01,Recipient_02,Recipient,Fall,Rock,Potomac_River,Ironoquia,0
Recipient_Cage_01,Recipient_02,Recipient,Fall,Rock,Potomac_River,Timpanoga,0
Recipient_Cage_01,Recipient_02,Recipient,Fall,Rock,Potomac_River,Polycentropus,0
Recipient_Cage_01,Recipient_02,Recipient,Fall,Rock,Potomac_River,Amphinemura,0
Recipient_Cage_01,Recipient_02,Recipient,Fall,Rock,Potomac_River,Penelomax,0
Recipient_Cage_01,Recipient_02,Recipient,Fall,Rock,Potomac_River,Ephemerella,0
Recipient_Cage_01,Recipient_02,Recipient,Fall,Rock,Potomac_River,Hemerodromia,0
Recipient_Cage_01,Recipient_02,Recipient,Fall,Rock,Potomac_River,Shipsa,0
Recipient_Cage_01,Recipient_02,Recipient,Fall,Rock,Potomac_River,Helichus,0
Recipient_Cage_01,Recipient_02,Recipient,Fall,Rock,Potomac_River,Neoleptophlebia,0
Recipient_Cage_01,Recipient_02,Recipient,Fall,Rock,Potomac_River,Attenella,0
Recipient_Cage_01,Recipient_02,Recipient,Fall,Rock,Potomac_River,Entomobryidae,0
Recipient_Cage_01,Recipient_02,Recipient,Fall,Rock,Potomac_River,Heptageniidae,0
Recipient_Cage_01,Recipient_02,Recipient,Fall,Rock,Potomac_River,Aeshna,0
Recipient_Cage_01,Recipient_02,Recipient,Fall,Rock,Potomac_River,Crambidae,0
Recipient_Cage_01,Recipient_02,Recipient,Fall,Rock,Potomac_River,Teloganopsis,0
Recipient_Cage_01,Recipient_02,Recipient,Fall,Rock,Potomac_River,Leptoceridae,0
Recipient_Cage_01,Recipient_02,Recipient,Fall,Rock,Potomac_River,Pycnopsyche,0
Recipient_Cage_01,Recipient_02,Recipient,Fall,Rock,Potomac_River,Triaenodes,0
Recipient_Cage_01,Recipient_02,Recipient,Fall,Rock,Potomac_River,Serratella,0
Recipient_Cage_01,Recipient_02,Recipient,Fall,Rock,Potomac_River,Optioservus,0
Recipient_Cage_01,Recipient_02,Recipient,Fall,Rock,Potomac_River,Hydrachnidia,0
Recipient_Cage_01,Recipient_02,Recipient,Fall,Rock,Potomac_River,Polymitarcyidae,0
Recipient_Cage_01,Recipient_02,Recipient,Fall,Rock,Potomac_River,Cambarus,0
Recipient_Cage_01,Recipient_02,Recipient,Fall,Rock,Potomac_River,Ancyronyx,0
Recipient_Cage_01,Recipient_02,Recipient,Fall,Rock,Potomac_River,Gammarus,0
Recipient_Cage_01,Recipient_02,Recipient,Fall,Rock,Potomac_River,Neoperla,0
Recipient_Cage_02,Recipient_02,Recipient,Fall,Leaf,Potomac_River,Allocapnia,0
Recipient_Cage_02,Recipient_02,Recipient,Fall,Leaf,Potomac_River,Maccaffertium,6
Recipient_Cage_02,Recipient_02,Recipient,Fall,Leaf,Potomac_River,Chironomidae,135
Recipient_Cage_02,Recipient_02,Recipient,Fall,Leaf,Potomac_River,Tipula,6
Recipient_Cage_02,Recipient_02,Recipient,Fall,Leaf,Potomac_River,Dolophilodes,1
Recipient_Cage_02,Recipient_02,Recipient,Fall,Leaf,Potomac_River,Cheumatopsyche,2
Recipient_Cage_02,Recipient_02,Recipient,Fall,Leaf,Potomac_River,Isonychia,1
Recipient_Cage_02,Recipient_02,Recipient,Fall,Leaf,Potomac_River,Plectrocnemia,0
Recipient_Cage_02,Recipient_02,Recipient,Fall,Leaf,Potomac_River,Chimarra,0
Recipient_Cage_02,Recipient_02,Recipient,Fall,Leaf,Potomac_River,Nigronia,0
Recipient_Cage_02,Recipient_02,Recipient,Fall,Leaf,Potomac_River,Ameletus,4
Recipient_Cage_02,Recipient_02,Recipient,Fall,Leaf,Potomac_River,Diplectrona,0
Recipient_Cage_02,Recipient_02,Recipient,Fall,Leaf,Potomac_River,Eccoptura,0
Recipient_Cage_02,Recipient_02,Recipient,Fall,Leaf,Potomac_River,Hydropsyche,0
Recipient_Cage_02,Recipient_02,Recipient,Fall,Leaf,Potomac_River,Baetisca,0
Recipient_Cage_02,Recipient_02,Recipient,Fall,Leaf,Potomac_River,Simulium,0
Recipient_Cage_02,Recipient_02,Recipient,Fall,Leaf,Potomac_River,Isoperla,0
Recipient_Cage_02,Recipient_02,Recipient,Fall,Leaf,Potomac_River,Dixa,0
Recipient_Cage_02,Recipient_02,Recipient,Fall,Leaf,Potomac_River,Tropisternus,0
Recipient_Cage_02,Recipient_02,Recipient,Fall,Leaf,Potomac_River,Anchytarsus,0
Recipient_Cage_02,Recipient_02,Recipient,Fall,Leaf,Potomac_River,Psilotreta,0
Recipient_Cage_02,Recipient_02,Recipient,Fall,Leaf,Potomac_River,Dubiraphia,0
Recipient_Cage_02,Recipient_02,Recipient,Fall,Leaf,Potomac_River,Ptilostomis,0
Recipient_Cage_02,Recipient_02,Recipient,Fall,Leaf,Potomac_River,Calopteryx,0
Recipient_Cage_02,Recipient_02,Recipient,Fall,Leaf,Potomac_River,Molanna,0
Recipient_Cage_02,Recipient_02,Recipient,Fall,Leaf,Potomac_River,Boyeria,0
Recipient_Cage_02,Recipient_02,Recipient,Fall,Leaf,Potomac_River,Leptophlebia,0
Recipient_Cage_02,Recipient_02,Recipient,Fall,Leaf,Potomac_River,Nyctiophylax,0
Recipient_Cage_02,Recipient_02,Recipient,Fall,Leaf,Potomac_River,Argia,0
Recipient_Cage_02,Recipient_02,Recipient,Fall,Leaf,Potomac_River,Rhyacophila,0
Recipient_Cage_02,Recipient_02,Recipient,Fall,Leaf,Potomac_River,Probezzia,0
Recipient_Cage_02,Recipient_02,Recipient,Fall,Leaf,Potomac_River,Neureclipsis,0
Recipient_Cage_02,Recipient_02,Recipient,Fall,Leaf,Potomac_River,Eurylophella,0
Recipient_Cage_02,Recipient_02,Recipient,Fall,Leaf,Potomac_River,Glossosoma,0
Recipient_Cage_02,Recipient_02,Recipient,Fall,Leaf,Potomac_River,Rhagovelia,0
Recipient_Cage_02,Recipient_02,Recipient,Fall,Leaf,Potomac_River,Neophylax,0
Recipient_Cage_02,Recipient_02,Recipient,Fall,Leaf,Potomac_River,Microvelia,0
Recipient_Cage_02,Recipient_02,Recipient,Fall,Leaf,Potomac_River,Hydatophylax,0
Recipient_Cage_02,Recipient_02,Recipient,Fall,Leaf,Potomac_River,Antocha,0
Recipient_Cage_02,Recipient_02,Recipient,Fall,Leaf,Potomac_River,Lepidostoma,0
Recipient_Cage_02,Recipient_02,Recipient,Fall,Leaf,Potomac_River,Baetis,0
Recipient_Cage_02,Recipient_02,Recipient,Fall,Leaf,Potomac_River,Oecetis,1
Recipient_Cage_02,Recipient_02,Recipient,Fall,Leaf,Potomac_River,Ironoquia,0
Recipient_Cage_02,Recipient_02,Recipient,Fall,Leaf,Potomac_River,Timpanoga,0
Recipient_Cage_02,Recipient_02,Recipient,Fall,Leaf,Potomac_River,Polycentropus,0
Recipient_Cage_02,Recipient_02,Recipient,Fall,Leaf,Potomac_River,Amphinemura,0
Recipient_Cage_02,Recipient_02,Recipient,Fall,Leaf,Potomac_River,Penelomax,0
Recipient_Cage_02,Recipient_02,Recipient,Fall,Leaf,Potomac_River,Ephemerella,0
Recipient_Cage_02,Recipient_02,Recipient,Fall,Leaf,Potomac_River,Hemerodromia,0
Recipient_Cage_02,Recipient_02,Recipient,Fall,Leaf,Potomac_River,Shipsa,0
Recipient_Cage_02,Recipient_02,Recipient,Fall,Leaf,Potomac_River,Helichus,0
Recipient_Cage_02,Recipient_02,Recipient,Fall,Leaf,Potomac_River,Neoleptophlebia,0
Recipient_Cage_02,Recipient_02,Recipient,Fall,Leaf,Potomac_River,Attenella,0
Recipient_Cage_02,Recipient_02,Recipient,Fall,Leaf,Potomac_River,Entomobryidae,0
Recipient_Cage_02,Recipient_02,Recipient,Fall,Leaf,Potomac_River,Heptageniidae,0
Recipient_Cage_02,Recipient_02,Recipient,Fall,Leaf,Potomac_River,Aeshna,0
Recipient_Cage_02,Recipient_02,Recipient,Fall,Leaf,Potomac_River,Crambidae,0
Recipient_Cage_02,Recipient_02,Recipient,Fall,Leaf,Potomac_River,Teloganopsis,0
Recipient_Cage_02,Recipient_02,Recipient,Fall,Leaf,Potomac_River,Leptoceridae,0
Recipient_Cage_02,Recipient_02,Recipient,Fall,Leaf,Potomac_River,Pycnopsyche,0
Recipient_Cage_02,Recipient_02,Recipient,Fall,Leaf,Potomac_River,Triaenodes,0
Recipient_Cage_02,Recipient_02,Recipient,Fall,Leaf,Potomac_River,Serratella,0
Recipient_Cage_02,Recipient_02,Recipient,Fall,Leaf,Potomac_River,Optioservus,0
Recipient_Cage_02,Recipient_02,Recipient,Fall,Leaf,Potomac_River,Hydrachnidia,0
Recipient_Cage_02,Recipient_02,Recipient,Fall,Leaf,Potomac_River,Polymitarcyidae,0
Recipient_Cage_02,Recipient_02,Recipient,Fall,Leaf,Potomac_River,Cambarus,0
Recipient_Cage_02,Recipient_02,Recipient,Fall,Leaf,Potomac_River,Ancyronyx,0
Recipient_Cage_02,Recipient_02,Recipient,Fall,Leaf,Potomac_River,Gammarus,0
Recipient_Cage_02,Recipient_02,Recipient,Fall,Leaf,Potomac_River,Neoperla,0
Recipient_Cage_02,Recipient_02,Recipient,Fall,Rock,Potomac_River,Allocapnia,5
Recipient_Cage_02,Recipient_02,Recipient,Fall,Rock,Potomac_River,Maccaffertium,3
Recipient_Cage_02,Recipient_02,Recipient,Fall,Rock,Potomac_River,Chironomidae,52
Recipient_Cage_02,Recipient_02,Recipient,Fall,Rock,Potomac_River,Tipula,0
Recipient_Cage_02,Recipient_02,Recipient,Fall,Rock,Potomac_River,Dolophilodes,0
Recipient_Cage_02,Recipient_02,Recipient,Fall,Rock,Potomac_River,Cheumatopsyche,7
Recipient_Cage_02,Recipient_02,Recipient,Fall,Rock,Potomac_River,Isonychia,5
Recipient_Cage_02,Recipient_02,Recipient,Fall,Rock,Potomac_River,Plectrocnemia,0
Recipient_Cage_02,Recipient_02,Recipient,Fall,Rock,Potomac_River,Chimarra,3
Recipient_Cage_02,Recipient_02,Recipient,Fall,Rock,Potomac_River,Nigronia,0
Recipient_Cage_02,Recipient_02,Recipient,Fall,Rock,Potomac_River,Ameletus,0
Recipient_Cage_02,Recipient_02,Recipient,Fall,Rock,Potomac_River,Diplectrona,2
Recipient_Cage_02,Recipient_02,Recipient,Fall,Rock,Potomac_River,Eccoptura,0
Recipient_Cage_02,Recipient_02,Recipient,Fall,Rock,Potomac_River,Hydropsyche,1
Recipient_Cage_02,Recipient_02,Recipient,Fall,Rock,Potomac_River,Baetisca,0
Recipient_Cage_02,Recipient_02,Recipient,Fall,Rock,Potomac_River,Simulium,0
Recipient_Cage_02,Recipient_02,Recipient,Fall,Rock,Potomac_River,Isoperla,0
Recipient_Cage_02,Recipient_02,Recipient,Fall,Rock,Potomac_River,Dixa,0
Recipient_Cage_02,Recipient_02,Recipient,Fall,Rock,Potomac_River,Tropisternus,0
Recipient_Cage_02,Recipient_02,Recipient,Fall,Rock,Potomac_River,Anchytarsus,0
Recipient_Cage_02,Recipient_02,Recipient,Fall,Rock,Potomac_River,Psilotreta,0
Recipient_Cage_02,Recipient_02,Recipient,Fall,Rock,Potomac_River,Dubiraphia,0
Recipient_Cage_02,Recipient_02,Recipient,Fall,Rock,Potomac_River,Ptilostomis,0
Recipient_Cage_02,Recipient_02,Recipient,Fall,Rock,Potomac_River,Calopteryx,0
Recipient_Cage_02,Recipient_02,Recipient,Fall,Rock,Potomac_River,Molanna,0
Recipient_Cage_02,Recipient_02,Recipient,Fall,Rock,Potomac_River,Boyeria,0
Recipient_Cage_02,Recipient_02,Recipient,Fall,Rock,Potomac_River,Leptophlebia,0
Recipient_Cage_02,Recipient_02,Recipient,Fall,Rock,Potomac_River,Nyctiophylax,0
Recipient_Cage_02,Recipient_02,Recipient,Fall,Rock,Potomac_River,Argia,0
Recipient_Cage_02,Recipient_02,Recipient,Fall,Rock,Potomac_River,Rhyacophila,0
Recipient_Cage_02,Recipient_02,Recipient,Fall,Rock,Potomac_River,Probezzia,0
Recipient_Cage_02,Recipient_02,Recipient,Fall,Rock,Potomac_River,Neureclipsis,0
Recipient_Cage_02,Recipient_02,Recipient,Fall,Rock,Potomac_River,Eurylophella,0
Recipient_Cage_02,Recipient_02,Recipient,Fall,Rock,Potomac_River,Glossosoma,0
Recipient_Cage_02,Recipient_02,Recipient,Fall,Rock,Potomac_River,Rhagovelia,0
Recipient_Cage_02,Recipient_02,Recipient,Fall,Rock,Potomac_River,Neophylax,0
Recipient_Cage_02,Recipient_02,Recipient,Fall,Rock,Potomac_River,Microvelia,0
Recipient_Cage_02,Recipient_02,Recipient,Fall,Rock,Potomac_River,Hydatophylax,0
Recipient_Cage_02,Recipient_02,Recipient,Fall,Rock,Potomac_River,Antocha,0
Recipient_Cage_02,Recipient_02,Recipient,Fall,Rock,Potomac_River,Lepidostoma,0
Recipient_Cage_02,Recipient_02,Recipient,Fall,Rock,Potomac_River,Baetis,0
Recipient_Cage_02,Recipient_02,Recipient,Fall,Rock,Potomac_River,Oecetis,0
Recipient_Cage_02,Recipient_02,Recipient,Fall,Rock,Potomac_River,Ironoquia,0
Recipient_Cage_02,Recipient_02,Recipient,Fall,Rock,Potomac_River,Timpanoga,0
Recipient_Cage_02,Recipient_02,Recipient,Fall,Rock,Potomac_River,Polycentropus,0
Recipient_Cage_02,Recipient_02,Recipient,Fall,Rock,Potomac_River,Amphinemura,0
Recipient_Cage_02,Recipient_02,Recipient,Fall,Rock,Potomac_River,Penelomax,0
Recipient_Cage_02,Recipient_02,Recipient,Fall,Rock,Potomac_River,Ephemerella,0
Recipient_Cage_02,Recipient_02,Recipient,Fall,Rock,Potomac_River,Hemerodromia,0
Recipient_Cage_02,Recipient_02,Recipient,Fall,Rock,Potomac_River,Shipsa,0
Recipient_Cage_02,Recipient_02,Recipient,Fall,Rock,Potomac_River,Helichus,0
Recipient_Cage_02,Recipient_02,Recipient,Fall,Rock,Potomac_River,Neoleptophlebia,0
Recipient_Cage_02,Recipient_02,Recipient,Fall,Rock,Potomac_River,Attenella,0
Recipient_Cage_02,Recipient_02,Recipient,Fall,Rock,Potomac_River,Entomobryidae,0
Recipient_Cage_02,Recipient_02,Recipient,Fall,Rock,Potomac_River,Heptageniidae,0
Recipient_Cage_02,Recipient_02,Recipient,Fall,Rock,Potomac_River,Aeshna,0
Recipient_Cage_02,Recipient_02,Recipient,Fall,Rock,Potomac_River,Crambidae,0
Recipient_Cage_02,Recipient_02,Recipient,Fall,Rock,Potomac_River,Teloganopsis,0
Recipient_Cage_02,Recipient_02,Recipient,Fall,Rock,Potomac_River,Leptoceridae,0
Recipient_Cage_02,Recipient_02,Recipient,Fall,Rock,Potomac_River,Pycnopsyche,0
Recipient_Cage_02,Recipient_02,Recipient,Fall,Rock,Potomac_River,Triaenodes,0
Recipient_Cage_02,Recipient_02,Recipient,Fall,Rock,Potomac_River,Serratella,0
Recipient_Cage_02,Recipient_02,Recipient,Fall,Rock,Potomac_River,Optioservus,0
Recipient_Cage_02,Recipient_02,Recipient,Fall,Rock,Potomac_River,Hydrachnidia,0
Recipient_Cage_02,Recipient_02,Recipient,Fall,Rock,Potomac_River,Polymitarcyidae,0
Recipient_Cage_02,Recipient_02,Recipient,Fall,Rock,Potomac_River,Cambarus,0
Recipient_Cage_02,Recipient_02,Recipient,Fall,Rock,Potomac_River,Ancyronyx,0
Recipient_Cage_02,Recipient_02,Recipient,Fall,Rock,Potomac_River,Gammarus,0
Recipient_Cage_02,Recipient_02,Recipient,Fall,Rock,Potomac_River,Neoperla,0
Recipient_Cage_03,Recipient_02,Recipient,Fall,Leaf,Potomac_River,Allocapnia,0
Recipient_Cage_03,Recipient_02,Recipient,Fall,Leaf,Potomac_River,Maccaffertium,0
Recipient_Cage_03,Recipient_02,Recipient,Fall,Leaf,Potomac_River,Chironomidae,123
Recipient_Cage_03,Recipient_02,Recipient,Fall,Leaf,Potomac_River,Tipula,5
Recipient_Cage_03,Recipient_02,Recipient,Fall,Leaf,Potomac_River,Dolophilodes,0
Recipient_Cage_03,Recipient_02,Recipient,Fall,Leaf,Potomac_River,Cheumatopsyche,1
Recipient_Cage_03,Recipient_02,Recipient,Fall,Leaf,Potomac_River,Isonychia,6
Recipient_Cage_03,Recipient_02,Recipient,Fall,Leaf,Potomac_River,Plectrocnemia,0
Recipient_Cage_03,Recipient_02,Recipient,Fall,Leaf,Potomac_River,Chimarra,1
Recipient_Cage_03,Recipient_02,Recipient,Fall,Leaf,Potomac_River,Nigronia,0
Recipient_Cage_03,Recipient_02,Recipient,Fall,Leaf,Potomac_River,Ameletus,0
Recipient_Cage_03,Recipient_02,Recipient,Fall,Leaf,Potomac_River,Diplectrona,0
Recipient_Cage_03,Recipient_02,Recipient,Fall,Leaf,Potomac_River,Eccoptura,0
Recipient_Cage_03,Recipient_02,Recipient,Fall,Leaf,Potomac_River,Hydropsyche,1
Recipient_Cage_03,Recipient_02,Recipient,Fall,Leaf,Potomac_River,Baetisca,0
Recipient_Cage_03,Recipient_02,Recipient,Fall,Leaf,Potomac_River,Simulium,0
Recipient_Cage_03,Recipient_02,Recipient,Fall,Leaf,Potomac_River,Isoperla,0
Recipient_Cage_03,Recipient_02,Recipient,Fall,Leaf,Potomac_River,Dixa,0
Recipient_Cage_03,Recipient_02,Recipient,Fall,Leaf,Potomac_River,Tropisternus,0
Recipient_Cage_03,Recipient_02,Recipient,Fall,Leaf,Potomac_River,Anchytarsus,0
Recipient_Cage_03,Recipient_02,Recipient,Fall,Leaf,Potomac_River,Psilotreta,0
Recipient_Cage_03,Recipient_02,Recipient,Fall,Leaf,Potomac_River,Dubiraphia,0
Recipient_Cage_03,Recipient_02,Recipient,Fall,Leaf,Potomac_River,Ptilostomis,0
Recipient_Cage_03,Recipient_02,Recipient,Fall,Leaf,Potomac_River,Calopteryx,0
Recipient_Cage_03,Recipient_02,Recipient,Fall,Leaf,Potomac_River,Molanna,0
Recipient_Cage_03,Recipient_02,Recipient,Fall,Leaf,Potomac_River,Boyeria,0
Recipient_Cage_03,Recipient_02,Recipient,Fall,Leaf,Potomac_River,Leptophlebia,0
Recipient_Cage_03,Recipient_02,Recipient,Fall,Leaf,Potomac_River,Nyctiophylax,0
Recipient_Cage_03,Recipient_02,Recipient,Fall,Leaf,Potomac_River,Argia,0
Recipient_Cage_03,Recipient_02,Recipient,Fall,Leaf,Potomac_River,Rhyacophila,0
Recipient_Cage_03,Recipient_02,Recipient,Fall,Leaf,Potomac_River,Probezzia,0
Recipient_Cage_03,Recipient_02,Recipient,Fall,Leaf,Potomac_River,Neureclipsis,0
Recipient_Cage_03,Recipient_02,Recipient,Fall,Leaf,Potomac_River,Eurylophella,0
Recipient_Cage_03,Recipient_02,Recipient,Fall,Leaf,Potomac_River,Glossosoma,0
Recipient_Cage_03,Recipient_02,Recipient,Fall,Leaf,Potomac_River,Rhagovelia,0
Recipient_Cage_03,Recipient_02,Recipient,Fall,Leaf,Potomac_River,Neophylax,0
Recipient_Cage_03,Recipient_02,Recipient,Fall,Leaf,Potomac_River,Microvelia,0
Recipient_Cage_03,Recipient_02,Recipient,Fall,Leaf,Potomac_River,Hydatophylax,0
Recipient_Cage_03,Recipient_02,Recipient,Fall,Leaf,Potomac_River,Antocha,0
Recipient_Cage_03,Recipient_02,Recipient,Fall,Leaf,Potomac_River,Lepidostoma,0
Recipient_Cage_03,Recipient_02,Recipient,Fall,Leaf,Potomac_River,Baetis,0
Recipient_Cage_03,Recipient_02,Recipient,Fall,Leaf,Potomac_River,Oecetis,0
Recipient_Cage_03,Recipient_02,Recipient,Fall,Leaf,Potomac_River,Ironoquia,0
Recipient_Cage_03,Recipient_02,Recipient,Fall,Leaf,Potomac_River,Timpanoga,0
Recipient_Cage_03,Recipient_02,Recipient,Fall,Leaf,Potomac_River,Polycentropus,0
Recipient_Cage_03,Recipient_02,Recipient,Fall,Leaf,Potomac_River,Amphinemura,0
Recipient_Cage_03,Recipient_02,Recipient,Fall,Leaf,Potomac_River,Penelomax,0
Recipient_Cage_03,Recipient_02,Recipient,Fall,Leaf,Potomac_River,Ephemerella,0
Recipient_Cage_03,Recipient_02,Recipient,Fall,Leaf,Potomac_River,Hemerodromia,0
Recipient_Cage_03,Recipient_02,Recipient,Fall,Leaf,Potomac_River,Shipsa,0
Recipient_Cage_03,Recipient_02,Recipient,Fall,Leaf,Potomac_River,Helichus,0
Recipient_Cage_03,Recipient_02,Recipient,Fall,Leaf,Potomac_River,Neoleptophlebia,0
Recipient_Cage_03,Recipient_02,Recipient,Fall,Leaf,Potomac_River,Attenella,0
Recipient_Cage_03,Recipient_02,Recipient,Fall,Leaf,Potomac_River,Entomobryidae,0
Recipient_Cage_03,Recipient_02,Recipient,Fall,Leaf,Potomac_River,Heptageniidae,0
Recipient_Cage_03,Recipient_02,Recipient,Fall,Leaf,Potomac_River,Aeshna,0
Recipient_Cage_03,Recipient_02,Recipient,Fall,Leaf,Potomac_River,Crambidae,0
Recipient_Cage_03,Recipient_02,Recipient,Fall,Leaf,Potomac_River,Teloganopsis,0
Recipient_Cage_03,Recipient_02,Recipient,Fall,Leaf,Potomac_River,Leptoceridae,0
Recipient_Cage_03,Recipient_02,Recipient,Fall,Leaf,Potomac_River,Pycnopsyche,0
Recipient_Cage_03,Recipient_02,Recipient,Fall,Leaf,Potomac_River,Triaenodes,0
Recipient_Cage_03,Recipient_02,Recipient,Fall,Leaf,Potomac_River,Serratella,0
Recipient_Cage_03,Recipient_02,Recipient,Fall,Leaf,Potomac_River,Optioservus,0
Recipient_Cage_03,Recipient_02,Recipient,Fall,Leaf,Potomac_River,Hydrachnidia,0
Recipient_Cage_03,Recipient_02,Recipient,Fall,Leaf,Potomac_River,Polymitarcyidae,0
Recipient_Cage_03,Recipient_02,Recipient,Fall,Leaf,Potomac_River,Cambarus,0
Recipient_Cage_03,Recipient_02,Recipient,Fall,Leaf,Potomac_River,Ancyronyx,0
Recipient_Cage_03,Recipient_02,Recipient,Fall,Leaf,Potomac_River,Gammarus,0
Recipient_Cage_03,Recipient_02,Recipient,Fall,Leaf,Potomac_River,Neoperla,0
Recipient_Cage_03,Recipient_02,Recipient,Fall,Rock,Potomac_River,Allocapnia,0
Recipient_Cage_03,Recipient_02,Recipient,Fall,Rock,Potomac_River,Maccaffertium,0
Recipient_Cage_03,Recipient_02,Recipient,Fall,Rock,Potomac_River,Chironomidae,137
Recipient_Cage_03,Recipient_02,Recipient,Fall,Rock,Potomac_River,Tipula,2
Recipient_Cage_03,Recipient_02,Recipient,Fall,Rock,Potomac_River,Dolophilodes,0
Recipient_Cage_03,Recipient_02,Recipient,Fall,Rock,Potomac_River,Cheumatopsyche,3
Recipient_Cage_03,Recipient_02,Recipient,Fall,Rock,Potomac_River,Isonychia,0
Recipient_Cage_03,Recipient_02,Recipient,Fall,Rock,Potomac_River,Plectrocnemia,0
Recipient_Cage_03,Recipient_02,Recipient,Fall,Rock,Potomac_River,Chimarra,2
Recipient_Cage_03,Recipient_02,Recipient,Fall,Rock,Potomac_River,Nigronia,0
Recipient_Cage_03,Recipient_02,Recipient,Fall,Rock,Potomac_River,Ameletus,0
Recipient_Cage_03,Recipient_02,Recipient,Fall,Rock,Potomac_River,Diplectrona,4
Recipient_Cage_03,Recipient_02,Recipient,Fall,Rock,Potomac_River,Eccoptura,0
Recipient_Cage_03,Recipient_02,Recipient,Fall,Rock,Potomac_River,Hydropsyche,1
Recipient_Cage_03,Recipient_02,Recipient,Fall,Rock,Potomac_River,Baetisca,0
Recipient_Cage_03,Recipient_02,Recipient,Fall,Rock,Potomac_River,Simulium,0
Recipient_Cage_03,Recipient_02,Recipient,Fall,Rock,Potomac_River,Isoperla,0
Recipient_Cage_03,Recipient_02,Recipient,Fall,Rock,Potomac_River,Dixa,0
Recipient_Cage_03,Recipient_02,Recipient,Fall,Rock,Potomac_River,Tropisternus,0
Recipient_Cage_03,Recipient_02,Recipient,Fall,Rock,Potomac_River,Anchytarsus,0
Recipient_Cage_03,Recipient_02,Recipient,Fall,Rock,Potomac_River,Psilotreta,0
Recipient_Cage_03,Recipient_02,Recipient,Fall,Rock,Potomac_River,Dubiraphia,0
Recipient_Cage_03,Recipient_02,Recipient,Fall,Rock,Potomac_River,Ptilostomis,0
Recipient_Cage_03,Recipient_02,Recipient,Fall,Rock,Potomac_River,Calopteryx,0
Recipient_Cage_03,Recipient_02,Recipient,Fall,Rock,Potomac_River,Molanna,0
Recipient_Cage_03,Recipient_02,Recipient,Fall,Rock,Potomac_River,Boyeria,0
Recipient_Cage_03,Recipient_02,Recipient,Fall,Rock,Potomac_River,Leptophlebia,0
Recipient_Cage_03,Recipient_02,Recipient,Fall,Rock,Potomac_River,Nyctiophylax,0
Recipient_Cage_03,Recipient_02,Recipient,Fall,Rock,Potomac_River,Argia,0
Recipient_Cage_03,Recipient_02,Recipient,Fall,Rock,Potomac_River,Rhyacophila,0
Recipient_Cage_03,Recipient_02,Recipient,Fall,Rock,Potomac_River,Probezzia,0
Recipient_Cage_03,Recipient_02,Recipient,Fall,Rock,Potomac_River,Neureclipsis,0
Recipient_Cage_03,Recipient_02,Recipient,Fall,Rock,Potomac_River,Eurylophella,0
Recipient_Cage_03,Recipient_02,Recipient,Fall,Rock,Potomac_River,Glossosoma,0
Recipient_Cage_03,Recipient_02,Recipient,Fall,Rock,Potomac_River,Rhagovelia,0
Recipient_Cage_03,Recipient_02,Recipient,Fall,Rock,Potomac_River,Neophylax,0
Recipient_Cage_03,Recipient_02,Recipient,Fall,Rock,Potomac_River,Microvelia,0
Recipient_Cage_03,Recipient_02,Recipient,Fall,Rock,Potomac_River,Hydatophylax,0
Recipient_Cage_03,Recipient_02,Recipient,Fall,Rock,Potomac_River,Antocha,0
Recipient_Cage_03,Recipient_02,Recipient,Fall,Rock,Potomac_River,Lepidostoma,0
Recipient_Cage_03,Recipient_02,Recipient,Fall,Rock,Potomac_River,Baetis,0
Recipient_Cage_03,Recipient_02,Recipient,Fall,Rock,Potomac_River,Oecetis,0
Recipient_Cage_03,Recipient_02,Recipient,Fall,Rock,Potomac_River,Ironoquia,0
Recipient_Cage_03,Recipient_02,Recipient,Fall,Rock,Potomac_River,Timpanoga,0
Recipient_Cage_03,Recipient_02,Recipient,Fall,Rock,Potomac_River,Polycentropus,0
Recipient_Cage_03,Recipient_02,Recipient,Fall,Rock,Potomac_River,Amphinemura,0
Recipient_Cage_03,Recipient_02,Recipient,Fall,Rock,Potomac_River,Penelomax,0
Recipient_Cage_03,Recipient_02,Recipient,Fall,Rock,Potomac_River,Ephemerella,0
Recipient_Cage_03,Recipient_02,Recipient,Fall,Rock,Potomac_River,Hemerodromia,0
Recipient_Cage_03,Recipient_02,Recipient,Fall,Rock,Potomac_River,Shipsa,0
Recipient_Cage_03,Recipient_02,Recipient,Fall,Rock,Potomac_River,Helichus,0
Recipient_Cage_03,Recipient_02,Recipient,Fall,Rock,Potomac_River,Neoleptophlebia,0
Recipient_Cage_03,Recipient_02,Recipient,Fall,Rock,Potomac_River,Attenella,0
Recipient_Cage_03,Recipient_02,Recipient,Fall,Rock,Potomac_River,Entomobryidae,0
Recipient_Cage_03,Recipient_02,Recipient,Fall,Rock,Potomac_River,Heptageniidae,0
Recipient_Cage_03,Recipient_02,Recipient,Fall,Rock,Potomac_River,Aeshna,0
Recipient_Cage_03,Recipient_02,Recipient,Fall,Rock,Potomac_River,Crambidae,0
Recipient_Cage_03,Recipient_02,Recipient,Fall,Rock,Potomac_River,Teloganopsis,0
Recipient_Cage_03,Recipient_02,Recipient,Fall,Rock,Potomac_River,Leptoceridae,0
Recipient_Cage_03,Recipient_02,Recipient,Fall,Rock,Potomac_River,Pycnopsyche,0
Recipient_Cage_03,Recipient_02,Recipient,Fall,Rock,Potomac_River,Triaenodes,0
Recipient_Cage_03,Recipient_02,Recipient,Fall,Rock,Potomac_River,Serratella,0
Recipient_Cage_03,Recipient_02,Recipient,Fall,Rock,Potomac_River,Optioservus,0
Recipient_Cage_03,Recipient_02,Recipient,Fall,Rock,Potomac_River,Hydrachnidia,0
Recipient_Cage_03,Recipient_02,Recipient,Fall,Rock,Potomac_River,Polymitarcyidae,0
Recipient_Cage_03,Recipient_02,Recipient,Fall,Rock,Potomac_River,Cambarus,0
Recipient_Cage_03,Recipient_02,Recipient,Fall,Rock,Potomac_River,Ancyronyx,0
Recipient_Cage_03,Recipient_02,Recipient,Fall,Rock,Potomac_River,Gammarus,0
Recipient_Cage_03,Recipient_02,Recipient,Fall,Rock,Potomac_River,Neoperla,0
Recipient_Cage_04,Recipient_02,Recipient,Fall,Leaf,Potomac_River,Allocapnia,1
Recipient_Cage_04,Recipient_02,Recipient,Fall,Leaf,Potomac_River,Maccaffertium,8
Recipient_Cage_04,Recipient_02,Recipient,Fall,Leaf,Potomac_River,Chironomidae,102
Recipient_Cage_04,Recipient_02,Recipient,Fall,Leaf,Potomac_River,Tipula,12
Recipient_Cage_04,Recipient_02,Recipient,Fall,Leaf,Potomac_River,Dolophilodes,0
Recipient_Cage_04,Recipient_02,Recipient,Fall,Leaf,Potomac_River,Cheumatopsyche,4
Recipient_Cage_04,Recipient_02,Recipient,Fall,Leaf,Potomac_River,Isonychia,5
Recipient_Cage_04,Recipient_02,Recipient,Fall,Leaf,Potomac_River,Plectrocnemia,2
Recipient_Cage_04,Recipient_02,Recipient,Fall,Leaf,Potomac_River,Chimarra,0
Recipient_Cage_04,Recipient_02,Recipient,Fall,Leaf,Potomac_River,Nigronia,0
Recipient_Cage_04,Recipient_02,Recipient,Fall,Leaf,Potomac_River,Ameletus,1
Recipient_Cage_04,Recipient_02,Recipient,Fall,Leaf,Potomac_River,Diplectrona,1
Recipient_Cage_04,Recipient_02,Recipient,Fall,Leaf,Potomac_River,Eccoptura,0
Recipient_Cage_04,Recipient_02,Recipient,Fall,Leaf,Potomac_River,Hydropsyche,1
Recipient_Cage_04,Recipient_02,Recipient,Fall,Leaf,Potomac_River,Baetisca,0
Recipient_Cage_04,Recipient_02,Recipient,Fall,Leaf,Potomac_River,Simulium,0
Recipient_Cage_04,Recipient_02,Recipient,Fall,Leaf,Potomac_River,Isoperla,0
Recipient_Cage_04,Recipient_02,Recipient,Fall,Leaf,Potomac_River,Dixa,0
Recipient_Cage_04,Recipient_02,Recipient,Fall,Leaf,Potomac_River,Tropisternus,0
Recipient_Cage_04,Recipient_02,Recipient,Fall,Leaf,Potomac_River,Anchytarsus,0
Recipient_Cage_04,Recipient_02,Recipient,Fall,Leaf,Potomac_River,Psilotreta,0
Recipient_Cage_04,Recipient_02,Recipient,Fall,Leaf,Potomac_River,Dubiraphia,0
Recipient_Cage_04,Recipient_02,Recipient,Fall,Leaf,Potomac_River,Ptilostomis,0
Recipient_Cage_04,Recipient_02,Recipient,Fall,Leaf,Potomac_River,Calopteryx,0
Recipient_Cage_04,Recipient_02,Recipient,Fall,Leaf,Potomac_River,Molanna,0
Recipient_Cage_04,Recipient_02,Recipient,Fall,Leaf,Potomac_River,Boyeria,0
Recipient_Cage_04,Recipient_02,Recipient,Fall,Leaf,Potomac_River,Leptophlebia,0
Recipient_Cage_04,Recipient_02,Recipient,Fall,Leaf,Potomac_River,Nyctiophylax,0
Recipient_Cage_04,Recipient_02,Recipient,Fall,Leaf,Potomac_River,Argia,0
Recipient_Cage_04,Recipient_02,Recipient,Fall,Leaf,Potomac_River,Rhyacophila,0
Recipient_Cage_04,Recipient_02,Recipient,Fall,Leaf,Potomac_River,Probezzia,0
Recipient_Cage_04,Recipient_02,Recipient,Fall,Leaf,Potomac_River,Neureclipsis,0
Recipient_Cage_04,Recipient_02,Recipient,Fall,Leaf,Potomac_River,Eurylophella,1
Recipient_Cage_04,Recipient_02,Recipient,Fall,Leaf,Potomac_River,Glossosoma,0
Recipient_Cage_04,Recipient_02,Recipient,Fall,Leaf,Potomac_River,Rhagovelia,0
Recipient_Cage_04,Recipient_02,Recipient,Fall,Leaf,Potomac_River,Neophylax,0
Recipient_Cage_04,Recipient_02,Recipient,Fall,Leaf,Potomac_River,Microvelia,0
Recipient_Cage_04,Recipient_02,Recipient,Fall,Leaf,Potomac_River,Hydatophylax,0
Recipient_Cage_04,Recipient_02,Recipient,Fall,Leaf,Potomac_River,Antocha,0
Recipient_Cage_04,Recipient_02,Recipient,Fall,Leaf,Potomac_River,Lepidostoma,0
Recipient_Cage_04,Recipient_02,Recipient,Fall,Leaf,Potomac_River,Baetis,0
Recipient_Cage_04,Recipient_02,Recipient,Fall,Leaf,Potomac_River,Oecetis,0
Recipient_Cage_04,Recipient_02,Recipient,Fall,Leaf,Potomac_River,Ironoquia,0
Recipient_Cage_04,Recipient_02,Recipient,Fall,Leaf,Potomac_River,Timpanoga,0
Recipient_Cage_04,Recipient_02,Recipient,Fall,Leaf,Potomac_River,Polycentropus,0
Recipient_Cage_04,Recipient_02,Recipient,Fall,Leaf,Potomac_River,Amphinemura,0
Recipient_Cage_04,Recipient_02,Recipient,Fall,Leaf,Potomac_River,Penelomax,0
Recipient_Cage_04,Recipient_02,Recipient,Fall,Leaf,Potomac_River,Ephemerella,0
Recipient_Cage_04,Recipient_02,Recipient,Fall,Leaf,Potomac_River,Hemerodromia,0
Recipient_Cage_04,Recipient_02,Recipient,Fall,Leaf,Potomac_River,Shipsa,0
Recipient_Cage_04,Recipient_02,Recipient,Fall,Leaf,Potomac_River,Helichus,0
Recipient_Cage_04,Recipient_02,Recipient,Fall,Leaf,Potomac_River,Neoleptophlebia,0
Recipient_Cage_04,Recipient_02,Recipient,Fall,Leaf,Potomac_River,Attenella,0
Recipient_Cage_04,Recipient_02,Recipient,Fall,Leaf,Potomac_River,Entomobryidae,0
Recipient_Cage_04,Recipient_02,Recipient,Fall,Leaf,Potomac_River,Heptageniidae,0
Recipient_Cage_04,Recipient_02,Recipient,Fall,Leaf,Potomac_River,Aeshna,0
Recipient_Cage_04,Recipient_02,Recipient,Fall,Leaf,Potomac_River,Crambidae,0
Recipient_Cage_04,Recipient_02,Recipient,Fall,Leaf,Potomac_River,Teloganopsis,0
Recipient_Cage_04,Recipient_02,Recipient,Fall,Leaf,Potomac_River,Leptoceridae,0
Recipient_Cage_04,Recipient_02,Recipient,Fall,Leaf,Potomac_River,Pycnopsyche,0
Recipient_Cage_04,Recipient_02,Recipient,Fall,Leaf,Potomac_River,Triaenodes,0
Recipient_Cage_04,Recipient_02,Recipient,Fall,Leaf,Potomac_River,Serratella,0
Recipient_Cage_04,Recipient_02,Recipient,Fall,Leaf,Potomac_River,Optioservus,0
Recipient_Cage_04,Recipient_02,Recipient,Fall,Leaf,Potomac_River,Hydrachnidia,0
Recipient_Cage_04,Recipient_02,Recipient,Fall,Leaf,Potomac_River,Polymitarcyidae,0
Recipient_Cage_04,Recipient_02,Recipient,Fall,Leaf,Potomac_River,Cambarus,0
Recipient_Cage_04,Recipient_02,Recipient,Fall,Leaf,Potomac_River,Ancyronyx,0
Recipient_Cage_04,Recipient_02,Recipient,Fall,Leaf,Potomac_River,Gammarus,0
Recipient_Cage_04,Recipient_02,Recipient,Fall,Leaf,Potomac_River,Neoperla,0
Recipient_Cage_04,Recipient_02,Recipient,Fall,Rock,Potomac_River,Allocapnia,1
Recipient_Cage_04,Recipient_02,Recipient,Fall,Rock,Potomac_River,Maccaffertium,3
Recipient_Cage_04,Recipient_02,Recipient,Fall,Rock,Potomac_River,Chironomidae,170
Recipient_Cage_04,Recipient_02,Recipient,Fall,Rock,Potomac_River,Tipula,1
Recipient_Cage_04,Recipient_02,Recipient,Fall,Rock,Potomac_River,Dolophilodes,0
Recipient_Cage_04,Recipient_02,Recipient,Fall,Rock,Potomac_River,Cheumatopsyche,6
Recipient_Cage_04,Recipient_02,Recipient,Fall,Rock,Potomac_River,Isonychia,4
Recipient_Cage_04,Recipient_02,Recipient,Fall,Rock,Potomac_River,Plectrocnemia,0
Recipient_Cage_04,Recipient_02,Recipient,Fall,Rock,Potomac_River,Chimarra,0
Recipient_Cage_04,Recipient_02,Recipient,Fall,Rock,Potomac_River,Nigronia,0
Recipient_Cage_04,Recipient_02,Recipient,Fall,Rock,Potomac_River,Ameletus,0
Recipient_Cage_04,Recipient_02,Recipient,Fall,Rock,Potomac_River,Diplectrona,1
Recipient_Cage_04,Recipient_02,Recipient,Fall,Rock,Potomac_River,Eccoptura,0
Recipient_Cage_04,Recipient_02,Recipient,Fall,Rock,Potomac_River,Hydropsyche,0
Recipient_Cage_04,Recipient_02,Recipient,Fall,Rock,Potomac_River,Baetisca,0
Recipient_Cage_04,Recipient_02,Recipient,Fall,Rock,Potomac_River,Simulium,0
Recipient_Cage_04,Recipient_02,Recipient,Fall,Rock,Potomac_River,Isoperla,0
Recipient_Cage_04,Recipient_02,Recipient,Fall,Rock,Potomac_River,Dixa,0
Recipient_Cage_04,Recipient_02,Recipient,Fall,Rock,Potomac_River,Tropisternus,1
Recipient_Cage_04,Recipient_02,Recipient,Fall,Rock,Potomac_River,Anchytarsus,0
Recipient_Cage_04,Recipient_02,Recipient,Fall,Rock,Potomac_River,Psilotreta,0
Recipient_Cage_04,Recipient_02,Recipient,Fall,Rock,Potomac_River,Dubiraphia,0
Recipient_Cage_04,Recipient_02,Recipient,Fall,Rock,Potomac_River,Ptilostomis,0
Recipient_Cage_04,Recipient_02,Recipient,Fall,Rock,Potomac_River,Calopteryx,0
Recipient_Cage_04,Recipient_02,Recipient,Fall,Rock,Potomac_River,Molanna,0
Recipient_Cage_04,Recipient_02,Recipient,Fall,Rock,Potomac_River,Boyeria,0
Recipient_Cage_04,Recipient_02,Recipient,Fall,Rock,Potomac_River,Leptophlebia,0
Recipient_Cage_04,Recipient_02,Recipient,Fall,Rock,Potomac_River,Nyctiophylax,0
Recipient_Cage_04,Recipient_02,Recipient,Fall,Rock,Potomac_River,Argia,0
Recipient_Cage_04,Recipient_02,Recipient,Fall,Rock,Potomac_River,Rhyacophila,0
Recipient_Cage_04,Recipient_02,Recipient,Fall,Rock,Potomac_River,Probezzia,0
Recipient_Cage_04,Recipient_02,Recipient,Fall,Rock,Potomac_River,Neureclipsis,0
Recipient_Cage_04,Recipient_02,Recipient,Fall,Rock,Potomac_River,Eurylophella,0
Recipient_Cage_04,Recipient_02,Recipient,Fall,Rock,Potomac_River,Glossosoma,0
Recipient_Cage_04,Recipient_02,Recipient,Fall,Rock,Potomac_River,Rhagovelia,0
Recipient_Cage_04,Recipient_02,Recipient,Fall,Rock,Potomac_River,Neophylax,0
Recipient_Cage_04,Recipient_02,Recipient,Fall,Rock,Potomac_River,Microvelia,0
Recipient_Cage_04,Recipient_02,Recipient,Fall,Rock,Potomac_River,Hydatophylax,0
Recipient_Cage_04,Recipient_02,Recipient,Fall,Rock,Potomac_River,Antocha,0
Recipient_Cage_04,Recipient_02,Recipient,Fall,Rock,Potomac_River,Lepidostoma,0
Recipient_Cage_04,Recipient_02,Recipient,Fall,Rock,Potomac_River,Baetis,0
Recipient_Cage_04,Recipient_02,Recipient,Fall,Rock,Potomac_River,Oecetis,0
Recipient_Cage_04,Recipient_02,Recipient,Fall,Rock,Potomac_River,Ironoquia,0
Recipient_Cage_04,Recipient_02,Recipient,Fall,Rock,Potomac_River,Timpanoga,0
Recipient_Cage_04,Recipient_02,Recipient,Fall,Rock,Potomac_River,Polycentropus,0
Recipient_Cage_04,Recipient_02,Recipient,Fall,Rock,Potomac_River,Amphinemura,0
Recipient_Cage_04,Recipient_02,Recipient,Fall,Rock,Potomac_River,Penelomax,0
Recipient_Cage_04,Recipient_02,Recipient,Fall,Rock,Potomac_River,Ephemerella,0
Recipient_Cage_04,Recipient_02,Recipient,Fall,Rock,Potomac_River,Hemerodromia,0
Recipient_Cage_04,Recipient_02,Recipient,Fall,Rock,Potomac_River,Shipsa,0
Recipient_Cage_04,Recipient_02,Recipient,Fall,Rock,Potomac_River,Helichus,0
Recipient_Cage_04,Recipient_02,Recipient,Fall,Rock,Potomac_River,Neoleptophlebia,0
Recipient_Cage_04,Recipient_02,Recipient,Fall,Rock,Potomac_River,Attenella,0
Recipient_Cage_04,Recipient_02,Recipient,Fall,Rock,Potomac_River,Entomobryidae,0
Recipient_Cage_04,Recipient_02,Recipient,Fall,Rock,Potomac_River,Heptageniidae,0
Recipient_Cage_04,Recipient_02,Recipient,Fall,Rock,Potomac_River,Aeshna,0
Recipient_Cage_04,Recipient_02,Recipient,Fall,Rock,Potomac_River,Crambidae,0
Recipient_Cage_04,Recipient_02,Recipient,Fall,Rock,Potomac_River,Teloganopsis,0
Recipient_Cage_04,Recipient_02,Recipient,Fall,Rock,Potomac_River,Leptoceridae,0
Recipient_Cage_04,Recipient_02,Recipient,Fall,Rock,Potomac_River,Pycnopsyche,0
Recipient_Cage_04,Recipient_02,Recipient,Fall,Rock,Potomac_River,Triaenodes,0
Recipient_Cage_04,Recipient_02,Recipient,Fall,Rock,Potomac_River,Serratella,0
Recipient_Cage_04,Recipient_02,Recipient,Fall,Rock,Potomac_River,Optioservus,0
Recipient_Cage_04,Recipient_02,Recipient,Fall,Rock,Potomac_River,Hydrachnidia,0
Recipient_Cage_04,Recipient_02,Recipient,Fall,Rock,Potomac_River,Polymitarcyidae,0
Recipient_Cage_04,Recipient_02,Recipient,Fall,Rock,Potomac_River,Cambarus,0
Recipient_Cage_04,Recipient_02,Recipient,Fall,Rock,Potomac_River,Ancyronyx,0
Recipient_Cage_04,Recipient_02,Recipient,Fall,Rock,Potomac_River,Gammarus,0
Recipient_Cage_04,Recipient_02,Recipient,Fall,Rock,Potomac_River,Neoperla,0
Recipient_Cage_05,Recipient_02,Recipient,Fall,Rock,Potomac_River,Allocapnia,0
Recipient_Cage_05,Recipient_02,Recipient,Fall,Rock,Potomac_River,Maccaffertium,1
Recipient_Cage_05,Recipient_02,Recipient,Fall,Rock,Potomac_River,Chironomidae,215
Recipient_Cage_05,Recipient_02,Recipient,Fall,Rock,Potomac_River,Tipula,0
Recipient_Cage_05,Recipient_02,Recipient,Fall,Rock,Potomac_River,Dolophilodes,0
Recipient_Cage_05,Recipient_02,Recipient,Fall,Rock,Potomac_River,Cheumatopsyche,1
Recipient_Cage_05,Recipient_02,Recipient,Fall,Rock,Potomac_River,Isonychia,2
Recipient_Cage_05,Recipient_02,Recipient,Fall,Rock,Potomac_River,Plectrocnemia,0
Recipient_Cage_05,Recipient_02,Recipient,Fall,Rock,Potomac_River,Chimarra,0
Recipient_Cage_05,Recipient_02,Recipient,Fall,Rock,Potomac_River,Nigronia,0
Recipient_Cage_05,Recipient_02,Recipient,Fall,Rock,Potomac_River,Ameletus,0
Recipient_Cage_05,Recipient_02,Recipient,Fall,Rock,Potomac_River,Diplectrona,0
Recipient_Cage_05,Recipient_02,Recipient,Fall,Rock,Potomac_River,Eccoptura,0
Recipient_Cage_05,Recipient_02,Recipient,Fall,Rock,Potomac_River,Hydropsyche,0
Recipient_Cage_05,Recipient_02,Recipient,Fall,Rock,Potomac_River,Baetisca,0
Recipient_Cage_05,Recipient_02,Recipient,Fall,Rock,Potomac_River,Simulium,0
Recipient_Cage_05,Recipient_02,Recipient,Fall,Rock,Potomac_River,Isoperla,0
Recipient_Cage_05,Recipient_02,Recipient,Fall,Rock,Potomac_River,Dixa,0
Recipient_Cage_05,Recipient_02,Recipient,Fall,Rock,Potomac_River,Tropisternus,0
Recipient_Cage_05,Recipient_02,Recipient,Fall,Rock,Potomac_River,Anchytarsus,0
Recipient_Cage_05,Recipient_02,Recipient,Fall,Rock,Potomac_River,Psilotreta,0
Recipient_Cage_05,Recipient_02,Recipient,Fall,Rock,Potomac_River,Dubiraphia,0
Recipient_Cage_05,Recipient_02,Recipient,Fall,Rock,Potomac_River,Ptilostomis,0
Recipient_Cage_05,Recipient_02,Recipient,Fall,Rock,Potomac_River,Calopteryx,0
Recipient_Cage_05,Recipient_02,Recipient,Fall,Rock,Potomac_River,Molanna,0
Recipient_Cage_05,Recipient_02,Recipient,Fall,Rock,Potomac_River,Boyeria,0
Recipient_Cage_05,Recipient_02,Recipient,Fall,Rock,Potomac_River,Leptophlebia,0
Recipient_Cage_05,Recipient_02,Recipient,Fall,Rock,Potomac_River,Nyctiophylax,0
Recipient_Cage_05,Recipient_02,Recipient,Fall,Rock,Potomac_River,Argia,0
Recipient_Cage_05,Recipient_02,Recipient,Fall,Rock,Potomac_River,Rhyacophila,0
Recipient_Cage_05,Recipient_02,Recipient,Fall,Rock,Potomac_River,Probezzia,0
Recipient_Cage_05,Recipient_02,Recipient,Fall,Rock,Potomac_River,Neureclipsis,0
Recipient_Cage_05,Recipient_02,Recipient,Fall,Rock,Potomac_River,Eurylophella,0
Recipient_Cage_05,Recipient_02,Recipient,Fall,Rock,Potomac_River,Glossosoma,0
Recipient_Cage_05,Recipient_02,Recipient,Fall,Rock,Potomac_River,Rhagovelia,0
Recipient_Cage_05,Recipient_02,Recipient,Fall,Rock,Potomac_River,Neophylax,0
Recipient_Cage_05,Recipient_02,Recipient,Fall,Rock,Potomac_River,Microvelia,0
Recipient_Cage_05,Recipient_02,Recipient,Fall,Rock,Potomac_River,Hydatophylax,0
Recipient_Cage_05,Recipient_02,Recipient,Fall,Rock,Potomac_River,Antocha,0
Recipient_Cage_05,Recipient_02,Recipient,Fall,Rock,Potomac_River,Lepidostoma,0
Recipient_Cage_05,Recipient_02,Recipient,Fall,Rock,Potomac_River,Baetis,0
Recipient_Cage_05,Recipient_02,Recipient,Fall,Rock,Potomac_River,Oecetis,0
Recipient_Cage_05,Recipient_02,Recipient,Fall,Rock,Potomac_River,Ironoquia,0
Recipient_Cage_05,Recipient_02,Recipient,Fall,Rock,Potomac_River,Timpanoga,0
Recipient_Cage_05,Recipient_02,Recipient,Fall,Rock,Potomac_River,Polycentropus,0
Recipient_Cage_05,Recipient_02,Recipient,Fall,Rock,Potomac_River,Amphinemura,0
Recipient_Cage_05,Recipient_02,Recipient,Fall,Rock,Potomac_River,Penelomax,0
Recipient_Cage_05,Recipient_02,Recipient,Fall,Rock,Potomac_River,Ephemerella,0
Recipient_Cage_05,Recipient_02,Recipient,Fall,Rock,Potomac_River,Hemerodromia,0
Recipient_Cage_05,Recipient_02,Recipient,Fall,Rock,Potomac_River,Shipsa,0
Recipient_Cage_05,Recipient_02,Recipient,Fall,Rock,Potomac_River,Helichus,0
Recipient_Cage_05,Recipient_02,Recipient,Fall,Rock,Potomac_River,Neoleptophlebia,0
Recipient_Cage_05,Recipient_02,Recipient,Fall,Rock,Potomac_River,Attenella,0
Recipient_Cage_05,Recipient_02,Recipient,Fall,Rock,Potomac_River,Entomobryidae,0
Recipient_Cage_05,Recipient_02,Recipient,Fall,Rock,Potomac_River,Heptageniidae,0
Recipient_Cage_05,Recipient_02,Recipient,Fall,Rock,Potomac_River,Aeshna,0
Recipient_Cage_05,Recipient_02,Recipient,Fall,Rock,Potomac_River,Crambidae,0
Recipient_Cage_05,Recipient_02,Recipient,Fall,Rock,Potomac_River,Teloganopsis,0
Recipient_Cage_05,Recipient_02,Recipient,Fall,Rock,Potomac_River,Leptoceridae,0
Recipient_Cage_05,Recipient_02,Recipient,Fall,Rock,Potomac_River,Pycnopsyche,0
Recipient_Cage_05,Recipient_02,Recipient,Fall,Rock,Potomac_River,Triaenodes,0
Recipient_Cage_05,Recipient_02,Recipient,Fall,Rock,Potomac_River,Serratella,0
Recipient_Cage_05,Recipient_02,Recipient,Fall,Rock,Potomac_River,Optioservus,0
Recipient_Cage_05,Recipient_02,Recipient,Fall,Rock,Potomac_River,Hydrachnidia,0
Recipient_Cage_05,Recipient_02,Recipient,Fall,Rock,Potomac_River,Polymitarcyidae,0
Recipient_Cage_05,Recipient_02,Recipient,Fall,Rock,Potomac_River,Cambarus,0
Recipient_Cage_05,Recipient_02,Recipient,Fall,Rock,Potomac_River,Ancyronyx,0
Recipient_Cage_05,Recipient_02,Recipient,Fall,Rock,Potomac_River,Gammarus,0
Recipient_Cage_05,Recipient_02,Recipient,Fall,Rock,Potomac_River,Neoperla,0
Recipient_Cage_05,Recipient_02,Recipient,Fall,Leaf,Potomac_River,Allocapnia,4
Recipient_Cage_05,Recipient_02,Recipient,Fall,Leaf,Potomac_River,Maccaffertium,3
Recipient_Cage_05,Recipient_02,Recipient,Fall,Leaf,Potomac_River,Chironomidae,173
Recipient_Cage_05,Recipient_02,Recipient,Fall,Leaf,Potomac_River,Tipula,7
Recipient_Cage_05,Recipient_02,Recipient,Fall,Leaf,Potomac_River,Dolophilodes,0
Recipient_Cage_05,Recipient_02,Recipient,Fall,Leaf,Potomac_River,Cheumatopsyche,3
Recipient_Cage_05,Recipient_02,Recipient,Fall,Leaf,Potomac_River,Isonychia,0
Recipient_Cage_05,Recipient_02,Recipient,Fall,Leaf,Potomac_River,Plectrocnemia,2
Recipient_Cage_05,Recipient_02,Recipient,Fall,Leaf,Potomac_River,Chimarra,0
Recipient_Cage_05,Recipient_02,Recipient,Fall,Leaf,Potomac_River,Nigronia,0
Recipient_Cage_05,Recipient_02,Recipient,Fall,Leaf,Potomac_River,Ameletus,0
Recipient_Cage_05,Recipient_02,Recipient,Fall,Leaf,Potomac_River,Diplectrona,0
Recipient_Cage_05,Recipient_02,Recipient,Fall,Leaf,Potomac_River,Eccoptura,2
Recipient_Cage_05,Recipient_02,Recipient,Fall,Leaf,Potomac_River,Hydropsyche,0
Recipient_Cage_05,Recipient_02,Recipient,Fall,Leaf,Potomac_River,Baetisca,0
Recipient_Cage_05,Recipient_02,Recipient,Fall,Leaf,Potomac_River,Simulium,0
Recipient_Cage_05,Recipient_02,Recipient,Fall,Leaf,Potomac_River,Isoperla,0
Recipient_Cage_05,Recipient_02,Recipient,Fall,Leaf,Potomac_River,Dixa,0
Recipient_Cage_05,Recipient_02,Recipient,Fall,Leaf,Potomac_River,Tropisternus,0
Recipient_Cage_05,Recipient_02,Recipient,Fall,Leaf,Potomac_River,Anchytarsus,0
Recipient_Cage_05,Recipient_02,Recipient,Fall,Leaf,Potomac_River,Psilotreta,0
Recipient_Cage_05,Recipient_02,Recipient,Fall,Leaf,Potomac_River,Dubiraphia,0
Recipient_Cage_05,Recipient_02,Recipient,Fall,Leaf,Potomac_River,Ptilostomis,0
Recipient_Cage_05,Recipient_02,Recipient,Fall,Leaf,Potomac_River,Calopteryx,0
Recipient_Cage_05,Recipient_02,Recipient,Fall,Leaf,Potomac_River,Molanna,0
Recipient_Cage_05,Recipient_02,Recipient,Fall,Leaf,Potomac_River,Boyeria,0
Recipient_Cage_05,Recipient_02,Recipient,Fall,Leaf,Potomac_River,Leptophlebia,0
Recipient_Cage_05,Recipient_02,Recipient,Fall,Leaf,Potomac_River,Nyctiophylax,0
Recipient_Cage_05,Recipient_02,Recipient,Fall,Leaf,Potomac_River,Argia,0
Recipient_Cage_05,Recipient_02,Recipient,Fall,Leaf,Potomac_River,Rhyacophila,0
Recipient_Cage_05,Recipient_02,Recipient,Fall,Leaf,Potomac_River,Probezzia,0
Recipient_Cage_05,Recipient_02,Recipient,Fall,Leaf,Potomac_River,Neureclipsis,0
Recipient_Cage_05,Recipient_02,Recipient,Fall,Leaf,Potomac_River,Eurylophella,0
Recipient_Cage_05,Recipient_02,Recipient,Fall,Leaf,Potomac_River,Glossosoma,0
Recipient_Cage_05,Recipient_02,Recipient,Fall,Leaf,Potomac_River,Rhagovelia,0
Recipient_Cage_05,Recipient_02,Recipient,Fall,Leaf,Potomac_River,Neophylax,0
Recipient_Cage_05,Recipient_02,Recipient,Fall,Leaf,Potomac_River,Microvelia,0
Recipient_Cage_05,Recipient_02,Recipient,Fall,Leaf,Potomac_River,Hydatophylax,0
Recipient_Cage_05,Recipient_02,Recipient,Fall,Leaf,Potomac_River,Antocha,0
Recipient_Cage_05,Recipient_02,Recipient,Fall,Leaf,Potomac_River,Lepidostoma,0
Recipient_Cage_05,Recipient_02,Recipient,Fall,Leaf,Potomac_River,Baetis,0
Recipient_Cage_05,Recipient_02,Recipient,Fall,Leaf,Potomac_River,Oecetis,0
Recipient_Cage_05,Recipient_02,Recipient,Fall,Leaf,Potomac_River,Ironoquia,0
Recipient_Cage_05,Recipient_02,Recipient,Fall,Leaf,Potomac_River,Timpanoga,0
Recipient_Cage_05,Recipient_02,Recipient,Fall,Leaf,Potomac_River,Polycentropus,0
Recipient_Cage_05,Recipient_02,Recipient,Fall,Leaf,Potomac_River,Amphinemura,0
Recipient_Cage_05,Recipient_02,Recipient,Fall,Leaf,Potomac_River,Penelomax,0
Recipient_Cage_05,Recipient_02,Recipient,Fall,Leaf,Potomac_River,Ephemerella,0
Recipient_Cage_05,Recipient_02,Recipient,Fall,Leaf,Potomac_River,Hemerodromia,0
Recipient_Cage_05,Recipient_02,Recipient,Fall,Leaf,Potomac_River,Shipsa,0
Recipient_Cage_05,Recipient_02,Recipient,Fall,Leaf,Potomac_River,Helichus,0
Recipient_Cage_05,Recipient_02,Recipient,Fall,Leaf,Potomac_River,Neoleptophlebia,0
Recipient_Cage_05,Recipient_02,Recipient,Fall,Leaf,Potomac_River,Attenella,0
Recipient_Cage_05,Recipient_02,Recipient,Fall,Leaf,Potomac_River,Entomobryidae,0
Recipient_Cage_05,Recipient_02,Recipient,Fall,Leaf,Potomac_River,Heptageniidae,0
Recipient_Cage_05,Recipient_02,Recipient,Fall,Leaf,Potomac_River,Aeshna,0
Recipient_Cage_05,Recipient_02,Recipient,Fall,Leaf,Potomac_River,Crambidae,0
Recipient_Cage_05,Recipient_02,Recipient,Fall,Leaf,Potomac_River,Teloganopsis,0
Recipient_Cage_05,Recipient_02,Recipient,Fall,Leaf,Potomac_River,Leptoceridae,0
Recipient_Cage_05,Recipient_02,Recipient,Fall,Leaf,Potomac_River,Pycnopsyche,0
Recipient_Cage_05,Recipient_02,Recipient,Fall,Leaf,Potomac_River,Triaenodes,0
Recipient_Cage_05,Recipient_02,Recipient,Fall,Leaf,Potomac_River,Serratella,0
Recipient_Cage_05,Recipient_02,Recipient,Fall,Leaf,Potomac_River,Optioservus,0
Recipient_Cage_05,Recipient_02,Recipient,Fall,Leaf,Potomac_River,Hydrachnidia,0
Recipient_Cage_05,Recipient_02,Recipient,Fall,Leaf,Potomac_River,Polymitarcyidae,0
Recipient_Cage_05,Recipient_02,Recipient,Fall,Leaf,Potomac_River,Cambarus,0
Recipient_Cage_05,Recipient_02,Recipient,Fall,Leaf,Potomac_River,Ancyronyx,0
Recipient_Cage_05,Recipient_02,Recipient,Fall,Leaf,Potomac_River,Gammarus,0
Recipient_Cage_05,Recipient_02,Recipient,Fall,Leaf,Potomac_River,Neoperla,0
Recipient_Cage_06,Recipient_10,Recipient,Fall,Rock,Little_Patuxent,Allocapnia,0
Recipient_Cage_06,Recipient_10,Recipient,Fall,Rock,Little_Patuxent,Maccaffertium,9
Recipient_Cage_06,Recipient_10,Recipient,Fall,Rock,Little_Patuxent,Chironomidae,67
Recipient_Cage_06,Recipient_10,Recipient,Fall,Rock,Little_Patuxent,Tipula,0
Recipient_Cage_06,Recipient_10,Recipient,Fall,Rock,Little_Patuxent,Dolophilodes,0
Recipient_Cage_06,Recipient_10,Recipient,Fall,Rock,Little_Patuxent,Cheumatopsyche,37
Recipient_Cage_06,Recipient_10,Recipient,Fall,Rock,Little_Patuxent,Isonychia,0
Recipient_Cage_06,Recipient_10,Recipient,Fall,Rock,Little_Patuxent,Plectrocnemia,1
Recipient_Cage_06,Recipient_10,Recipient,Fall,Rock,Little_Patuxent,Chimarra,25
Recipient_Cage_06,Recipient_10,Recipient,Fall,Rock,Little_Patuxent,Nigronia,0
Recipient_Cage_06,Recipient_10,Recipient,Fall,Rock,Little_Patuxent,Ameletus,0
Recipient_Cage_06,Recipient_10,Recipient,Fall,Rock,Little_Patuxent,Diplectrona,4
Recipient_Cage_06,Recipient_10,Recipient,Fall,Rock,Little_Patuxent,Eccoptura,1
Recipient_Cage_06,Recipient_10,Recipient,Fall,Rock,Little_Patuxent,Hydropsyche,1
Recipient_Cage_06,Recipient_10,Recipient,Fall,Rock,Little_Patuxent,Baetisca,0
Recipient_Cage_06,Recipient_10,Recipient,Fall,Rock,Little_Patuxent,Simulium,1
Recipient_Cage_06,Recipient_10,Recipient,Fall,Rock,Little_Patuxent,Isoperla,0
Recipient_Cage_06,Recipient_10,Recipient,Fall,Rock,Little_Patuxent,Dixa,0
Recipient_Cage_06,Recipient_10,Recipient,Fall,Rock,Little_Patuxent,Tropisternus,0
Recipient_Cage_06,Recipient_10,Recipient,Fall,Rock,Little_Patuxent,Anchytarsus,8
Recipient_Cage_06,Recipient_10,Recipient,Fall,Rock,Little_Patuxent,Psilotreta,0
Recipient_Cage_06,Recipient_10,Recipient,Fall,Rock,Little_Patuxent,Dubiraphia,0
Recipient_Cage_06,Recipient_10,Recipient,Fall,Rock,Little_Patuxent,Ptilostomis,0
Recipient_Cage_06,Recipient_10,Recipient,Fall,Rock,Little_Patuxent,Calopteryx,0
Recipient_Cage_06,Recipient_10,Recipient,Fall,Rock,Little_Patuxent,Molanna,0
Recipient_Cage_06,Recipient_10,Recipient,Fall,Rock,Little_Patuxent,Boyeria,1
Recipient_Cage_06,Recipient_10,Recipient,Fall,Rock,Little_Patuxent,Leptophlebia,0
Recipient_Cage_06,Recipient_10,Recipient,Fall,Rock,Little_Patuxent,Nyctiophylax,0
Recipient_Cage_06,Recipient_10,Recipient,Fall,Rock,Little_Patuxent,Argia,0
Recipient_Cage_06,Recipient_10,Recipient,Fall,Rock,Little_Patuxent,Rhyacophila,1
Recipient_Cage_06,Recipient_10,Recipient,Fall,Rock,Little_Patuxent,Probezzia,0
Recipient_Cage_06,Recipient_10,Recipient,Fall,Rock,Little_Patuxent,Neureclipsis,0
Recipient_Cage_06,Recipient_10,Recipient,Fall,Rock,Little_Patuxent,Eurylophella,0
Recipient_Cage_06,Recipient_10,Recipient,Fall,Rock,Little_Patuxent,Glossosoma,0
Recipient_Cage_06,Recipient_10,Recipient,Fall,Rock,Little_Patuxent,Rhagovelia,0
Recipient_Cage_06,Recipient_10,Recipient,Fall,Rock,Little_Patuxent,Neophylax,0
Recipient_Cage_06,Recipient_10,Recipient,Fall,Rock,Little_Patuxent,Microvelia,0
Recipient_Cage_06,Recipient_10,Recipient,Fall,Rock,Little_Patuxent,Hydatophylax,0
Recipient_Cage_06,Recipient_10,Recipient,Fall,Rock,Little_Patuxent,Antocha,0
Recipient_Cage_06,Recipient_10,Recipient,Fall,Rock,Little_Patuxent,Lepidostoma,0
Recipient_Cage_06,Recipient_10,Recipient,Fall,Rock,Little_Patuxent,Baetis,0
Recipient_Cage_06,Recipient_10,Recipient,Fall,Rock,Little_Patuxent,Oecetis,0
Recipient_Cage_06,Recipient_10,Recipient,Fall,Rock,Little_Patuxent,Ironoquia,0
Recipient_Cage_06,Recipient_10,Recipient,Fall,Rock,Little_Patuxent,Timpanoga,0
Recipient_Cage_06,Recipient_10,Recipient,Fall,Rock,Little_Patuxent,Polycentropus,0
Recipient_Cage_06,Recipient_10,Recipient,Fall,Rock,Little_Patuxent,Amphinemura,0
Recipient_Cage_06,Recipient_10,Recipient,Fall,Rock,Little_Patuxent,Penelomax,0
Recipient_Cage_06,Recipient_10,Recipient,Fall,Rock,Little_Patuxent,Ephemerella,0
Recipient_Cage_06,Recipient_10,Recipient,Fall,Rock,Little_Patuxent,Hemerodromia,0
Recipient_Cage_06,Recipient_10,Recipient,Fall,Rock,Little_Patuxent,Shipsa,0
Recipient_Cage_06,Recipient_10,Recipient,Fall,Rock,Little_Patuxent,Helichus,0
Recipient_Cage_06,Recipient_10,Recipient,Fall,Rock,Little_Patuxent,Neoleptophlebia,0
Recipient_Cage_06,Recipient_10,Recipient,Fall,Rock,Little_Patuxent,Attenella,0
Recipient_Cage_06,Recipient_10,Recipient,Fall,Rock,Little_Patuxent,Entomobryidae,0
Recipient_Cage_06,Recipient_10,Recipient,Fall,Rock,Little_Patuxent,Heptageniidae,0
Recipient_Cage_06,Recipient_10,Recipient,Fall,Rock,Little_Patuxent,Aeshna,0
Recipient_Cage_06,Recipient_10,Recipient,Fall,Rock,Little_Patuxent,Crambidae,0
Recipient_Cage_06,Recipient_10,Recipient,Fall,Rock,Little_Patuxent,Teloganopsis,0
Recipient_Cage_06,Recipient_10,Recipient,Fall,Rock,Little_Patuxent,Leptoceridae,0
Recipient_Cage_06,Recipient_10,Recipient,Fall,Rock,Little_Patuxent,Pycnopsyche,0
Recipient_Cage_06,Recipient_10,Recipient,Fall,Rock,Little_Patuxent,Triaenodes,0
Recipient_Cage_06,Recipient_10,Recipient,Fall,Rock,Little_Patuxent,Serratella,0
Recipient_Cage_06,Recipient_10,Recipient,Fall,Rock,Little_Patuxent,Optioservus,0
Recipient_Cage_06,Recipient_10,Recipient,Fall,Rock,Little_Patuxent,Hydrachnidia,0
Recipient_Cage_06,Recipient_10,Recipient,Fall,Rock,Little_Patuxent,Polymitarcyidae,0
Recipient_Cage_06,Recipient_10,Recipient,Fall,Rock,Little_Patuxent,Cambarus,0
Recipient_Cage_06,Recipient_10,Recipient,Fall,Rock,Little_Patuxent,Ancyronyx,0
Recipient_Cage_06,Recipient_10,Recipient,Fall,Rock,Little_Patuxent,Gammarus,0
Recipient_Cage_06,Recipient_10,Recipient,Fall,Rock,Little_Patuxent,Neoperla,0
Recipient_Cage_07,Recipient_10,Recipient,Fall,Leaf,Little_Patuxent,Allocapnia,2
Recipient_Cage_07,Recipient_10,Recipient,Fall,Leaf,Little_Patuxent,Maccaffertium,2
Recipient_Cage_07,Recipient_10,Recipient,Fall,Leaf,Little_Patuxent,Chironomidae,77
Recipient_Cage_07,Recipient_10,Recipient,Fall,Leaf,Little_Patuxent,Tipula,5
Recipient_Cage_07,Recipient_10,Recipient,Fall,Leaf,Little_Patuxent,Dolophilodes,0
Recipient_Cage_07,Recipient_10,Recipient,Fall,Leaf,Little_Patuxent,Cheumatopsyche,10
Recipient_Cage_07,Recipient_10,Recipient,Fall,Leaf,Little_Patuxent,Isonychia,0
Recipient_Cage_07,Recipient_10,Recipient,Fall,Leaf,Little_Patuxent,Plectrocnemia,3
Recipient_Cage_07,Recipient_10,Recipient,Fall,Leaf,Little_Patuxent,Chimarra,3
Recipient_Cage_07,Recipient_10,Recipient,Fall,Leaf,Little_Patuxent,Nigronia,0
Recipient_Cage_07,Recipient_10,Recipient,Fall,Leaf,Little_Patuxent,Ameletus,0
Recipient_Cage_07,Recipient_10,Recipient,Fall,Leaf,Little_Patuxent,Diplectrona,2
Recipient_Cage_07,Recipient_10,Recipient,Fall,Leaf,Little_Patuxent,Eccoptura,0
Recipient_Cage_07,Recipient_10,Recipient,Fall,Leaf,Little_Patuxent,Hydropsyche,0
Recipient_Cage_07,Recipient_10,Recipient,Fall,Leaf,Little_Patuxent,Baetisca,0
Recipient_Cage_07,Recipient_10,Recipient,Fall,Leaf,Little_Patuxent,Simulium,0
Recipient_Cage_07,Recipient_10,Recipient,Fall,Leaf,Little_Patuxent,Isoperla,0
Recipient_Cage_07,Recipient_10,Recipient,Fall,Leaf,Little_Patuxent,Dixa,0
Recipient_Cage_07,Recipient_10,Recipient,Fall,Leaf,Little_Patuxent,Tropisternus,0
Recipient_Cage_07,Recipient_10,Recipient,Fall,Leaf,Little_Patuxent,Anchytarsus,10
Recipient_Cage_07,Recipient_10,Recipient,Fall,Leaf,Little_Patuxent,Psilotreta,0
Recipient_Cage_07,Recipient_10,Recipient,Fall,Leaf,Little_Patuxent,Dubiraphia,0
Recipient_Cage_07,Recipient_10,Recipient,Fall,Leaf,Little_Patuxent,Ptilostomis,0
Recipient_Cage_07,Recipient_10,Recipient,Fall,Leaf,Little_Patuxent,Calopteryx,1
Recipient_Cage_07,Recipient_10,Recipient,Fall,Leaf,Little_Patuxent,Molanna,0
Recipient_Cage_07,Recipient_10,Recipient,Fall,Leaf,Little_Patuxent,Boyeria,0
Recipient_Cage_07,Recipient_10,Recipient,Fall,Leaf,Little_Patuxent,Leptophlebia,0
Recipient_Cage_07,Recipient_10,Recipient,Fall,Leaf,Little_Patuxent,Nyctiophylax,0
Recipient_Cage_07,Recipient_10,Recipient,Fall,Leaf,Little_Patuxent,Argia,0
Recipient_Cage_07,Recipient_10,Recipient,Fall,Leaf,Little_Patuxent,Rhyacophila,0
Recipient_Cage_07,Recipient_10,Recipient,Fall,Leaf,Little_Patuxent,Probezzia,0
Recipient_Cage_07,Recipient_10,Recipient,Fall,Leaf,Little_Patuxent,Neureclipsis,0
Recipient_Cage_07,Recipient_10,Recipient,Fall,Leaf,Little_Patuxent,Eurylophella,0
Recipient_Cage_07,Recipient_10,Recipient,Fall,Leaf,Little_Patuxent,Glossosoma,0
Recipient_Cage_07,Recipient_10,Recipient,Fall,Leaf,Little_Patuxent,Rhagovelia,0
Recipient_Cage_07,Recipient_10,Recipient,Fall,Leaf,Little_Patuxent,Neophylax,0
Recipient_Cage_07,Recipient_10,Recipient,Fall,Leaf,Little_Patuxent,Microvelia,0
Recipient_Cage_07,Recipient_10,Recipient,Fall,Leaf,Little_Patuxent,Hydatophylax,0
Recipient_Cage_07,Recipient_10,Recipient,Fall,Leaf,Little_Patuxent,Antocha,0
Recipient_Cage_07,Recipient_10,Recipient,Fall,Leaf,Little_Patuxent,Lepidostoma,0
Recipient_Cage_07,Recipient_10,Recipient,Fall,Leaf,Little_Patuxent,Baetis,0
Recipient_Cage_07,Recipient_10,Recipient,Fall,Leaf,Little_Patuxent,Oecetis,0
Recipient_Cage_07,Recipient_10,Recipient,Fall,Leaf,Little_Patuxent,Ironoquia,0
Recipient_Cage_07,Recipient_10,Recipient,Fall,Leaf,Little_Patuxent,Timpanoga,0
Recipient_Cage_07,Recipient_10,Recipient,Fall,Leaf,Little_Patuxent,Polycentropus,0
Recipient_Cage_07,Recipient_10,Recipient,Fall,Leaf,Little_Patuxent,Amphinemura,0
Recipient_Cage_07,Recipient_10,Recipient,Fall,Leaf,Little_Patuxent,Penelomax,0
Recipient_Cage_07,Recipient_10,Recipient,Fall,Leaf,Little_Patuxent,Ephemerella,0
Recipient_Cage_07,Recipient_10,Recipient,Fall,Leaf,Little_Patuxent,Hemerodromia,0
Recipient_Cage_07,Recipient_10,Recipient,Fall,Leaf,Little_Patuxent,Shipsa,0
Recipient_Cage_07,Recipient_10,Recipient,Fall,Leaf,Little_Patuxent,Helichus,0
Recipient_Cage_07,Recipient_10,Recipient,Fall,Leaf,Little_Patuxent,Neoleptophlebia,0
Recipient_Cage_07,Recipient_10,Recipient,Fall,Leaf,Little_Patuxent,Attenella,0
Recipient_Cage_07,Recipient_10,Recipient,Fall,Leaf,Little_Patuxent,Entomobryidae,0
Recipient_Cage_07,Recipient_10,Recipient,Fall,Leaf,Little_Patuxent,Heptageniidae,0
Recipient_Cage_07,Recipient_10,Recipient,Fall,Leaf,Little_Patuxent,Aeshna,0
Recipient_Cage_07,Recipient_10,Recipient,Fall,Leaf,Little_Patuxent,Crambidae,0
Recipient_Cage_07,Recipient_10,Recipient,Fall,Leaf,Little_Patuxent,Teloganopsis,0
Recipient_Cage_07,Recipient_10,Recipient,Fall,Leaf,Little_Patuxent,Leptoceridae,0
Recipient_Cage_07,Recipient_10,Recipient,Fall,Leaf,Little_Patuxent,Pycnopsyche,0
Recipient_Cage_07,Recipient_10,Recipient,Fall,Leaf,Little_Patuxent,Triaenodes,0
Recipient_Cage_07,Recipient_10,Recipient,Fall,Leaf,Little_Patuxent,Serratella,0
Recipient_Cage_07,Recipient_10,Recipient,Fall,Leaf,Little_Patuxent,Optioservus,0
Recipient_Cage_07,Recipient_10,Recipient,Fall,Leaf,Little_Patuxent,Hydrachnidia,0
Recipient_Cage_07,Recipient_10,Recipient,Fall,Leaf,Little_Patuxent,Polymitarcyidae,0
Recipient_Cage_07,Recipient_10,Recipient,Fall,Leaf,Little_Patuxent,Cambarus,0
Recipient_Cage_07,Recipient_10,Recipient,Fall,Leaf,Little_Patuxent,Ancyronyx,0
Recipient_Cage_07,Recipient_10,Recipient,Fall,Leaf,Little_Patuxent,Gammarus,0
Recipient_Cage_07,Recipient_10,Recipient,Fall,Leaf,Little_Patuxent,Neoperla,0
Recipient_Cage_07,Recipient_10,Recipient,Fall,Rock,Little_Patuxent,Allocapnia,0
Recipient_Cage_07,Recipient_10,Recipient,Fall,Rock,Little_Patuxent,Maccaffertium,1
Recipient_Cage_07,Recipient_10,Recipient,Fall,Rock,Little_Patuxent,Chironomidae,121
Recipient_Cage_07,Recipient_10,Recipient,Fall,Rock,Little_Patuxent,Tipula,0
Recipient_Cage_07,Recipient_10,Recipient,Fall,Rock,Little_Patuxent,Dolophilodes,0
Recipient_Cage_07,Recipient_10,Recipient,Fall,Rock,Little_Patuxent,Cheumatopsyche,4
Recipient_Cage_07,Recipient_10,Recipient,Fall,Rock,Little_Patuxent,Isonychia,0
Recipient_Cage_07,Recipient_10,Recipient,Fall,Rock,Little_Patuxent,Plectrocnemia,0
Recipient_Cage_07,Recipient_10,Recipient,Fall,Rock,Little_Patuxent,Chimarra,2
Recipient_Cage_07,Recipient_10,Recipient,Fall,Rock,Little_Patuxent,Nigronia,0
Recipient_Cage_07,Recipient_10,Recipient,Fall,Rock,Little_Patuxent,Ameletus,0
Recipient_Cage_07,Recipient_10,Recipient,Fall,Rock,Little_Patuxent,Diplectrona,4
Recipient_Cage_07,Recipient_10,Recipient,Fall,Rock,Little_Patuxent,Eccoptura,0
Recipient_Cage_07,Recipient_10,Recipient,Fall,Rock,Little_Patuxent,Hydropsyche,1
Recipient_Cage_07,Recipient_10,Recipient,Fall,Rock,Little_Patuxent,Baetisca,0
Recipient_Cage_07,Recipient_10,Recipient,Fall,Rock,Little_Patuxent,Simulium,0
Recipient_Cage_07,Recipient_10,Recipient,Fall,Rock,Little_Patuxent,Isoperla,0
Recipient_Cage_07,Recipient_10,Recipient,Fall,Rock,Little_Patuxent,Dixa,0
Recipient_Cage_07,Recipient_10,Recipient,Fall,Rock,Little_Patuxent,Tropisternus,0
Recipient_Cage_07,Recipient_10,Recipient,Fall,Rock,Little_Patuxent,Anchytarsus,5
Recipient_Cage_07,Recipient_10,Recipient,Fall,Rock,Little_Patuxent,Psilotreta,0
Recipient_Cage_07,Recipient_10,Recipient,Fall,Rock,Little_Patuxent,Dubiraphia,0
Recipient_Cage_07,Recipient_10,Recipient,Fall,Rock,Little_Patuxent,Ptilostomis,0
Recipient_Cage_07,Recipient_10,Recipient,Fall,Rock,Little_Patuxent,Calopteryx,4
Recipient_Cage_07,Recipient_10,Recipient,Fall,Rock,Little_Patuxent,Molanna,0
Recipient_Cage_07,Recipient_10,Recipient,Fall,Rock,Little_Patuxent,Boyeria,0
Recipient_Cage_07,Recipient_10,Recipient,Fall,Rock,Little_Patuxent,Leptophlebia,0
Recipient_Cage_07,Recipient_10,Recipient,Fall,Rock,Little_Patuxent,Nyctiophylax,0
Recipient_Cage_07,Recipient_10,Recipient,Fall,Rock,Little_Patuxent,Argia,0
Recipient_Cage_07,Recipient_10,Recipient,Fall,Rock,Little_Patuxent,Rhyacophila,0
Recipient_Cage_07,Recipient_10,Recipient,Fall,Rock,Little_Patuxent,Probezzia,0
Recipient_Cage_07,Recipient_10,Recipient,Fall,Rock,Little_Patuxent,Neureclipsis,0
Recipient_Cage_07,Recipient_10,Recipient,Fall,Rock,Little_Patuxent,Eurylophella,0
Recipient_Cage_07,Recipient_10,Recipient,Fall,Rock,Little_Patuxent,Glossosoma,0
Recipient_Cage_07,Recipient_10,Recipient,Fall,Rock,Little_Patuxent,Rhagovelia,0
Recipient_Cage_07,Recipient_10,Recipient,Fall,Rock,Little_Patuxent,Neophylax,0
Recipient_Cage_07,Recipient_10,Recipient,Fall,Rock,Little_Patuxent,Microvelia,0
Recipient_Cage_07,Recipient_10,Recipient,Fall,Rock,Little_Patuxent,Hydatophylax,0
Recipient_Cage_07,Recipient_10,Recipient,Fall,Rock,Little_Patuxent,Antocha,0
Recipient_Cage_07,Recipient_10,Recipient,Fall,Rock,Little_Patuxent,Lepidostoma,0
Recipient_Cage_07,Recipient_10,Recipient,Fall,Rock,Little_Patuxent,Baetis,0
Recipient_Cage_07,Recipient_10,Recipient,Fall,Rock,Little_Patuxent,Oecetis,0
Recipient_Cage_07,Recipient_10,Recipient,Fall,Rock,Little_Patuxent,Ironoquia,0
Recipient_Cage_07,Recipient_10,Recipient,Fall,Rock,Little_Patuxent,Timpanoga,0
Recipient_Cage_07,Recipient_10,Recipient,Fall,Rock,Little_Patuxent,Polycentropus,0
Recipient_Cage_07,Recipient_10,Recipient,Fall,Rock,Little_Patuxent,Amphinemura,0
Recipient_Cage_07,Recipient_10,Recipient,Fall,Rock,Little_Patuxent,Penelomax,0
Recipient_Cage_07,Recipient_10,Recipient,Fall,Rock,Little_Patuxent,Ephemerella,0
Recipient_Cage_07,Recipient_10,Recipient,Fall,Rock,Little_Patuxent,Hemerodromia,0
Recipient_Cage_07,Recipient_10,Recipient,Fall,Rock,Little_Patuxent,Shipsa,0
Recipient_Cage_07,Recipient_10,Recipient,Fall,Rock,Little_Patuxent,Helichus,0
Recipient_Cage_07,Recipient_10,Recipient,Fall,Rock,Little_Patuxent,Neoleptophlebia,0
Recipient_Cage_07,Recipient_10,Recipient,Fall,Rock,Little_Patuxent,Attenella,0
Recipient_Cage_07,Recipient_10,Recipient,Fall,Rock,Little_Patuxent,Entomobryidae,0
Recipient_Cage_07,Recipient_10,Recipient,Fall,Rock,Little_Patuxent,Heptageniidae,0
Recipient_Cage_07,Recipient_10,Recipient,Fall,Rock,Little_Patuxent,Aeshna,0
Recipient_Cage_07,Recipient_10,Recipient,Fall,Rock,Little_Patuxent,Crambidae,0
Recipient_Cage_07,Recipient_10,Recipient,Fall,Rock,Little_Patuxent,Teloganopsis,0
Recipient_Cage_07,Recipient_10,Recipient,Fall,Rock,Little_Patuxent,Leptoceridae,0
Recipient_Cage_07,Recipient_10,Recipient,Fall,Rock,Little_Patuxent,Pycnopsyche,0
Recipient_Cage_07,Recipient_10,Recipient,Fall,Rock,Little_Patuxent,Triaenodes,0
Recipient_Cage_07,Recipient_10,Recipient,Fall,Rock,Little_Patuxent,Serratella,0
Recipient_Cage_07,Recipient_10,Recipient,Fall,Rock,Little_Patuxent,Optioservus,0
Recipient_Cage_07,Recipient_10,Recipient,Fall,Rock,Little_Patuxent,Hydrachnidia,0
Recipient_Cage_07,Recipient_10,Recipient,Fall,Rock,Little_Patuxent,Polymitarcyidae,0
Recipient_Cage_07,Recipient_10,Recipient,Fall,Rock,Little_Patuxent,Cambarus,0
Recipient_Cage_07,Recipient_10,Recipient,Fall,Rock,Little_Patuxent,Ancyronyx,0
Recipient_Cage_07,Recipient_10,Recipient,Fall,Rock,Little_Patuxent,Gammarus,0
Recipient_Cage_07,Recipient_10,Recipient,Fall,Rock,Little_Patuxent,Neoperla,0
Recipient_Cage_08,Recipient_10,Recipient,Fall,Leaf,Little_Patuxent,Allocapnia,2
Recipient_Cage_08,Recipient_10,Recipient,Fall,Leaf,Little_Patuxent,Maccaffertium,4
Recipient_Cage_08,Recipient_10,Recipient,Fall,Leaf,Little_Patuxent,Chironomidae,204
Recipient_Cage_08,Recipient_10,Recipient,Fall,Leaf,Little_Patuxent,Tipula,9
Recipient_Cage_08,Recipient_10,Recipient,Fall,Leaf,Little_Patuxent,Dolophilodes,0
Recipient_Cage_08,Recipient_10,Recipient,Fall,Leaf,Little_Patuxent,Cheumatopsyche,13
Recipient_Cage_08,Recipient_10,Recipient,Fall,Leaf,Little_Patuxent,Isonychia,0
Recipient_Cage_08,Recipient_10,Recipient,Fall,Leaf,Little_Patuxent,Plectrocnemia,3
Recipient_Cage_08,Recipient_10,Recipient,Fall,Leaf,Little_Patuxent,Chimarra,22
Recipient_Cage_08,Recipient_10,Recipient,Fall,Leaf,Little_Patuxent,Nigronia,0
Recipient_Cage_08,Recipient_10,Recipient,Fall,Leaf,Little_Patuxent,Ameletus,0
Recipient_Cage_08,Recipient_10,Recipient,Fall,Leaf,Little_Patuxent,Diplectrona,1
Recipient_Cage_08,Recipient_10,Recipient,Fall,Leaf,Little_Patuxent,Eccoptura,0
Recipient_Cage_08,Recipient_10,Recipient,Fall,Leaf,Little_Patuxent,Hydropsyche,3
Recipient_Cage_08,Recipient_10,Recipient,Fall,Leaf,Little_Patuxent,Baetisca,0
Recipient_Cage_08,Recipient_10,Recipient,Fall,Leaf,Little_Patuxent,Simulium,0
Recipient_Cage_08,Recipient_10,Recipient,Fall,Leaf,Little_Patuxent,Isoperla,0
Recipient_Cage_08,Recipient_10,Recipient,Fall,Leaf,Little_Patuxent,Dixa,0
Recipient_Cage_08,Recipient_10,Recipient,Fall,Leaf,Little_Patuxent,Tropisternus,0
Recipient_Cage_08,Recipient_10,Recipient,Fall,Leaf,Little_Patuxent,Anchytarsus,4
Recipient_Cage_08,Recipient_10,Recipient,Fall,Leaf,Little_Patuxent,Psilotreta,3
Recipient_Cage_08,Recipient_10,Recipient,Fall,Leaf,Little_Patuxent,Dubiraphia,0
Recipient_Cage_08,Recipient_10,Recipient,Fall,Leaf,Little_Patuxent,Ptilostomis,0
Recipient_Cage_08,Recipient_10,Recipient,Fall,Leaf,Little_Patuxent,Calopteryx,1
Recipient_Cage_08,Recipient_10,Recipient,Fall,Leaf,Little_Patuxent,Molanna,0
Recipient_Cage_08,Recipient_10,Recipient,Fall,Leaf,Little_Patuxent,Boyeria,1
Recipient_Cage_08,Recipient_10,Recipient,Fall,Leaf,Little_Patuxent,Leptophlebia,0
Recipient_Cage_08,Recipient_10,Recipient,Fall,Leaf,Little_Patuxent,Nyctiophylax,0
Recipient_Cage_08,Recipient_10,Recipient,Fall,Leaf,Little_Patuxent,Argia,0
Recipient_Cage_08,Recipient_10,Recipient,Fall,Leaf,Little_Patuxent,Rhyacophila,0
Recipient_Cage_08,Recipient_10,Recipient,Fall,Leaf,Little_Patuxent,Probezzia,0
Recipient_Cage_08,Recipient_10,Recipient,Fall,Leaf,Little_Patuxent,Neureclipsis,0
Recipient_Cage_08,Recipient_10,Recipient,Fall,Leaf,Little_Patuxent,Eurylophella,0
Recipient_Cage_08,Recipient_10,Recipient,Fall,Leaf,Little_Patuxent,Glossosoma,0
Recipient_Cage_08,Recipient_10,Recipient,Fall,Leaf,Little_Patuxent,Rhagovelia,0
Recipient_Cage_08,Recipient_10,Recipient,Fall,Leaf,Little_Patuxent,Neophylax,0
Recipient_Cage_08,Recipient_10,Recipient,Fall,Leaf,Little_Patuxent,Microvelia,0
Recipient_Cage_08,Recipient_10,Recipient,Fall,Leaf,Little_Patuxent,Hydatophylax,0
Recipient_Cage_08,Recipient_10,Recipient,Fall,Leaf,Little_Patuxent,Antocha,0
Recipient_Cage_08,Recipient_10,Recipient,Fall,Leaf,Little_Patuxent,Lepidostoma,0
Recipient_Cage_08,Recipient_10,Recipient,Fall,Leaf,Little_Patuxent,Baetis,0
Recipient_Cage_08,Recipient_10,Recipient,Fall,Leaf,Little_Patuxent,Oecetis,0
Recipient_Cage_08,Recipient_10,Recipient,Fall,Leaf,Little_Patuxent,Ironoquia,0
Recipient_Cage_08,Recipient_10,Recipient,Fall,Leaf,Little_Patuxent,Timpanoga,0
Recipient_Cage_08,Recipient_10,Recipient,Fall,Leaf,Little_Patuxent,Polycentropus,0
Recipient_Cage_08,Recipient_10,Recipient,Fall,Leaf,Little_Patuxent,Amphinemura,0
Recipient_Cage_08,Recipient_10,Recipient,Fall,Leaf,Little_Patuxent,Penelomax,0
Recipient_Cage_08,Recipient_10,Recipient,Fall,Leaf,Little_Patuxent,Ephemerella,0
Recipient_Cage_08,Recipient_10,Recipient,Fall,Leaf,Little_Patuxent,Hemerodromia,0
Recipient_Cage_08,Recipient_10,Recipient,Fall,Leaf,Little_Patuxent,Shipsa,0
Recipient_Cage_08,Recipient_10,Recipient,Fall,Leaf,Little_Patuxent,Helichus,0
Recipient_Cage_08,Recipient_10,Recipient,Fall,Leaf,Little_Patuxent,Neoleptophlebia,0
Recipient_Cage_08,Recipient_10,Recipient,Fall,Leaf,Little_Patuxent,Attenella,0
Recipient_Cage_08,Recipient_10,Recipient,Fall,Leaf,Little_Patuxent,Entomobryidae,0
Recipient_Cage_08,Recipient_10,Recipient,Fall,Leaf,Little_Patuxent,Heptageniidae,0
Recipient_Cage_08,Recipient_10,Recipient,Fall,Leaf,Little_Patuxent,Aeshna,0
Recipient_Cage_08,Recipient_10,Recipient,Fall,Leaf,Little_Patuxent,Crambidae,0
Recipient_Cage_08,Recipient_10,Recipient,Fall,Leaf,Little_Patuxent,Teloganopsis,0
Recipient_Cage_08,Recipient_10,Recipient,Fall,Leaf,Little_Patuxent,Leptoceridae,0
Recipient_Cage_08,Recipient_10,Recipient,Fall,Leaf,Little_Patuxent,Pycnopsyche,0
Recipient_Cage_08,Recipient_10,Recipient,Fall,Leaf,Little_Patuxent,Triaenodes,0
Recipient_Cage_08,Recipient_10,Recipient,Fall,Leaf,Little_Patuxent,Serratella,0
Recipient_Cage_08,Recipient_10,Recipient,Fall,Leaf,Little_Patuxent,Optioservus,0
Recipient_Cage_08,Recipient_10,Recipient,Fall,Leaf,Little_Patuxent,Hydrachnidia,0
Recipient_Cage_08,Recipient_10,Recipient,Fall,Leaf,Little_Patuxent,Polymitarcyidae,0
Recipient_Cage_08,Recipient_10,Recipient,Fall,Leaf,Little_Patuxent,Cambarus,0
Recipient_Cage_08,Recipient_10,Recipient,Fall,Leaf,Little_Patuxent,Ancyronyx,0
Recipient_Cage_08,Recipient_10,Recipient,Fall,Leaf,Little_Patuxent,Gammarus,0
Recipient_Cage_08,Recipient_10,Recipient,Fall,Leaf,Little_Patuxent,Neoperla,0
Recipient_Cage_08,Recipient_10,Recipient,Fall,Rock,Little_Patuxent,Allocapnia,0
Recipient_Cage_08,Recipient_10,Recipient,Fall,Rock,Little_Patuxent,Maccaffertium,4
Recipient_Cage_08,Recipient_10,Recipient,Fall,Rock,Little_Patuxent,Chironomidae,77
Recipient_Cage_08,Recipient_10,Recipient,Fall,Rock,Little_Patuxent,Tipula,1
Recipient_Cage_08,Recipient_10,Recipient,Fall,Rock,Little_Patuxent,Dolophilodes,0
Recipient_Cage_08,Recipient_10,Recipient,Fall,Rock,Little_Patuxent,Cheumatopsyche,10
Recipient_Cage_08,Recipient_10,Recipient,Fall,Rock,Little_Patuxent,Isonychia,0
Recipient_Cage_08,Recipient_10,Recipient,Fall,Rock,Little_Patuxent,Plectrocnemia,3
Recipient_Cage_08,Recipient_10,Recipient,Fall,Rock,Little_Patuxent,Chimarra,35
Recipient_Cage_08,Recipient_10,Recipient,Fall,Rock,Little_Patuxent,Nigronia,0
Recipient_Cage_08,Recipient_10,Recipient,Fall,Rock,Little_Patuxent,Ameletus,0
Recipient_Cage_08,Recipient_10,Recipient,Fall,Rock,Little_Patuxent,Diplectrona,8
Recipient_Cage_08,Recipient_10,Recipient,Fall,Rock,Little_Patuxent,Eccoptura,0
Recipient_Cage_08,Recipient_10,Recipient,Fall,Rock,Little_Patuxent,Hydropsyche,0
Recipient_Cage_08,Recipient_10,Recipient,Fall,Rock,Little_Patuxent,Baetisca,0
Recipient_Cage_08,Recipient_10,Recipient,Fall,Rock,Little_Patuxent,Simulium,0
Recipient_Cage_08,Recipient_10,Recipient,Fall,Rock,Little_Patuxent,Isoperla,0
Recipient_Cage_08,Recipient_10,Recipient,Fall,Rock,Little_Patuxent,Dixa,0
Recipient_Cage_08,Recipient_10,Recipient,Fall,Rock,Little_Patuxent,Tropisternus,0
Recipient_Cage_08,Recipient_10,Recipient,Fall,Rock,Little_Patuxent,Anchytarsus,9
Recipient_Cage_08,Recipient_10,Recipient,Fall,Rock,Little_Patuxent,Psilotreta,0
Recipient_Cage_08,Recipient_10,Recipient,Fall,Rock,Little_Patuxent,Dubiraphia,0
Recipient_Cage_08,Recipient_10,Recipient,Fall,Rock,Little_Patuxent,Ptilostomis,0
Recipient_Cage_08,Recipient_10,Recipient,Fall,Rock,Little_Patuxent,Calopteryx,1
Recipient_Cage_08,Recipient_10,Recipient,Fall,Rock,Little_Patuxent,Molanna,0
Recipient_Cage_08,Recipient_10,Recipient,Fall,Rock,Little_Patuxent,Boyeria,0
Recipient_Cage_08,Recipient_10,Recipient,Fall,Rock,Little_Patuxent,Leptophlebia,0
Recipient_Cage_08,Recipient_10,Recipient,Fall,Rock,Little_Patuxent,Nyctiophylax,0
Recipient_Cage_08,Recipient_10,Recipient,Fall,Rock,Little_Patuxent,Argia,0
Recipient_Cage_08,Recipient_10,Recipient,Fall,Rock,Little_Patuxent,Rhyacophila,0
Recipient_Cage_08,Recipient_10,Recipient,Fall,Rock,Little_Patuxent,Probezzia,0
Recipient_Cage_08,Recipient_10,Recipient,Fall,Rock,Little_Patuxent,Neureclipsis,0
Recipient_Cage_08,Recipient_10,Recipient,Fall,Rock,Little_Patuxent,Eurylophella,0
Recipient_Cage_08,Recipient_10,Recipient,Fall,Rock,Little_Patuxent,Glossosoma,0
Recipient_Cage_08,Recipient_10,Recipient,Fall,Rock,Little_Patuxent,Rhagovelia,0
Recipient_Cage_08,Recipient_10,Recipient,Fall,Rock,Little_Patuxent,Neophylax,0
Recipient_Cage_08,Recipient_10,Recipient,Fall,Rock,Little_Patuxent,Microvelia,0
Recipient_Cage_08,Recipient_10,Recipient,Fall,Rock,Little_Patuxent,Hydatophylax,0
Recipient_Cage_08,Recipient_10,Recipient,Fall,Rock,Little_Patuxent,Antocha,0
Recipient_Cage_08,Recipient_10,Recipient,Fall,Rock,Little_Patuxent,Lepidostoma,0
Recipient_Cage_08,Recipient_10,Recipient,Fall,Rock,Little_Patuxent,Baetis,0
Recipient_Cage_08,Recipient_10,Recipient,Fall,Rock,Little_Patuxent,Oecetis,0
Recipient_Cage_08,Recipient_10,Recipient,Fall,Rock,Little_Patuxent,Ironoquia,0
Recipient_Cage_08,Recipient_10,Recipient,Fall,Rock,Little_Patuxent,Timpanoga,0
Recipient_Cage_08,Recipient_10,Recipient,Fall,Rock,Little_Patuxent,Polycentropus,0
Recipient_Cage_08,Recipient_10,Recipient,Fall,Rock,Little_Patuxent,Amphinemura,0
Recipient_Cage_08,Recipient_10,Recipient,Fall,Rock,Little_Patuxent,Penelomax,0
Recipient_Cage_08,Recipient_10,Recipient,Fall,Rock,Little_Patuxent,Ephemerella,0
Recipient_Cage_08,Recipient_10,Recipient,Fall,Rock,Little_Patuxent,Hemerodromia,0
Recipient_Cage_08,Recipient_10,Recipient,Fall,Rock,Little_Patuxent,Shipsa,0
Recipient_Cage_08,Recipient_10,Recipient,Fall,Rock,Little_Patuxent,Helichus,0
Recipient_Cage_08,Recipient_10,Recipient,Fall,Rock,Little_Patuxent,Neoleptophlebia,0
Recipient_Cage_08,Recipient_10,Recipient,Fall,Rock,Little_Patuxent,Attenella,0
Recipient_Cage_08,Recipient_10,Recipient,Fall,Rock,Little_Patuxent,Entomobryidae,0
Recipient_Cage_08,Recipient_10,Recipient,Fall,Rock,Little_Patuxent,Heptageniidae,0
Recipient_Cage_08,Recipient_10,Recipient,Fall,Rock,Little_Patuxent,Aeshna,0
Recipient_Cage_08,Recipient_10,Recipient,Fall,Rock,Little_Patuxent,Crambidae,0
Recipient_Cage_08,Recipient_10,Recipient,Fall,Rock,Little_Patuxent,Teloganopsis,0
Recipient_Cage_08,Recipient_10,Recipient,Fall,Rock,Little_Patuxent,Leptoceridae,0
Recipient_Cage_08,Recipient_10,Recipient,Fall,Rock,Little_Patuxent,Pycnopsyche,0
Recipient_Cage_08,Recipient_10,Recipient,Fall,Rock,Little_Patuxent,Triaenodes,0
Recipient_Cage_08,Recipient_10,Recipient,Fall,Rock,Little_Patuxent,Serratella,0
Recipient_Cage_08,Recipient_10,Recipient,Fall,Rock,Little_Patuxent,Optioservus,0
Recipient_Cage_08,Recipient_10,Recipient,Fall,Rock,Little_Patuxent,Hydrachnidia,0
Recipient_Cage_08,Recipient_10,Recipient,Fall,Rock,Little_Patuxent,Polymitarcyidae,0
Recipient_Cage_08,Recipient_10,Recipient,Fall,Rock,Little_Patuxent,Cambarus,0
Recipient_Cage_08,Recipient_10,Recipient,Fall,Rock,Little_Patuxent,Ancyronyx,0
Recipient_Cage_08,Recipient_10,Recipient,Fall,Rock,Little_Patuxent,Gammarus,0
Recipient_Cage_08,Recipient_10,Recipient,Fall,Rock,Little_Patuxent,Neoperla,0
Recipient_Cage_09,Recipient_10,Recipient,Fall,Leaf,Little_Patuxent,Allocapnia,2
Recipient_Cage_09,Recipient_10,Recipient,Fall,Leaf,Little_Patuxent,Maccaffertium,1
Recipient_Cage_09,Recipient_10,Recipient,Fall,Leaf,Little_Patuxent,Chironomidae,100
Recipient_Cage_09,Recipient_10,Recipient,Fall,Leaf,Little_Patuxent,Tipula,4
Recipient_Cage_09,Recipient_10,Recipient,Fall,Leaf,Little_Patuxent,Dolophilodes,0
Recipient_Cage_09,Recipient_10,Recipient,Fall,Leaf,Little_Patuxent,Cheumatopsyche,16
Recipient_Cage_09,Recipient_10,Recipient,Fall,Leaf,Little_Patuxent,Isonychia,0
Recipient_Cage_09,Recipient_10,Recipient,Fall,Leaf,Little_Patuxent,Plectrocnemia,2
Recipient_Cage_09,Recipient_10,Recipient,Fall,Leaf,Little_Patuxent,Chimarra,18
Recipient_Cage_09,Recipient_10,Recipient,Fall,Leaf,Little_Patuxent,Nigronia,0
Recipient_Cage_09,Recipient_10,Recipient,Fall,Leaf,Little_Patuxent,Ameletus,0
Recipient_Cage_09,Recipient_10,Recipient,Fall,Leaf,Little_Patuxent,Diplectrona,6
Recipient_Cage_09,Recipient_10,Recipient,Fall,Leaf,Little_Patuxent,Eccoptura,0
Recipient_Cage_09,Recipient_10,Recipient,Fall,Leaf,Little_Patuxent,Hydropsyche,0
Recipient_Cage_09,Recipient_10,Recipient,Fall,Leaf,Little_Patuxent,Baetisca,0
Recipient_Cage_09,Recipient_10,Recipient,Fall,Leaf,Little_Patuxent,Simulium,0
Recipient_Cage_09,Recipient_10,Recipient,Fall,Leaf,Little_Patuxent,Isoperla,0
Recipient_Cage_09,Recipient_10,Recipient,Fall,Leaf,Little_Patuxent,Dixa,0
Recipient_Cage_09,Recipient_10,Recipient,Fall,Leaf,Little_Patuxent,Tropisternus,0
Recipient_Cage_09,Recipient_10,Recipient,Fall,Leaf,Little_Patuxent,Anchytarsus,4
Recipient_Cage_09,Recipient_10,Recipient,Fall,Leaf,Little_Patuxent,Psilotreta,0
Recipient_Cage_09,Recipient_10,Recipient,Fall,Leaf,Little_Patuxent,Dubiraphia,0
Recipient_Cage_09,Recipient_10,Recipient,Fall,Leaf,Little_Patuxent,Ptilostomis,2
Recipient_Cage_09,Recipient_10,Recipient,Fall,Leaf,Little_Patuxent,Calopteryx,1
Recipient_Cage_09,Recipient_10,Recipient,Fall,Leaf,Little_Patuxent,Molanna,0
Recipient_Cage_09,Recipient_10,Recipient,Fall,Leaf,Little_Patuxent,Boyeria,0
Recipient_Cage_09,Recipient_10,Recipient,Fall,Leaf,Little_Patuxent,Leptophlebia,0
Recipient_Cage_09,Recipient_10,Recipient,Fall,Leaf,Little_Patuxent,Nyctiophylax,0
Recipient_Cage_09,Recipient_10,Recipient,Fall,Leaf,Little_Patuxent,Argia,0
Recipient_Cage_09,Recipient_10,Recipient,Fall,Leaf,Little_Patuxent,Rhyacophila,0
Recipient_Cage_09,Recipient_10,Recipient,Fall,Leaf,Little_Patuxent,Probezzia,0
Recipient_Cage_09,Recipient_10,Recipient,Fall,Leaf,Little_Patuxent,Neureclipsis,0
Recipient_Cage_09,Recipient_10,Recipient,Fall,Leaf,Little_Patuxent,Eurylophella,0
Recipient_Cage_09,Recipient_10,Recipient,Fall,Leaf,Little_Patuxent,Glossosoma,0
Recipient_Cage_09,Recipient_10,Recipient,Fall,Leaf,Little_Patuxent,Rhagovelia,0
Recipient_Cage_09,Recipient_10,Recipient,Fall,Leaf,Little_Patuxent,Neophylax,0
Recipient_Cage_09,Recipient_10,Recipient,Fall,Leaf,Little_Patuxent,Microvelia,0
Recipient_Cage_09,Recipient_10,Recipient,Fall,Leaf,Little_Patuxent,Hydatophylax,0
Recipient_Cage_09,Recipient_10,Recipient,Fall,Leaf,Little_Patuxent,Antocha,1
Recipient_Cage_09,Recipient_10,Recipient,Fall,Leaf,Little_Patuxent,Lepidostoma,0
Recipient_Cage_09,Recipient_10,Recipient,Fall,Leaf,Little_Patuxent,Baetis,0
Recipient_Cage_09,Recipient_10,Recipient,Fall,Leaf,Little_Patuxent,Oecetis,0
Recipient_Cage_09,Recipient_10,Recipient,Fall,Leaf,Little_Patuxent,Ironoquia,0
Recipient_Cage_09,Recipient_10,Recipient,Fall,Leaf,Little_Patuxent,Timpanoga,0
Recipient_Cage_09,Recipient_10,Recipient,Fall,Leaf,Little_Patuxent,Polycentropus,0
Recipient_Cage_09,Recipient_10,Recipient,Fall,Leaf,Little_Patuxent,Amphinemura,0
Recipient_Cage_09,Recipient_10,Recipient,Fall,Leaf,Little_Patuxent,Penelomax,0
Recipient_Cage_09,Recipient_10,Recipient,Fall,Leaf,Little_Patuxent,Ephemerella,0
Recipient_Cage_09,Recipient_10,Recipient,Fall,Leaf,Little_Patuxent,Hemerodromia,0
Recipient_Cage_09,Recipient_10,Recipient,Fall,Leaf,Little_Patuxent,Shipsa,0
Recipient_Cage_09,Recipient_10,Recipient,Fall,Leaf,Little_Patuxent,Helichus,0
Recipient_Cage_09,Recipient_10,Recipient,Fall,Leaf,Little_Patuxent,Neoleptophlebia,0
Recipient_Cage_09,Recipient_10,Recipient,Fall,Leaf,Little_Patuxent,Attenella,0
Recipient_Cage_09,Recipient_10,Recipient,Fall,Leaf,Little_Patuxent,Entomobryidae,0
Recipient_Cage_09,Recipient_10,Recipient,Fall,Leaf,Little_Patuxent,Heptageniidae,0
Recipient_Cage_09,Recipient_10,Recipient,Fall,Leaf,Little_Patuxent,Aeshna,0
Recipient_Cage_09,Recipient_10,Recipient,Fall,Leaf,Little_Patuxent,Crambidae,0
Recipient_Cage_09,Recipient_10,Recipient,Fall,Leaf,Little_Patuxent,Teloganopsis,0
Recipient_Cage_09,Recipient_10,Recipient,Fall,Leaf,Little_Patuxent,Leptoceridae,0
Recipient_Cage_09,Recipient_10,Recipient,Fall,Leaf,Little_Patuxent,Pycnopsyche,0
Recipient_Cage_09,Recipient_10,Recipient,Fall,Leaf,Little_Patuxent,Triaenodes,0
Recipient_Cage_09,Recipient_10,Recipient,Fall,Leaf,Little_Patuxent,Serratella,0
Recipient_Cage_09,Recipient_10,Recipient,Fall,Leaf,Little_Patuxent,Optioservus,0
Recipient_Cage_09,Recipient_10,Recipient,Fall,Leaf,Little_Patuxent,Hydrachnidia,0
Recipient_Cage_09,Recipient_10,Recipient,Fall,Leaf,Little_Patuxent,Polymitarcyidae,0
Recipient_Cage_09,Recipient_10,Recipient,Fall,Leaf,Little_Patuxent,Cambarus,0
Recipient_Cage_09,Recipient_10,Recipient,Fall,Leaf,Little_Patuxent,Ancyronyx,0
Recipient_Cage_09,Recipient_10,Recipient,Fall,Leaf,Little_Patuxent,Gammarus,0
Recipient_Cage_09,Recipient_10,Recipient,Fall,Leaf,Little_Patuxent,Neoperla,0
Recipient_Cage_09,Recipient_10,Recipient,Fall,Rock,Little_Patuxent,Allocapnia,0
Recipient_Cage_09,Recipient_10,Recipient,Fall,Rock,Little_Patuxent,Maccaffertium,9
Recipient_Cage_09,Recipient_10,Recipient,Fall,Rock,Little_Patuxent,Chironomidae,73
Recipient_Cage_09,Recipient_10,Recipient,Fall,Rock,Little_Patuxent,Tipula,0
Recipient_Cage_09,Recipient_10,Recipient,Fall,Rock,Little_Patuxent,Dolophilodes,0
Recipient_Cage_09,Recipient_10,Recipient,Fall,Rock,Little_Patuxent,Cheumatopsyche,15
Recipient_Cage_09,Recipient_10,Recipient,Fall,Rock,Little_Patuxent,Isonychia,0
Recipient_Cage_09,Recipient_10,Recipient,Fall,Rock,Little_Patuxent,Plectrocnemia,1
Recipient_Cage_09,Recipient_10,Recipient,Fall,Rock,Little_Patuxent,Chimarra,14
Recipient_Cage_09,Recipient_10,Recipient,Fall,Rock,Little_Patuxent,Nigronia,3
Recipient_Cage_09,Recipient_10,Recipient,Fall,Rock,Little_Patuxent,Ameletus,0
Recipient_Cage_09,Recipient_10,Recipient,Fall,Rock,Little_Patuxent,Diplectrona,2
Recipient_Cage_09,Recipient_10,Recipient,Fall,Rock,Little_Patuxent,Eccoptura,1
Recipient_Cage_09,Recipient_10,Recipient,Fall,Rock,Little_Patuxent,Hydropsyche,2
Recipient_Cage_09,Recipient_10,Recipient,Fall,Rock,Little_Patuxent,Baetisca,0
Recipient_Cage_09,Recipient_10,Recipient,Fall,Rock,Little_Patuxent,Simulium,0
Recipient_Cage_09,Recipient_10,Recipient,Fall,Rock,Little_Patuxent,Isoperla,0
Recipient_Cage_09,Recipient_10,Recipient,Fall,Rock,Little_Patuxent,Dixa,0
Recipient_Cage_09,Recipient_10,Recipient,Fall,Rock,Little_Patuxent,Tropisternus,0
Recipient_Cage_09,Recipient_10,Recipient,Fall,Rock,Little_Patuxent,Anchytarsus,0
Recipient_Cage_09,Recipient_10,Recipient,Fall,Rock,Little_Patuxent,Psilotreta,0
Recipient_Cage_09,Recipient_10,Recipient,Fall,Rock,Little_Patuxent,Dubiraphia,0
Recipient_Cage_09,Recipient_10,Recipient,Fall,Rock,Little_Patuxent,Ptilostomis,0
Recipient_Cage_09,Recipient_10,Recipient,Fall,Rock,Little_Patuxent,Calopteryx,0
Recipient_Cage_09,Recipient_10,Recipient,Fall,Rock,Little_Patuxent,Molanna,0
Recipient_Cage_09,Recipient_10,Recipient,Fall,Rock,Little_Patuxent,Boyeria,0
Recipient_Cage_09,Recipient_10,Recipient,Fall,Rock,Little_Patuxent,Leptophlebia,0
Recipient_Cage_09,Recipient_10,Recipient,Fall,Rock,Little_Patuxent,Nyctiophylax,0
Recipient_Cage_09,Recipient_10,Recipient,Fall,Rock,Little_Patuxent,Argia,0
Recipient_Cage_09,Recipient_10,Recipient,Fall,Rock,Little_Patuxent,Rhyacophila,1
Recipient_Cage_09,Recipient_10,Recipient,Fall,Rock,Little_Patuxent,Probezzia,0
Recipient_Cage_09,Recipient_10,Recipient,Fall,Rock,Little_Patuxent,Neureclipsis,0
Recipient_Cage_09,Recipient_10,Recipient,Fall,Rock,Little_Patuxent,Eurylophella,0
Recipient_Cage_09,Recipient_10,Recipient,Fall,Rock,Little_Patuxent,Glossosoma,0
Recipient_Cage_09,Recipient_10,Recipient,Fall,Rock,Little_Patuxent,Rhagovelia,0
Recipient_Cage_09,Recipient_10,Recipient,Fall,Rock,Little_Patuxent,Neophylax,0
Recipient_Cage_09,Recipient_10,Recipient,Fall,Rock,Little_Patuxent,Microvelia,0
Recipient_Cage_09,Recipient_10,Recipient,Fall,Rock,Little_Patuxent,Hydatophylax,0
Recipient_Cage_09,Recipient_10,Recipient,Fall,Rock,Little_Patuxent,Antocha,0
Recipient_Cage_09,Recipient_10,Recipient,Fall,Rock,Little_Patuxent,Lepidostoma,0
Recipient_Cage_09,Recipient_10,Recipient,Fall,Rock,Little_Patuxent,Baetis,0
Recipient_Cage_09,Recipient_10,Recipient,Fall,Rock,Little_Patuxent,Oecetis,0
Recipient_Cage_09,Recipient_10,Recipient,Fall,Rock,Little_Patuxent,Ironoquia,0
Recipient_Cage_09,Recipient_10,Recipient,Fall,Rock,Little_Patuxent,Timpanoga,0
Recipient_Cage_09,Recipient_10,Recipient,Fall,Rock,Little_Patuxent,Polycentropus,0
Recipient_Cage_09,Recipient_10,Recipient,Fall,Rock,Little_Patuxent,Amphinemura,0
Recipient_Cage_09,Recipient_10,Recipient,Fall,Rock,Little_Patuxent,Penelomax,0
Recipient_Cage_09,Recipient_10,Recipient,Fall,Rock,Little_Patuxent,Ephemerella,0
Recipient_Cage_09,Recipient_10,Recipient,Fall,Rock,Little_Patuxent,Hemerodromia,0
Recipient_Cage_09,Recipient_10,Recipient,Fall,Rock,Little_Patuxent,Shipsa,0
Recipient_Cage_09,Recipient_10,Recipient,Fall,Rock,Little_Patuxent,Helichus,0
Recipient_Cage_09,Recipient_10,Recipient,Fall,Rock,Little_Patuxent,Neoleptophlebia,0
Recipient_Cage_09,Recipient_10,Recipient,Fall,Rock,Little_Patuxent,Attenella,0
Recipient_Cage_09,Recipient_10,Recipient,Fall,Rock,Little_Patuxent,Entomobryidae,0
Recipient_Cage_09,Recipient_10,Recipient,Fall,Rock,Little_Patuxent,Heptageniidae,0
Recipient_Cage_09,Recipient_10,Recipient,Fall,Rock,Little_Patuxent,Aeshna,0
Recipient_Cage_09,Recipient_10,Recipient,Fall,Rock,Little_Patuxent,Crambidae,0
Recipient_Cage_09,Recipient_10,Recipient,Fall,Rock,Little_Patuxent,Teloganopsis,0
Recipient_Cage_09,Recipient_10,Recipient,Fall,Rock,Little_Patuxent,Leptoceridae,0
Recipient_Cage_09,Recipient_10,Recipient,Fall,Rock,Little_Patuxent,Pycnopsyche,0
Recipient_Cage_09,Recipient_10,Recipient,Fall,Rock,Little_Patuxent,Triaenodes,0
Recipient_Cage_09,Recipient_10,Recipient,Fall,Rock,Little_Patuxent,Serratella,0
Recipient_Cage_09,Recipient_10,Recipient,Fall,Rock,Little_Patuxent,Optioservus,0
Recipient_Cage_09,Recipient_10,Recipient,Fall,Rock,Little_Patuxent,Hydrachnidia,0
Recipient_Cage_09,Recipient_10,Recipient,Fall,Rock,Little_Patuxent,Polymitarcyidae,0
Recipient_Cage_09,Recipient_10,Recipient,Fall,Rock,Little_Patuxent,Cambarus,0
Recipient_Cage_09,Recipient_10,Recipient,Fall,Rock,Little_Patuxent,Ancyronyx,0
Recipient_Cage_09,Recipient_10,Recipient,Fall,Rock,Little_Patuxent,Gammarus,0
Recipient_Cage_09,Recipient_10,Recipient,Fall,Rock,Little_Patuxent,Neoperla,0
Recipient_Cage_10,Recipient_10,Recipient,Fall,Leaf,Little_Patuxent,Allocapnia,5
Recipient_Cage_10,Recipient_10,Recipient,Fall,Leaf,Little_Patuxent,Maccaffertium,5
Recipient_Cage_10,Recipient_10,Recipient,Fall,Leaf,Little_Patuxent,Chironomidae,121
Recipient_Cage_10,Recipient_10,Recipient,Fall,Leaf,Little_Patuxent,Tipula,2
Recipient_Cage_10,Recipient_10,Recipient,Fall,Leaf,Little_Patuxent,Dolophilodes,0
Recipient_Cage_10,Recipient_10,Recipient,Fall,Leaf,Little_Patuxent,Cheumatopsyche,5
Recipient_Cage_10,Recipient_10,Recipient,Fall,Leaf,Little_Patuxent,Isonychia,0
Recipient_Cage_10,Recipient_10,Recipient,Fall,Leaf,Little_Patuxent,Plectrocnemia,3
Recipient_Cage_10,Recipient_10,Recipient,Fall,Leaf,Little_Patuxent,Chimarra,8
Recipient_Cage_10,Recipient_10,Recipient,Fall,Leaf,Little_Patuxent,Nigronia,0
Recipient_Cage_10,Recipient_10,Recipient,Fall,Leaf,Little_Patuxent,Ameletus,0
Recipient_Cage_10,Recipient_10,Recipient,Fall,Leaf,Little_Patuxent,Diplectrona,4
Recipient_Cage_10,Recipient_10,Recipient,Fall,Leaf,Little_Patuxent,Eccoptura,0
Recipient_Cage_10,Recipient_10,Recipient,Fall,Leaf,Little_Patuxent,Hydropsyche,2
Recipient_Cage_10,Recipient_10,Recipient,Fall,Leaf,Little_Patuxent,Baetisca,0
Recipient_Cage_10,Recipient_10,Recipient,Fall,Leaf,Little_Patuxent,Simulium,0
Recipient_Cage_10,Recipient_10,Recipient,Fall,Leaf,Little_Patuxent,Isoperla,0
Recipient_Cage_10,Recipient_10,Recipient,Fall,Leaf,Little_Patuxent,Dixa,0
Recipient_Cage_10,Recipient_10,Recipient,Fall,Leaf,Little_Patuxent,Tropisternus,0
Recipient_Cage_10,Recipient_10,Recipient,Fall,Leaf,Little_Patuxent,Anchytarsus,0
Recipient_Cage_10,Recipient_10,Recipient,Fall,Leaf,Little_Patuxent,Psilotreta,0
Recipient_Cage_10,Recipient_10,Recipient,Fall,Leaf,Little_Patuxent,Dubiraphia,0
Recipient_Cage_10,Recipient_10,Recipient,Fall,Leaf,Little_Patuxent,Ptilostomis,0
Recipient_Cage_10,Recipient_10,Recipient,Fall,Leaf,Little_Patuxent,Calopteryx,1
Recipient_Cage_10,Recipient_10,Recipient,Fall,Leaf,Little_Patuxent,Molanna,0
Recipient_Cage_10,Recipient_10,Recipient,Fall,Leaf,Little_Patuxent,Boyeria,0
Recipient_Cage_10,Recipient_10,Recipient,Fall,Leaf,Little_Patuxent,Leptophlebia,0
Recipient_Cage_10,Recipient_10,Recipient,Fall,Leaf,Little_Patuxent,Nyctiophylax,0
Recipient_Cage_10,Recipient_10,Recipient,Fall,Leaf,Little_Patuxent,Argia,0
Recipient_Cage_10,Recipient_10,Recipient,Fall,Leaf,Little_Patuxent,Rhyacophila,0
Recipient_Cage_10,Recipient_10,Recipient,Fall,Leaf,Little_Patuxent,Probezzia,0
Recipient_Cage_10,Recipient_10,Recipient,Fall,Leaf,Little_Patuxent,Neureclipsis,0
Recipient_Cage_10,Recipient_10,Recipient,Fall,Leaf,Little_Patuxent,Eurylophella,0
Recipient_Cage_10,Recipient_10,Recipient,Fall,Leaf,Little_Patuxent,Glossosoma,0
Recipient_Cage_10,Recipient_10,Recipient,Fall,Leaf,Little_Patuxent,Rhagovelia,0
Recipient_Cage_10,Recipient_10,Recipient,Fall,Leaf,Little_Patuxent,Neophylax,0
Recipient_Cage_10,Recipient_10,Recipient,Fall,Leaf,Little_Patuxent,Microvelia,0
Recipient_Cage_10,Recipient_10,Recipient,Fall,Leaf,Little_Patuxent,Hydatophylax,0
Recipient_Cage_10,Recipient_10,Recipient,Fall,Leaf,Little_Patuxent,Antocha,0
Recipient_Cage_10,Recipient_10,Recipient,Fall,Leaf,Little_Patuxent,Lepidostoma,0
Recipient_Cage_10,Recipient_10,Recipient,Fall,Leaf,Little_Patuxent,Baetis,0
Recipient_Cage_10,Recipient_10,Recipient,Fall,Leaf,Little_Patuxent,Oecetis,0
Recipient_Cage_10,Recipient_10,Recipient,Fall,Leaf,Little_Patuxent,Ironoquia,0
Recipient_Cage_10,Recipient_10,Recipient,Fall,Leaf,Little_Patuxent,Timpanoga,0
Recipient_Cage_10,Recipient_10,Recipient,Fall,Leaf,Little_Patuxent,Polycentropus,0
Recipient_Cage_10,Recipient_10,Recipient,Fall,Leaf,Little_Patuxent,Amphinemura,0
Recipient_Cage_10,Recipient_10,Recipient,Fall,Leaf,Little_Patuxent,Penelomax,0
Recipient_Cage_10,Recipient_10,Recipient,Fall,Leaf,Little_Patuxent,Ephemerella,0
Recipient_Cage_10,Recipient_10,Recipient,Fall,Leaf,Little_Patuxent,Hemerodromia,0
Recipient_Cage_10,Recipient_10,Recipient,Fall,Leaf,Little_Patuxent,Shipsa,0
Recipient_Cage_10,Recipient_10,Recipient,Fall,Leaf,Little_Patuxent,Helichus,0
Recipient_Cage_10,Recipient_10,Recipient,Fall,Leaf,Little_Patuxent,Neoleptophlebia,0
Recipient_Cage_10,Recipient_10,Recipient,Fall,Leaf,Little_Patuxent,Attenella,0
Recipient_Cage_10,Recipient_10,Recipient,Fall,Leaf,Little_Patuxent,Entomobryidae,0
Recipient_Cage_10,Recipient_10,Recipient,Fall,Leaf,Little_Patuxent,Heptageniidae,0
Recipient_Cage_10,Recipient_10,Recipient,Fall,Leaf,Little_Patuxent,Aeshna,0
Recipient_Cage_10,Recipient_10,Recipient,Fall,Leaf,Little_Patuxent,Crambidae,0
Recipient_Cage_10,Recipient_10,Recipient,Fall,Leaf,Little_Patuxent,Teloganopsis,0
Recipient_Cage_10,Recipient_10,Recipient,Fall,Leaf,Little_Patuxent,Leptoceridae,0
Recipient_Cage_10,Recipient_10,Recipient,Fall,Leaf,Little_Patuxent,Pycnopsyche,0
Recipient_Cage_10,Recipient_10,Recipient,Fall,Leaf,Little_Patuxent,Triaenodes,0
Recipient_Cage_10,Recipient_10,Recipient,Fall,Leaf,Little_Patuxent,Serratella,0
Recipient_Cage_10,Recipient_10,Recipient,Fall,Leaf,Little_Patuxent,Optioservus,0
Recipient_Cage_10,Recipient_10,Recipient,Fall,Leaf,Little_Patuxent,Hydrachnidia,0
Recipient_Cage_10,Recipient_10,Recipient,Fall,Leaf,Little_Patuxent,Polymitarcyidae,0
Recipient_Cage_10,Recipient_10,Recipient,Fall,Leaf,Little_Patuxent,Cambarus,0
Recipient_Cage_10,Recipient_10,Recipient,Fall,Leaf,Little_Patuxent,Ancyronyx,0
Recipient_Cage_10,Recipient_10,Recipient,Fall,Leaf,Little_Patuxent,Gammarus,0
Recipient_Cage_10,Recipient_10,Recipient,Fall,Leaf,Little_Patuxent,Neoperla,0
Recipient_Cage_10,Recipient_10,Recipient,Fall,Rock,Little_Patuxent,Allocapnia,0
Recipient_Cage_10,Recipient_10,Recipient,Fall,Rock,Little_Patuxent,Maccaffertium,2
Recipient_Cage_10,Recipient_10,Recipient,Fall,Rock,Little_Patuxent,Chironomidae,102
Recipient_Cage_10,Recipient_10,Recipient,Fall,Rock,Little_Patuxent,Tipula,0
Recipient_Cage_10,Recipient_10,Recipient,Fall,Rock,Little_Patuxent,Dolophilodes,0
Recipient_Cage_10,Recipient_10,Recipient,Fall,Rock,Little_Patuxent,Cheumatopsyche,6
Recipient_Cage_10,Recipient_10,Recipient,Fall,Rock,Little_Patuxent,Isonychia,0
Recipient_Cage_10,Recipient_10,Recipient,Fall,Rock,Little_Patuxent,Plectrocnemia,1
Recipient_Cage_10,Recipient_10,Recipient,Fall,Rock,Little_Patuxent,Chimarra,16
Recipient_Cage_10,Recipient_10,Recipient,Fall,Rock,Little_Patuxent,Nigronia,1
Recipient_Cage_10,Recipient_10,Recipient,Fall,Rock,Little_Patuxent,Ameletus,0
Recipient_Cage_10,Recipient_10,Recipient,Fall,Rock,Little_Patuxent,Diplectrona,3
Recipient_Cage_10,Recipient_10,Recipient,Fall,Rock,Little_Patuxent,Eccoptura,0
Recipient_Cage_10,Recipient_10,Recipient,Fall,Rock,Little_Patuxent,Hydropsyche,1
Recipient_Cage_10,Recipient_10,Recipient,Fall,Rock,Little_Patuxent,Baetisca,0
Recipient_Cage_10,Recipient_10,Recipient,Fall,Rock,Little_Patuxent,Simulium,0
Recipient_Cage_10,Recipient_10,Recipient,Fall,Rock,Little_Patuxent,Isoperla,0
Recipient_Cage_10,Recipient_10,Recipient,Fall,Rock,Little_Patuxent,Dixa,0
Recipient_Cage_10,Recipient_10,Recipient,Fall,Rock,Little_Patuxent,Tropisternus,0
Recipient_Cage_10,Recipient_10,Recipient,Fall,Rock,Little_Patuxent,Anchytarsus,5
Recipient_Cage_10,Recipient_10,Recipient,Fall,Rock,Little_Patuxent,Psilotreta,0
Recipient_Cage_10,Recipient_10,Recipient,Fall,Rock,Little_Patuxent,Dubiraphia,0
Recipient_Cage_10,Recipient_10,Recipient,Fall,Rock,Little_Patuxent,Ptilostomis,0
Recipient_Cage_10,Recipient_10,Recipient,Fall,Rock,Little_Patuxent,Calopteryx,0
Recipient_Cage_10,Recipient_10,Recipient,Fall,Rock,Little_Patuxent,Molanna,0
Recipient_Cage_10,Recipient_10,Recipient,Fall,Rock,Little_Patuxent,Boyeria,0
Recipient_Cage_10,Recipient_10,Recipient,Fall,Rock,Little_Patuxent,Leptophlebia,0
Recipient_Cage_10,Recipient_10,Recipient,Fall,Rock,Little_Patuxent,Nyctiophylax,0
Recipient_Cage_10,Recipient_10,Recipient,Fall,Rock,Little_Patuxent,Argia,0
Recipient_Cage_10,Recipient_10,Recipient,Fall,Rock,Little_Patuxent,Rhyacophila,1
Recipient_Cage_10,Recipient_10,Recipient,Fall,Rock,Little_Patuxent,Probezzia,0
Recipient_Cage_10,Recipient_10,Recipient,Fall,Rock,Little_Patuxent,Neureclipsis,0
Recipient_Cage_10,Recipient_10,Recipient,Fall,Rock,Little_Patuxent,Eurylophella,0
Recipient_Cage_10,Recipient_10,Recipient,Fall,Rock,Little_Patuxent,Glossosoma,0
Recipient_Cage_10,Recipient_10,Recipient,Fall,Rock,Little_Patuxent,Rhagovelia,0
Recipient_Cage_10,Recipient_10,Recipient,Fall,Rock,Little_Patuxent,Neophylax,0
Recipient_Cage_10,Recipient_10,Recipient,Fall,Rock,Little_Patuxent,Microvelia,0
Recipient_Cage_10,Recipient_10,Recipient,Fall,Rock,Little_Patuxent,Hydatophylax,0
Recipient_Cage_10,Recipient_10,Recipient,Fall,Rock,Little_Patuxent,Antocha,0
Recipient_Cage_10,Recipient_10,Recipient,Fall,Rock,Little_Patuxent,Lepidostoma,0
Recipient_Cage_10,Recipient_10,Recipient,Fall,Rock,Little_Patuxent,Baetis,0
Recipient_Cage_10,Recipient_10,Recipient,Fall,Rock,Little_Patuxent,Oecetis,0
Recipient_Cage_10,Recipient_10,Recipient,Fall,Rock,Little_Patuxent,Ironoquia,0
Recipient_Cage_10,Recipient_10,Recipient,Fall,Rock,Little_Patuxent,Timpanoga,0
Recipient_Cage_10,Recipient_10,Recipient,Fall,Rock,Little_Patuxent,Polycentropus,0
Recipient_Cage_10,Recipient_10,Recipient,Fall,Rock,Little_Patuxent,Amphinemura,0
Recipient_Cage_10,Recipient_10,Recipient,Fall,Rock,Little_Patuxent,Penelomax,0
Recipient_Cage_10,Recipient_10,Recipient,Fall,Rock,Little_Patuxent,Ephemerella,0
Recipient_Cage_10,Recipient_10,Recipient,Fall,Rock,Little_Patuxent,Hemerodromia,0
Recipient_Cage_10,Recipient_10,Recipient,Fall,Rock,Little_Patuxent,Shipsa,0
Recipient_Cage_10,Recipient_10,Recipient,Fall,Rock,Little_Patuxent,Helichus,0
Recipient_Cage_10,Recipient_10,Recipient,Fall,Rock,Little_Patuxent,Neoleptophlebia,0
Recipient_Cage_10,Recipient_10,Recipient,Fall,Rock,Little_Patuxent,Attenella,0
Recipient_Cage_10,Recipient_10,Recipient,Fall,Rock,Little_Patuxent,Entomobryidae,0
Recipient_Cage_10,Recipient_10,Recipient,Fall,Rock,Little_Patuxent,Heptageniidae,0
Recipient_Cage_10,Recipient_10,Recipient,Fall,Rock,Little_Patuxent,Aeshna,0
Recipient_Cage_10,Recipient_10,Recipient,Fall,Rock,Little_Patuxent,Crambidae,0
Recipient_Cage_10,Recipient_10,Recipient,Fall,Rock,Little_Patuxent,Teloganopsis,0
Recipient_Cage_10,Recipient_10,Recipient,Fall,Rock,Little_Patuxent,Leptoceridae,0
Recipient_Cage_10,Recipient_10,Recipient,Fall,Rock,Little_Patuxent,Pycnopsyche,0
Recipient_Cage_10,Recipient_10,Recipient,Fall,Rock,Little_Patuxent,Triaenodes,0
Recipient_Cage_10,Recipient_10,Recipient,Fall,Rock,Little_Patuxent,Serratella,0
Recipient_Cage_10,Recipient_10,Recipient,Fall,Rock,Little_Patuxent,Optioservus,0
Recipient_Cage_10,Recipient_10,Recipient,Fall,Rock,Little_Patuxent,Hydrachnidia,0
Recipient_Cage_10,Recipient_10,Recipient,Fall,Rock,Little_Patuxent,Polymitarcyidae,0
Recipient_Cage_10,Recipient_10,Recipient,Fall,Rock,Little_Patuxent,Cambarus,0
Recipient_Cage_10,Recipient_10,Recipient,Fall,Rock,Little_Patuxent,Ancyronyx,0
Recipient_Cage_10,Recipient_10,Recipient,Fall,Rock,Little_Patuxent,Gammarus,0
Recipient_Cage_10,Recipient_10,Recipient,Fall,Rock,Little_Patuxent,Neoperla,0
Recipient_Cage_11,Recipient_11,Recipient,Fall,Leaf,Loch_Raven,Allocapnia,46
Recipient_Cage_11,Recipient_11,Recipient,Fall,Leaf,Loch_Raven,Maccaffertium,2
Recipient_Cage_11,Recipient_11,Recipient,Fall,Leaf,Loch_Raven,Chironomidae,119
Recipient_Cage_11,Recipient_11,Recipient,Fall,Leaf,Loch_Raven,Tipula,5
Recipient_Cage_11,Recipient_11,Recipient,Fall,Leaf,Loch_Raven,Dolophilodes,1
Recipient_Cage_11,Recipient_11,Recipient,Fall,Leaf,Loch_Raven,Cheumatopsyche,1
Recipient_Cage_11,Recipient_11,Recipient,Fall,Leaf,Loch_Raven,Isonychia,0
Recipient_Cage_11,Recipient_11,Recipient,Fall,Leaf,Loch_Raven,Plectrocnemia,1
Recipient_Cage_11,Recipient_11,Recipient,Fall,Leaf,Loch_Raven,Chimarra,42
Recipient_Cage_11,Recipient_11,Recipient,Fall,Leaf,Loch_Raven,Nigronia,0
Recipient_Cage_11,Recipient_11,Recipient,Fall,Leaf,Loch_Raven,Ameletus,0
Recipient_Cage_11,Recipient_11,Recipient,Fall,Leaf,Loch_Raven,Diplectrona,0
Recipient_Cage_11,Recipient_11,Recipient,Fall,Leaf,Loch_Raven,Eccoptura,0
Recipient_Cage_11,Recipient_11,Recipient,Fall,Leaf,Loch_Raven,Hydropsyche,8
Recipient_Cage_11,Recipient_11,Recipient,Fall,Leaf,Loch_Raven,Baetisca,0
Recipient_Cage_11,Recipient_11,Recipient,Fall,Leaf,Loch_Raven,Simulium,0
Recipient_Cage_11,Recipient_11,Recipient,Fall,Leaf,Loch_Raven,Isoperla,0
Recipient_Cage_11,Recipient_11,Recipient,Fall,Leaf,Loch_Raven,Dixa,0
Recipient_Cage_11,Recipient_11,Recipient,Fall,Leaf,Loch_Raven,Tropisternus,0
Recipient_Cage_11,Recipient_11,Recipient,Fall,Leaf,Loch_Raven,Anchytarsus,0
Recipient_Cage_11,Recipient_11,Recipient,Fall,Leaf,Loch_Raven,Psilotreta,0
Recipient_Cage_11,Recipient_11,Recipient,Fall,Leaf,Loch_Raven,Dubiraphia,0
Recipient_Cage_11,Recipient_11,Recipient,Fall,Leaf,Loch_Raven,Ptilostomis,0
Recipient_Cage_11,Recipient_11,Recipient,Fall,Leaf,Loch_Raven,Calopteryx,1
Recipient_Cage_11,Recipient_11,Recipient,Fall,Leaf,Loch_Raven,Molanna,0
Recipient_Cage_11,Recipient_11,Recipient,Fall,Leaf,Loch_Raven,Boyeria,0
Recipient_Cage_11,Recipient_11,Recipient,Fall,Leaf,Loch_Raven,Leptophlebia,0
Recipient_Cage_11,Recipient_11,Recipient,Fall,Leaf,Loch_Raven,Nyctiophylax,0
Recipient_Cage_11,Recipient_11,Recipient,Fall,Leaf,Loch_Raven,Argia,0
Recipient_Cage_11,Recipient_11,Recipient,Fall,Leaf,Loch_Raven,Rhyacophila,0
Recipient_Cage_11,Recipient_11,Recipient,Fall,Leaf,Loch_Raven,Probezzia,0
Recipient_Cage_11,Recipient_11,Recipient,Fall,Leaf,Loch_Raven,Neureclipsis,0
Recipient_Cage_11,Recipient_11,Recipient,Fall,Leaf,Loch_Raven,Eurylophella,0
Recipient_Cage_11,Recipient_11,Recipient,Fall,Leaf,Loch_Raven,Glossosoma,0
Recipient_Cage_11,Recipient_11,Recipient,Fall,Leaf,Loch_Raven,Rhagovelia,0
Recipient_Cage_11,Recipient_11,Recipient,Fall,Leaf,Loch_Raven,Neophylax,0
Recipient_Cage_11,Recipient_11,Recipient,Fall,Leaf,Loch_Raven,Microvelia,0
Recipient_Cage_11,Recipient_11,Recipient,Fall,Leaf,Loch_Raven,Hydatophylax,0
Recipient_Cage_11,Recipient_11,Recipient,Fall,Leaf,Loch_Raven,Antocha,2
Recipient_Cage_11,Recipient_11,Recipient,Fall,Leaf,Loch_Raven,Lepidostoma,0
Recipient_Cage_11,Recipient_11,Recipient,Fall,Leaf,Loch_Raven,Baetis,0
Recipient_Cage_11,Recipient_11,Recipient,Fall,Leaf,Loch_Raven,Oecetis,0
Recipient_Cage_11,Recipient_11,Recipient,Fall,Leaf,Loch_Raven,Ironoquia,0
Recipient_Cage_11,Recipient_11,Recipient,Fall,Leaf,Loch_Raven,Timpanoga,0
Recipient_Cage_11,Recipient_11,Recipient,Fall,Leaf,Loch_Raven,Polycentropus,0
Recipient_Cage_11,Recipient_11,Recipient,Fall,Leaf,Loch_Raven,Amphinemura,0
Recipient_Cage_11,Recipient_11,Recipient,Fall,Leaf,Loch_Raven,Penelomax,0
Recipient_Cage_11,Recipient_11,Recipient,Fall,Leaf,Loch_Raven,Ephemerella,0
Recipient_Cage_11,Recipient_11,Recipient,Fall,Leaf,Loch_Raven,Hemerodromia,0
Recipient_Cage_11,Recipient_11,Recipient,Fall,Leaf,Loch_Raven,Shipsa,0
Recipient_Cage_11,Recipient_11,Recipient,Fall,Leaf,Loch_Raven,Helichus,0
Recipient_Cage_11,Recipient_11,Recipient,Fall,Leaf,Loch_Raven,Neoleptophlebia,0
Recipient_Cage_11,Recipient_11,Recipient,Fall,Leaf,Loch_Raven,Attenella,0
Recipient_Cage_11,Recipient_11,Recipient,Fall,Leaf,Loch_Raven,Entomobryidae,0
Recipient_Cage_11,Recipient_11,Recipient,Fall,Leaf,Loch_Raven,Heptageniidae,0
Recipient_Cage_11,Recipient_11,Recipient,Fall,Leaf,Loch_Raven,Aeshna,0
Recipient_Cage_11,Recipient_11,Recipient,Fall,Leaf,Loch_Raven,Crambidae,0
Recipient_Cage_11,Recipient_11,Recipient,Fall,Leaf,Loch_Raven,Teloganopsis,0
Recipient_Cage_11,Recipient_11,Recipient,Fall,Leaf,Loch_Raven,Leptoceridae,0
Recipient_Cage_11,Recipient_11,Recipient,Fall,Leaf,Loch_Raven,Pycnopsyche,0
Recipient_Cage_11,Recipient_11,Recipient,Fall,Leaf,Loch_Raven,Triaenodes,0
Recipient_Cage_11,Recipient_11,Recipient,Fall,Leaf,Loch_Raven,Serratella,0
Recipient_Cage_11,Recipient_11,Recipient,Fall,Leaf,Loch_Raven,Optioservus,0
Recipient_Cage_11,Recipient_11,Recipient,Fall,Leaf,Loch_Raven,Hydrachnidia,0
Recipient_Cage_11,Recipient_11,Recipient,Fall,Leaf,Loch_Raven,Polymitarcyidae,0
Recipient_Cage_11,Recipient_11,Recipient,Fall,Leaf,Loch_Raven,Cambarus,0
Recipient_Cage_11,Recipient_11,Recipient,Fall,Leaf,Loch_Raven,Ancyronyx,0
Recipient_Cage_11,Recipient_11,Recipient,Fall,Leaf,Loch_Raven,Gammarus,0
Recipient_Cage_11,Recipient_11,Recipient,Fall,Leaf,Loch_Raven,Neoperla,0
Recipient_Cage_11,Recipient_11,Recipient,Fall,Rock,Loch_Raven,Allocapnia,12
Recipient_Cage_11,Recipient_11,Recipient,Fall,Rock,Loch_Raven,Maccaffertium,5
Recipient_Cage_11,Recipient_11,Recipient,Fall,Rock,Loch_Raven,Chironomidae,101
Recipient_Cage_11,Recipient_11,Recipient,Fall,Rock,Loch_Raven,Tipula,3
Recipient_Cage_11,Recipient_11,Recipient,Fall,Rock,Loch_Raven,Dolophilodes,0
Recipient_Cage_11,Recipient_11,Recipient,Fall,Rock,Loch_Raven,Cheumatopsyche,8
Recipient_Cage_11,Recipient_11,Recipient,Fall,Rock,Loch_Raven,Isonychia,0
Recipient_Cage_11,Recipient_11,Recipient,Fall,Rock,Loch_Raven,Plectrocnemia,0
Recipient_Cage_11,Recipient_11,Recipient,Fall,Rock,Loch_Raven,Chimarra,59
Recipient_Cage_11,Recipient_11,Recipient,Fall,Rock,Loch_Raven,Nigronia,0
Recipient_Cage_11,Recipient_11,Recipient,Fall,Rock,Loch_Raven,Ameletus,1
Recipient_Cage_11,Recipient_11,Recipient,Fall,Rock,Loch_Raven,Diplectrona,0
Recipient_Cage_11,Recipient_11,Recipient,Fall,Rock,Loch_Raven,Eccoptura,0
Recipient_Cage_11,Recipient_11,Recipient,Fall,Rock,Loch_Raven,Hydropsyche,10
Recipient_Cage_11,Recipient_11,Recipient,Fall,Rock,Loch_Raven,Baetisca,0
Recipient_Cage_11,Recipient_11,Recipient,Fall,Rock,Loch_Raven,Simulium,0
Recipient_Cage_11,Recipient_11,Recipient,Fall,Rock,Loch_Raven,Isoperla,0
Recipient_Cage_11,Recipient_11,Recipient,Fall,Rock,Loch_Raven,Dixa,0
Recipient_Cage_11,Recipient_11,Recipient,Fall,Rock,Loch_Raven,Tropisternus,0
Recipient_Cage_11,Recipient_11,Recipient,Fall,Rock,Loch_Raven,Anchytarsus,0
Recipient_Cage_11,Recipient_11,Recipient,Fall,Rock,Loch_Raven,Psilotreta,0
Recipient_Cage_11,Recipient_11,Recipient,Fall,Rock,Loch_Raven,Dubiraphia,0
Recipient_Cage_11,Recipient_11,Recipient,Fall,Rock,Loch_Raven,Ptilostomis,0
Recipient_Cage_11,Recipient_11,Recipient,Fall,Rock,Loch_Raven,Calopteryx,0
Recipient_Cage_11,Recipient_11,Recipient,Fall,Rock,Loch_Raven,Molanna,0
Recipient_Cage_11,Recipient_11,Recipient,Fall,Rock,Loch_Raven,Boyeria,0
Recipient_Cage_11,Recipient_11,Recipient,Fall,Rock,Loch_Raven,Leptophlebia,0
Recipient_Cage_11,Recipient_11,Recipient,Fall,Rock,Loch_Raven,Nyctiophylax,0
Recipient_Cage_11,Recipient_11,Recipient,Fall,Rock,Loch_Raven,Argia,0
Recipient_Cage_11,Recipient_11,Recipient,Fall,Rock,Loch_Raven,Rhyacophila,0
Recipient_Cage_11,Recipient_11,Recipient,Fall,Rock,Loch_Raven,Probezzia,0
Recipient_Cage_11,Recipient_11,Recipient,Fall,Rock,Loch_Raven,Neureclipsis,0
Recipient_Cage_11,Recipient_11,Recipient,Fall,Rock,Loch_Raven,Eurylophella,0
Recipient_Cage_11,Recipient_11,Recipient,Fall,Rock,Loch_Raven,Glossosoma,0
Recipient_Cage_11,Recipient_11,Recipient,Fall,Rock,Loch_Raven,Rhagovelia,0
Recipient_Cage_11,Recipient_11,Recipient,Fall,Rock,Loch_Raven,Neophylax,0
Recipient_Cage_11,Recipient_11,Recipient,Fall,Rock,Loch_Raven,Microvelia,0
Recipient_Cage_11,Recipient_11,Recipient,Fall,Rock,Loch_Raven,Hydatophylax,0
Recipient_Cage_11,Recipient_11,Recipient,Fall,Rock,Loch_Raven,Antocha,0
Recipient_Cage_11,Recipient_11,Recipient,Fall,Rock,Loch_Raven,Lepidostoma,0
Recipient_Cage_11,Recipient_11,Recipient,Fall,Rock,Loch_Raven,Baetis,0
Recipient_Cage_11,Recipient_11,Recipient,Fall,Rock,Loch_Raven,Oecetis,0
Recipient_Cage_11,Recipient_11,Recipient,Fall,Rock,Loch_Raven,Ironoquia,0
Recipient_Cage_11,Recipient_11,Recipient,Fall,Rock,Loch_Raven,Timpanoga,0
Recipient_Cage_11,Recipient_11,Recipient,Fall,Rock,Loch_Raven,Polycentropus,0
Recipient_Cage_11,Recipient_11,Recipient,Fall,Rock,Loch_Raven,Amphinemura,0
Recipient_Cage_11,Recipient_11,Recipient,Fall,Rock,Loch_Raven,Penelomax,0
Recipient_Cage_11,Recipient_11,Recipient,Fall,Rock,Loch_Raven,Ephemerella,0
Recipient_Cage_11,Recipient_11,Recipient,Fall,Rock,Loch_Raven,Hemerodromia,0
Recipient_Cage_11,Recipient_11,Recipient,Fall,Rock,Loch_Raven,Shipsa,0
Recipient_Cage_11,Recipient_11,Recipient,Fall,Rock,Loch_Raven,Helichus,0
Recipient_Cage_11,Recipient_11,Recipient,Fall,Rock,Loch_Raven,Neoleptophlebia,0
Recipient_Cage_11,Recipient_11,Recipient,Fall,Rock,Loch_Raven,Attenella,0
Recipient_Cage_11,Recipient_11,Recipient,Fall,Rock,Loch_Raven,Entomobryidae,0
Recipient_Cage_11,Recipient_11,Recipient,Fall,Rock,Loch_Raven,Heptageniidae,0
Recipient_Cage_11,Recipient_11,Recipient,Fall,Rock,Loch_Raven,Aeshna,0
Recipient_Cage_11,Recipient_11,Recipient,Fall,Rock,Loch_Raven,Crambidae,0
Recipient_Cage_11,Recipient_11,Recipient,Fall,Rock,Loch_Raven,Teloganopsis,0
Recipient_Cage_11,Recipient_11,Recipient,Fall,Rock,Loch_Raven,Leptoceridae,0
Recipient_Cage_11,Recipient_11,Recipient,Fall,Rock,Loch_Raven,Pycnopsyche,0
Recipient_Cage_11,Recipient_11,Recipient,Fall,Rock,Loch_Raven,Triaenodes,0
Recipient_Cage_11,Recipient_11,Recipient,Fall,Rock,Loch_Raven,Serratella,0
Recipient_Cage_11,Recipient_11,Recipient,Fall,Rock,Loch_Raven,Optioservus,0
Recipient_Cage_11,Recipient_11,Recipient,Fall,Rock,Loch_Raven,Hydrachnidia,0
Recipient_Cage_11,Recipient_11,Recipient,Fall,Rock,Loch_Raven,Polymitarcyidae,0
Recipient_Cage_11,Recipient_11,Recipient,Fall,Rock,Loch_Raven,Cambarus,0
Recipient_Cage_11,Recipient_11,Recipient,Fall,Rock,Loch_Raven,Ancyronyx,0
Recipient_Cage_11,Recipient_11,Recipient,Fall,Rock,Loch_Raven,Gammarus,0
Recipient_Cage_11,Recipient_11,Recipient,Fall,Rock,Loch_Raven,Neoperla,0
Recipient_Cage_12,Recipient_11,Recipient,Fall,Leaf,Loch_Raven,Allocapnia,122
Recipient_Cage_12,Recipient_11,Recipient,Fall,Leaf,Loch_Raven,Maccaffertium,6
Recipient_Cage_12,Recipient_11,Recipient,Fall,Leaf,Loch_Raven,Chironomidae,44
Recipient_Cage_12,Recipient_11,Recipient,Fall,Leaf,Loch_Raven,Tipula,3
Recipient_Cage_12,Recipient_11,Recipient,Fall,Leaf,Loch_Raven,Dolophilodes,0
Recipient_Cage_12,Recipient_11,Recipient,Fall,Leaf,Loch_Raven,Cheumatopsyche,0
Recipient_Cage_12,Recipient_11,Recipient,Fall,Leaf,Loch_Raven,Isonychia,0
Recipient_Cage_12,Recipient_11,Recipient,Fall,Leaf,Loch_Raven,Plectrocnemia,0
Recipient_Cage_12,Recipient_11,Recipient,Fall,Leaf,Loch_Raven,Chimarra,2
Recipient_Cage_12,Recipient_11,Recipient,Fall,Leaf,Loch_Raven,Nigronia,0
Recipient_Cage_12,Recipient_11,Recipient,Fall,Leaf,Loch_Raven,Ameletus,0
Recipient_Cage_12,Recipient_11,Recipient,Fall,Leaf,Loch_Raven,Diplectrona,0
Recipient_Cage_12,Recipient_11,Recipient,Fall,Leaf,Loch_Raven,Eccoptura,0
Recipient_Cage_12,Recipient_11,Recipient,Fall,Leaf,Loch_Raven,Hydropsyche,0
Recipient_Cage_12,Recipient_11,Recipient,Fall,Leaf,Loch_Raven,Baetisca,0
Recipient_Cage_12,Recipient_11,Recipient,Fall,Leaf,Loch_Raven,Simulium,0
Recipient_Cage_12,Recipient_11,Recipient,Fall,Leaf,Loch_Raven,Isoperla,0
Recipient_Cage_12,Recipient_11,Recipient,Fall,Leaf,Loch_Raven,Dixa,0
Recipient_Cage_12,Recipient_11,Recipient,Fall,Leaf,Loch_Raven,Tropisternus,1
Recipient_Cage_12,Recipient_11,Recipient,Fall,Leaf,Loch_Raven,Anchytarsus,0
Recipient_Cage_12,Recipient_11,Recipient,Fall,Leaf,Loch_Raven,Psilotreta,0
Recipient_Cage_12,Recipient_11,Recipient,Fall,Leaf,Loch_Raven,Dubiraphia,0
Recipient_Cage_12,Recipient_11,Recipient,Fall,Leaf,Loch_Raven,Ptilostomis,0
Recipient_Cage_12,Recipient_11,Recipient,Fall,Leaf,Loch_Raven,Calopteryx,0
Recipient_Cage_12,Recipient_11,Recipient,Fall,Leaf,Loch_Raven,Molanna,0
Recipient_Cage_12,Recipient_11,Recipient,Fall,Leaf,Loch_Raven,Boyeria,0
Recipient_Cage_12,Recipient_11,Recipient,Fall,Leaf,Loch_Raven,Leptophlebia,0
Recipient_Cage_12,Recipient_11,Recipient,Fall,Leaf,Loch_Raven,Nyctiophylax,0
Recipient_Cage_12,Recipient_11,Recipient,Fall,Leaf,Loch_Raven,Argia,0
Recipient_Cage_12,Recipient_11,Recipient,Fall,Leaf,Loch_Raven,Rhyacophila,0
Recipient_Cage_12,Recipient_11,Recipient,Fall,Leaf,Loch_Raven,Probezzia,0
Recipient_Cage_12,Recipient_11,Recipient,Fall,Leaf,Loch_Raven,Neureclipsis,0
Recipient_Cage_12,Recipient_11,Recipient,Fall,Leaf,Loch_Raven,Eurylophella,1
Recipient_Cage_12,Recipient_11,Recipient,Fall,Leaf,Loch_Raven,Glossosoma,0
Recipient_Cage_12,Recipient_11,Recipient,Fall,Leaf,Loch_Raven,Rhagovelia,0
Recipient_Cage_12,Recipient_11,Recipient,Fall,Leaf,Loch_Raven,Neophylax,2
Recipient_Cage_12,Recipient_11,Recipient,Fall,Leaf,Loch_Raven,Microvelia,0
Recipient_Cage_12,Recipient_11,Recipient,Fall,Leaf,Loch_Raven,Hydatophylax,0
Recipient_Cage_12,Recipient_11,Recipient,Fall,Leaf,Loch_Raven,Antocha,0
Recipient_Cage_12,Recipient_11,Recipient,Fall,Leaf,Loch_Raven,Lepidostoma,0
Recipient_Cage_12,Recipient_11,Recipient,Fall,Leaf,Loch_Raven,Baetis,0
Recipient_Cage_12,Recipient_11,Recipient,Fall,Leaf,Loch_Raven,Oecetis,0
Recipient_Cage_12,Recipient_11,Recipient,Fall,Leaf,Loch_Raven,Ironoquia,0
Recipient_Cage_12,Recipient_11,Recipient,Fall,Leaf,Loch_Raven,Timpanoga,0
Recipient_Cage_12,Recipient_11,Recipient,Fall,Leaf,Loch_Raven,Polycentropus,0
Recipient_Cage_12,Recipient_11,Recipient,Fall,Leaf,Loch_Raven,Amphinemura,0
Recipient_Cage_12,Recipient_11,Recipient,Fall,Leaf,Loch_Raven,Penelomax,0
Recipient_Cage_12,Recipient_11,Recipient,Fall,Leaf,Loch_Raven,Ephemerella,0
Recipient_Cage_12,Recipient_11,Recipient,Fall,Leaf,Loch_Raven,Hemerodromia,0
Recipient_Cage_12,Recipient_11,Recipient,Fall,Leaf,Loch_Raven,Shipsa,0
Recipient_Cage_12,Recipient_11,Recipient,Fall,Leaf,Loch_Raven,Helichus,0
Recipient_Cage_12,Recipient_11,Recipient,Fall,Leaf,Loch_Raven,Neoleptophlebia,0
Recipient_Cage_12,Recipient_11,Recipient,Fall,Leaf,Loch_Raven,Attenella,0
Recipient_Cage_12,Recipient_11,Recipient,Fall,Leaf,Loch_Raven,Entomobryidae,0
Recipient_Cage_12,Recipient_11,Recipient,Fall,Leaf,Loch_Raven,Heptageniidae,0
Recipient_Cage_12,Recipient_11,Recipient,Fall,Leaf,Loch_Raven,Aeshna,0
Recipient_Cage_12,Recipient_11,Recipient,Fall,Leaf,Loch_Raven,Crambidae,0
Recipient_Cage_12,Recipient_11,Recipient,Fall,Leaf,Loch_Raven,Teloganopsis,0
Recipient_Cage_12,Recipient_11,Recipient,Fall,Leaf,Loch_Raven,Leptoceridae,0
Recipient_Cage_12,Recipient_11,Recipient,Fall,Leaf,Loch_Raven,Pycnopsyche,0
Recipient_Cage_12,Recipient_11,Recipient,Fall,Leaf,Loch_Raven,Triaenodes,0
Recipient_Cage_12,Recipient_11,Recipient,Fall,Leaf,Loch_Raven,Serratella,0
Recipient_Cage_12,Recipient_11,Recipient,Fall,Leaf,Loch_Raven,Optioservus,0
Recipient_Cage_12,Recipient_11,Recipient,Fall,Leaf,Loch_Raven,Hydrachnidia,0
Recipient_Cage_12,Recipient_11,Recipient,Fall,Leaf,Loch_Raven,Polymitarcyidae,0
Recipient_Cage_12,Recipient_11,Recipient,Fall,Leaf,Loch_Raven,Cambarus,0
Recipient_Cage_12,Recipient_11,Recipient,Fall,Leaf,Loch_Raven,Ancyronyx,0
Recipient_Cage_12,Recipient_11,Recipient,Fall,Leaf,Loch_Raven,Gammarus,0
Recipient_Cage_12,Recipient_11,Recipient,Fall,Leaf,Loch_Raven,Neoperla,0
Recipient_Cage_12,Recipient_11,Recipient,Fall,Rock,Loch_Raven,Allocapnia,42
Recipient_Cage_12,Recipient_11,Recipient,Fall,Rock,Loch_Raven,Maccaffertium,3
Recipient_Cage_12,Recipient_11,Recipient,Fall,Rock,Loch_Raven,Chironomidae,129
Recipient_Cage_12,Recipient_11,Recipient,Fall,Rock,Loch_Raven,Tipula,1
Recipient_Cage_12,Recipient_11,Recipient,Fall,Rock,Loch_Raven,Dolophilodes,0
Recipient_Cage_12,Recipient_11,Recipient,Fall,Rock,Loch_Raven,Cheumatopsyche,2
Recipient_Cage_12,Recipient_11,Recipient,Fall,Rock,Loch_Raven,Isonychia,0
Recipient_Cage_12,Recipient_11,Recipient,Fall,Rock,Loch_Raven,Plectrocnemia,1
Recipient_Cage_12,Recipient_11,Recipient,Fall,Rock,Loch_Raven,Chimarra,10
Recipient_Cage_12,Recipient_11,Recipient,Fall,Rock,Loch_Raven,Nigronia,0
Recipient_Cage_12,Recipient_11,Recipient,Fall,Rock,Loch_Raven,Ameletus,0
Recipient_Cage_12,Recipient_11,Recipient,Fall,Rock,Loch_Raven,Diplectrona,0
Recipient_Cage_12,Recipient_11,Recipient,Fall,Rock,Loch_Raven,Eccoptura,0
Recipient_Cage_12,Recipient_11,Recipient,Fall,Rock,Loch_Raven,Hydropsyche,0
Recipient_Cage_12,Recipient_11,Recipient,Fall,Rock,Loch_Raven,Baetisca,0
Recipient_Cage_12,Recipient_11,Recipient,Fall,Rock,Loch_Raven,Simulium,0
Recipient_Cage_12,Recipient_11,Recipient,Fall,Rock,Loch_Raven,Isoperla,0
Recipient_Cage_12,Recipient_11,Recipient,Fall,Rock,Loch_Raven,Dixa,0
Recipient_Cage_12,Recipient_11,Recipient,Fall,Rock,Loch_Raven,Tropisternus,0
Recipient_Cage_12,Recipient_11,Recipient,Fall,Rock,Loch_Raven,Anchytarsus,0
Recipient_Cage_12,Recipient_11,Recipient,Fall,Rock,Loch_Raven,Psilotreta,0
Recipient_Cage_12,Recipient_11,Recipient,Fall,Rock,Loch_Raven,Dubiraphia,0
Recipient_Cage_12,Recipient_11,Recipient,Fall,Rock,Loch_Raven,Ptilostomis,0
Recipient_Cage_12,Recipient_11,Recipient,Fall,Rock,Loch_Raven,Calopteryx,2
Recipient_Cage_12,Recipient_11,Recipient,Fall,Rock,Loch_Raven,Molanna,0
Recipient_Cage_12,Recipient_11,Recipient,Fall,Rock,Loch_Raven,Boyeria,0
Recipient_Cage_12,Recipient_11,Recipient,Fall,Rock,Loch_Raven,Leptophlebia,0
Recipient_Cage_12,Recipient_11,Recipient,Fall,Rock,Loch_Raven,Nyctiophylax,0
Recipient_Cage_12,Recipient_11,Recipient,Fall,Rock,Loch_Raven,Argia,0
Recipient_Cage_12,Recipient_11,Recipient,Fall,Rock,Loch_Raven,Rhyacophila,0
Recipient_Cage_12,Recipient_11,Recipient,Fall,Rock,Loch_Raven,Probezzia,0
Recipient_Cage_12,Recipient_11,Recipient,Fall,Rock,Loch_Raven,Neureclipsis,0
Recipient_Cage_12,Recipient_11,Recipient,Fall,Rock,Loch_Raven,Eurylophella,0
Recipient_Cage_12,Recipient_11,Recipient,Fall,Rock,Loch_Raven,Glossosoma,0
Recipient_Cage_12,Recipient_11,Recipient,Fall,Rock,Loch_Raven,Rhagovelia,0
Recipient_Cage_12,Recipient_11,Recipient,Fall,Rock,Loch_Raven,Neophylax,0
Recipient_Cage_12,Recipient_11,Recipient,Fall,Rock,Loch_Raven,Microvelia,0
Recipient_Cage_12,Recipient_11,Recipient,Fall,Rock,Loch_Raven,Hydatophylax,0
Recipient_Cage_12,Recipient_11,Recipient,Fall,Rock,Loch_Raven,Antocha,1
Recipient_Cage_12,Recipient_11,Recipient,Fall,Rock,Loch_Raven,Lepidostoma,0
Recipient_Cage_12,Recipient_11,Recipient,Fall,Rock,Loch_Raven,Baetis,0
Recipient_Cage_12,Recipient_11,Recipient,Fall,Rock,Loch_Raven,Oecetis,0
Recipient_Cage_12,Recipient_11,Recipient,Fall,Rock,Loch_Raven,Ironoquia,0
Recipient_Cage_12,Recipient_11,Recipient,Fall,Rock,Loch_Raven,Timpanoga,0
Recipient_Cage_12,Recipient_11,Recipient,Fall,Rock,Loch_Raven,Polycentropus,0
Recipient_Cage_12,Recipient_11,Recipient,Fall,Rock,Loch_Raven,Amphinemura,0
Recipient_Cage_12,Recipient_11,Recipient,Fall,Rock,Loch_Raven,Penelomax,0
Recipient_Cage_12,Recipient_11,Recipient,Fall,Rock,Loch_Raven,Ephemerella,0
Recipient_Cage_12,Recipient_11,Recipient,Fall,Rock,Loch_Raven,Hemerodromia,0
Recipient_Cage_12,Recipient_11,Recipient,Fall,Rock,Loch_Raven,Shipsa,0
Recipient_Cage_12,Recipient_11,Recipient,Fall,Rock,Loch_Raven,Helichus,0
Recipient_Cage_12,Recipient_11,Recipient,Fall,Rock,Loch_Raven,Neoleptophlebia,0
Recipient_Cage_12,Recipient_11,Recipient,Fall,Rock,Loch_Raven,Attenella,0
Recipient_Cage_12,Recipient_11,Recipient,Fall,Rock,Loch_Raven,Entomobryidae,0
Recipient_Cage_12,Recipient_11,Recipient,Fall,Rock,Loch_Raven,Heptageniidae,0
Recipient_Cage_12,Recipient_11,Recipient,Fall,Rock,Loch_Raven,Aeshna,0
Recipient_Cage_12,Recipient_11,Recipient,Fall,Rock,Loch_Raven,Crambidae,0
Recipient_Cage_12,Recipient_11,Recipient,Fall,Rock,Loch_Raven,Teloganopsis,0
Recipient_Cage_12,Recipient_11,Recipient,Fall,Rock,Loch_Raven,Leptoceridae,0
Recipient_Cage_12,Recipient_11,Recipient,Fall,Rock,Loch_Raven,Pycnopsyche,0
Recipient_Cage_12,Recipient_11,Recipient,Fall,Rock,Loch_Raven,Triaenodes,0
Recipient_Cage_12,Recipient_11,Recipient,Fall,Rock,Loch_Raven,Serratella,0
Recipient_Cage_12,Recipient_11,Recipient,Fall,Rock,Loch_Raven,Optioservus,0
Recipient_Cage_12,Recipient_11,Recipient,Fall,Rock,Loch_Raven,Hydrachnidia,0
Recipient_Cage_12,Recipient_11,Recipient,Fall,Rock,Loch_Raven,Polymitarcyidae,0
Recipient_Cage_12,Recipient_11,Recipient,Fall,Rock,Loch_Raven,Cambarus,0
Recipient_Cage_12,Recipient_11,Recipient,Fall,Rock,Loch_Raven,Ancyronyx,0
Recipient_Cage_12,Recipient_11,Recipient,Fall,Rock,Loch_Raven,Gammarus,0
Recipient_Cage_12,Recipient_11,Recipient,Fall,Rock,Loch_Raven,Neoperla,0
Recipient_Cage_13,Recipient_11,Recipient,Fall,Leaf,Loch_Raven,Allocapnia,91
Recipient_Cage_13,Recipient_11,Recipient,Fall,Leaf,Loch_Raven,Maccaffertium,10
Recipient_Cage_13,Recipient_11,Recipient,Fall,Leaf,Loch_Raven,Chironomidae,94
Recipient_Cage_13,Recipient_11,Recipient,Fall,Leaf,Loch_Raven,Tipula,10
Recipient_Cage_13,Recipient_11,Recipient,Fall,Leaf,Loch_Raven,Dolophilodes,1
Recipient_Cage_13,Recipient_11,Recipient,Fall,Leaf,Loch_Raven,Cheumatopsyche,19
Recipient_Cage_13,Recipient_11,Recipient,Fall,Leaf,Loch_Raven,Isonychia,0
Recipient_Cage_13,Recipient_11,Recipient,Fall,Leaf,Loch_Raven,Plectrocnemia,0
Recipient_Cage_13,Recipient_11,Recipient,Fall,Leaf,Loch_Raven,Chimarra,38
Recipient_Cage_13,Recipient_11,Recipient,Fall,Leaf,Loch_Raven,Nigronia,0
Recipient_Cage_13,Recipient_11,Recipient,Fall,Leaf,Loch_Raven,Ameletus,0
Recipient_Cage_13,Recipient_11,Recipient,Fall,Leaf,Loch_Raven,Diplectrona,0
Recipient_Cage_13,Recipient_11,Recipient,Fall,Leaf,Loch_Raven,Eccoptura,0
Recipient_Cage_13,Recipient_11,Recipient,Fall,Leaf,Loch_Raven,Hydropsyche,6
Recipient_Cage_13,Recipient_11,Recipient,Fall,Leaf,Loch_Raven,Baetisca,0
Recipient_Cage_13,Recipient_11,Recipient,Fall,Leaf,Loch_Raven,Simulium,0
Recipient_Cage_13,Recipient_11,Recipient,Fall,Leaf,Loch_Raven,Isoperla,0
Recipient_Cage_13,Recipient_11,Recipient,Fall,Leaf,Loch_Raven,Dixa,0
Recipient_Cage_13,Recipient_11,Recipient,Fall,Leaf,Loch_Raven,Tropisternus,2
Recipient_Cage_13,Recipient_11,Recipient,Fall,Leaf,Loch_Raven,Anchytarsus,0
Recipient_Cage_13,Recipient_11,Recipient,Fall,Leaf,Loch_Raven,Psilotreta,0
Recipient_Cage_13,Recipient_11,Recipient,Fall,Leaf,Loch_Raven,Dubiraphia,0
Recipient_Cage_13,Recipient_11,Recipient,Fall,Leaf,Loch_Raven,Ptilostomis,0
Recipient_Cage_13,Recipient_11,Recipient,Fall,Leaf,Loch_Raven,Calopteryx,1
Recipient_Cage_13,Recipient_11,Recipient,Fall,Leaf,Loch_Raven,Molanna,0
Recipient_Cage_13,Recipient_11,Recipient,Fall,Leaf,Loch_Raven,Boyeria,0
Recipient_Cage_13,Recipient_11,Recipient,Fall,Leaf,Loch_Raven,Leptophlebia,0
Recipient_Cage_13,Recipient_11,Recipient,Fall,Leaf,Loch_Raven,Nyctiophylax,0
Recipient_Cage_13,Recipient_11,Recipient,Fall,Leaf,Loch_Raven,Argia,0
Recipient_Cage_13,Recipient_11,Recipient,Fall,Leaf,Loch_Raven,Rhyacophila,0
Recipient_Cage_13,Recipient_11,Recipient,Fall,Leaf,Loch_Raven,Probezzia,0
Recipient_Cage_13,Recipient_11,Recipient,Fall,Leaf,Loch_Raven,Neureclipsis,0
Recipient_Cage_13,Recipient_11,Recipient,Fall,Leaf,Loch_Raven,Eurylophella,0
Recipient_Cage_13,Recipient_11,Recipient,Fall,Leaf,Loch_Raven,Glossosoma,0
Recipient_Cage_13,Recipient_11,Recipient,Fall,Leaf,Loch_Raven,Rhagovelia,0
Recipient_Cage_13,Recipient_11,Recipient,Fall,Leaf,Loch_Raven,Neophylax,0
Recipient_Cage_13,Recipient_11,Recipient,Fall,Leaf,Loch_Raven,Microvelia,0
Recipient_Cage_13,Recipient_11,Recipient,Fall,Leaf,Loch_Raven,Hydatophylax,0
Recipient_Cage_13,Recipient_11,Recipient,Fall,Leaf,Loch_Raven,Antocha,0
Recipient_Cage_13,Recipient_11,Recipient,Fall,Leaf,Loch_Raven,Lepidostoma,0
Recipient_Cage_13,Recipient_11,Recipient,Fall,Leaf,Loch_Raven,Baetis,0
Recipient_Cage_13,Recipient_11,Recipient,Fall,Leaf,Loch_Raven,Oecetis,0
Recipient_Cage_13,Recipient_11,Recipient,Fall,Leaf,Loch_Raven,Ironoquia,0
Recipient_Cage_13,Recipient_11,Recipient,Fall,Leaf,Loch_Raven,Timpanoga,0
Recipient_Cage_13,Recipient_11,Recipient,Fall,Leaf,Loch_Raven,Polycentropus,0
Recipient_Cage_13,Recipient_11,Recipient,Fall,Leaf,Loch_Raven,Amphinemura,0
Recipient_Cage_13,Recipient_11,Recipient,Fall,Leaf,Loch_Raven,Penelomax,0
Recipient_Cage_13,Recipient_11,Recipient,Fall,Leaf,Loch_Raven,Ephemerella,0
Recipient_Cage_13,Recipient_11,Recipient,Fall,Leaf,Loch_Raven,Hemerodromia,0
Recipient_Cage_13,Recipient_11,Recipient,Fall,Leaf,Loch_Raven,Shipsa,0
Recipient_Cage_13,Recipient_11,Recipient,Fall,Leaf,Loch_Raven,Helichus,0
Recipient_Cage_13,Recipient_11,Recipient,Fall,Leaf,Loch_Raven,Neoleptophlebia,0
Recipient_Cage_13,Recipient_11,Recipient,Fall,Leaf,Loch_Raven,Attenella,0
Recipient_Cage_13,Recipient_11,Recipient,Fall,Leaf,Loch_Raven,Entomobryidae,0
Recipient_Cage_13,Recipient_11,Recipient,Fall,Leaf,Loch_Raven,Heptageniidae,0
Recipient_Cage_13,Recipient_11,Recipient,Fall,Leaf,Loch_Raven,Aeshna,0
Recipient_Cage_13,Recipient_11,Recipient,Fall,Leaf,Loch_Raven,Crambidae,0
Recipient_Cage_13,Recipient_11,Recipient,Fall,Leaf,Loch_Raven,Teloganopsis,0
Recipient_Cage_13,Recipient_11,Recipient,Fall,Leaf,Loch_Raven,Leptoceridae,0
Recipient_Cage_13,Recipient_11,Recipient,Fall,Leaf,Loch_Raven,Pycnopsyche,0
Recipient_Cage_13,Recipient_11,Recipient,Fall,Leaf,Loch_Raven,Triaenodes,0
Recipient_Cage_13,Recipient_11,Recipient,Fall,Leaf,Loch_Raven,Serratella,0
Recipient_Cage_13,Recipient_11,Recipient,Fall,Leaf,Loch_Raven,Optioservus,0
Recipient_Cage_13,Recipient_11,Recipient,Fall,Leaf,Loch_Raven,Hydrachnidia,0
Recipient_Cage_13,Recipient_11,Recipient,Fall,Leaf,Loch_Raven,Polymitarcyidae,0
Recipient_Cage_13,Recipient_11,Recipient,Fall,Leaf,Loch_Raven,Cambarus,0
Recipient_Cage_13,Recipient_11,Recipient,Fall,Leaf,Loch_Raven,Ancyronyx,0
Recipient_Cage_13,Recipient_11,Recipient,Fall,Leaf,Loch_Raven,Gammarus,0
Recipient_Cage_13,Recipient_11,Recipient,Fall,Leaf,Loch_Raven,Neoperla,0
Recipient_Cage_13,Recipient_11,Recipient,Fall,Rock,Loch_Raven,Allocapnia,33
Recipient_Cage_13,Recipient_11,Recipient,Fall,Rock,Loch_Raven,Maccaffertium,11
Recipient_Cage_13,Recipient_11,Recipient,Fall,Rock,Loch_Raven,Chironomidae,58
Recipient_Cage_13,Recipient_11,Recipient,Fall,Rock,Loch_Raven,Tipula,27
Recipient_Cage_13,Recipient_11,Recipient,Fall,Rock,Loch_Raven,Dolophilodes,0
Recipient_Cage_13,Recipient_11,Recipient,Fall,Rock,Loch_Raven,Cheumatopsyche,8
Recipient_Cage_13,Recipient_11,Recipient,Fall,Rock,Loch_Raven,Isonychia,0
Recipient_Cage_13,Recipient_11,Recipient,Fall,Rock,Loch_Raven,Plectrocnemia,1
Recipient_Cage_13,Recipient_11,Recipient,Fall,Rock,Loch_Raven,Chimarra,7
Recipient_Cage_13,Recipient_11,Recipient,Fall,Rock,Loch_Raven,Nigronia,1
Recipient_Cage_13,Recipient_11,Recipient,Fall,Rock,Loch_Raven,Ameletus,0
Recipient_Cage_13,Recipient_11,Recipient,Fall,Rock,Loch_Raven,Diplectrona,0
Recipient_Cage_13,Recipient_11,Recipient,Fall,Rock,Loch_Raven,Eccoptura,0
Recipient_Cage_13,Recipient_11,Recipient,Fall,Rock,Loch_Raven,Hydropsyche,0
Recipient_Cage_13,Recipient_11,Recipient,Fall,Rock,Loch_Raven,Baetisca,0
Recipient_Cage_13,Recipient_11,Recipient,Fall,Rock,Loch_Raven,Simulium,1
Recipient_Cage_13,Recipient_11,Recipient,Fall,Rock,Loch_Raven,Isoperla,0
Recipient_Cage_13,Recipient_11,Recipient,Fall,Rock,Loch_Raven,Dixa,0
Recipient_Cage_13,Recipient_11,Recipient,Fall,Rock,Loch_Raven,Tropisternus,0
Recipient_Cage_13,Recipient_11,Recipient,Fall,Rock,Loch_Raven,Anchytarsus,0
Recipient_Cage_13,Recipient_11,Recipient,Fall,Rock,Loch_Raven,Psilotreta,0
Recipient_Cage_13,Recipient_11,Recipient,Fall,Rock,Loch_Raven,Dubiraphia,0
Recipient_Cage_13,Recipient_11,Recipient,Fall,Rock,Loch_Raven,Ptilostomis,0
Recipient_Cage_13,Recipient_11,Recipient,Fall,Rock,Loch_Raven,Calopteryx,3
Recipient_Cage_13,Recipient_11,Recipient,Fall,Rock,Loch_Raven,Molanna,0
Recipient_Cage_13,Recipient_11,Recipient,Fall,Rock,Loch_Raven,Boyeria,0
Recipient_Cage_13,Recipient_11,Recipient,Fall,Rock,Loch_Raven,Leptophlebia,0
Recipient_Cage_13,Recipient_11,Recipient,Fall,Rock,Loch_Raven,Nyctiophylax,0
Recipient_Cage_13,Recipient_11,Recipient,Fall,Rock,Loch_Raven,Argia,0
Recipient_Cage_13,Recipient_11,Recipient,Fall,Rock,Loch_Raven,Rhyacophila,0
Recipient_Cage_13,Recipient_11,Recipient,Fall,Rock,Loch_Raven,Probezzia,0
Recipient_Cage_13,Recipient_11,Recipient,Fall,Rock,Loch_Raven,Neureclipsis,0
Recipient_Cage_13,Recipient_11,Recipient,Fall,Rock,Loch_Raven,Eurylophella,0
Recipient_Cage_13,Recipient_11,Recipient,Fall,Rock,Loch_Raven,Glossosoma,0
Recipient_Cage_13,Recipient_11,Recipient,Fall,Rock,Loch_Raven,Rhagovelia,0
Recipient_Cage_13,Recipient_11,Recipient,Fall,Rock,Loch_Raven,Neophylax,0
Recipient_Cage_13,Recipient_11,Recipient,Fall,Rock,Loch_Raven,Microvelia,0
Recipient_Cage_13,Recipient_11,Recipient,Fall,Rock,Loch_Raven,Hydatophylax,0
Recipient_Cage_13,Recipient_11,Recipient,Fall,Rock,Loch_Raven,Antocha,0
Recipient_Cage_13,Recipient_11,Recipient,Fall,Rock,Loch_Raven,Lepidostoma,0
Recipient_Cage_13,Recipient_11,Recipient,Fall,Rock,Loch_Raven,Baetis,0
Recipient_Cage_13,Recipient_11,Recipient,Fall,Rock,Loch_Raven,Oecetis,0
Recipient_Cage_13,Recipient_11,Recipient,Fall,Rock,Loch_Raven,Ironoquia,0
Recipient_Cage_13,Recipient_11,Recipient,Fall,Rock,Loch_Raven,Timpanoga,0
Recipient_Cage_13,Recipient_11,Recipient,Fall,Rock,Loch_Raven,Polycentropus,0
Recipient_Cage_13,Recipient_11,Recipient,Fall,Rock,Loch_Raven,Amphinemura,0
Recipient_Cage_13,Recipient_11,Recipient,Fall,Rock,Loch_Raven,Penelomax,0
Recipient_Cage_13,Recipient_11,Recipient,Fall,Rock,Loch_Raven,Ephemerella,0
Recipient_Cage_13,Recipient_11,Recipient,Fall,Rock,Loch_Raven,Hemerodromia,0
Recipient_Cage_13,Recipient_11,Recipient,Fall,Rock,Loch_Raven,Shipsa,0
Recipient_Cage_13,Recipient_11,Recipient,Fall,Rock,Loch_Raven,Helichus,0
Recipient_Cage_13,Recipient_11,Recipient,Fall,Rock,Loch_Raven,Neoleptophlebia,0
Recipient_Cage_13,Recipient_11,Recipient,Fall,Rock,Loch_Raven,Attenella,0
Recipient_Cage_13,Recipient_11,Recipient,Fall,Rock,Loch_Raven,Entomobryidae,0
Recipient_Cage_13,Recipient_11,Recipient,Fall,Rock,Loch_Raven,Heptageniidae,0
Recipient_Cage_13,Recipient_11,Recipient,Fall,Rock,Loch_Raven,Aeshna,0
Recipient_Cage_13,Recipient_11,Recipient,Fall,Rock,Loch_Raven,Crambidae,0
Recipient_Cage_13,Recipient_11,Recipient,Fall,Rock,Loch_Raven,Teloganopsis,0
Recipient_Cage_13,Recipient_11,Recipient,Fall,Rock,Loch_Raven,Leptoceridae,0
Recipient_Cage_13,Recipient_11,Recipient,Fall,Rock,Loch_Raven,Pycnopsyche,0
Recipient_Cage_13,Recipient_11,Recipient,Fall,Rock,Loch_Raven,Triaenodes,0
Recipient_Cage_13,Recipient_11,Recipient,Fall,Rock,Loch_Raven,Serratella,0
Recipient_Cage_13,Recipient_11,Recipient,Fall,Rock,Loch_Raven,Optioservus,0
Recipient_Cage_13,Recipient_11,Recipient,Fall,Rock,Loch_Raven,Hydrachnidia,0
Recipient_Cage_13,Recipient_11,Recipient,Fall,Rock,Loch_Raven,Polymitarcyidae,0
Recipient_Cage_13,Recipient_11,Recipient,Fall,Rock,Loch_Raven,Cambarus,0
Recipient_Cage_13,Recipient_11,Recipient,Fall,Rock,Loch_Raven,Ancyronyx,0
Recipient_Cage_13,Recipient_11,Recipient,Fall,Rock,Loch_Raven,Gammarus,0
Recipient_Cage_13,Recipient_11,Recipient,Fall,Rock,Loch_Raven,Neoperla,0
Recipient_Cage_14,Recipient_11,Recipient,Fall,Rock,Loch_Raven,Allocapnia,105
Recipient_Cage_14,Recipient_11,Recipient,Fall,Rock,Loch_Raven,Maccaffertium,54
Recipient_Cage_14,Recipient_11,Recipient,Fall,Rock,Loch_Raven,Chironomidae,142
Recipient_Cage_14,Recipient_11,Recipient,Fall,Rock,Loch_Raven,Tipula,1
Recipient_Cage_14,Recipient_11,Recipient,Fall,Rock,Loch_Raven,Dolophilodes,0
Recipient_Cage_14,Recipient_11,Recipient,Fall,Rock,Loch_Raven,Cheumatopsyche,3
Recipient_Cage_14,Recipient_11,Recipient,Fall,Rock,Loch_Raven,Isonychia,1
Recipient_Cage_14,Recipient_11,Recipient,Fall,Rock,Loch_Raven,Plectrocnemia,1
Recipient_Cage_14,Recipient_11,Recipient,Fall,Rock,Loch_Raven,Chimarra,2
Recipient_Cage_14,Recipient_11,Recipient,Fall,Rock,Loch_Raven,Nigronia,0
Recipient_Cage_14,Recipient_11,Recipient,Fall,Rock,Loch_Raven,Ameletus,0
Recipient_Cage_14,Recipient_11,Recipient,Fall,Rock,Loch_Raven,Diplectrona,0
Recipient_Cage_14,Recipient_11,Recipient,Fall,Rock,Loch_Raven,Eccoptura,0
Recipient_Cage_14,Recipient_11,Recipient,Fall,Rock,Loch_Raven,Hydropsyche,0
Recipient_Cage_14,Recipient_11,Recipient,Fall,Rock,Loch_Raven,Baetisca,0
Recipient_Cage_14,Recipient_11,Recipient,Fall,Rock,Loch_Raven,Simulium,0
Recipient_Cage_14,Recipient_11,Recipient,Fall,Rock,Loch_Raven,Isoperla,0
Recipient_Cage_14,Recipient_11,Recipient,Fall,Rock,Loch_Raven,Dixa,0
Recipient_Cage_14,Recipient_11,Recipient,Fall,Rock,Loch_Raven,Tropisternus,0
Recipient_Cage_14,Recipient_11,Recipient,Fall,Rock,Loch_Raven,Anchytarsus,0
Recipient_Cage_14,Recipient_11,Recipient,Fall,Rock,Loch_Raven,Psilotreta,0
Recipient_Cage_14,Recipient_11,Recipient,Fall,Rock,Loch_Raven,Dubiraphia,0
Recipient_Cage_14,Recipient_11,Recipient,Fall,Rock,Loch_Raven,Ptilostomis,0
Recipient_Cage_14,Recipient_11,Recipient,Fall,Rock,Loch_Raven,Calopteryx,0
Recipient_Cage_14,Recipient_11,Recipient,Fall,Rock,Loch_Raven,Molanna,0
Recipient_Cage_14,Recipient_11,Recipient,Fall,Rock,Loch_Raven,Boyeria,0
Recipient_Cage_14,Recipient_11,Recipient,Fall,Rock,Loch_Raven,Leptophlebia,0
Recipient_Cage_14,Recipient_11,Recipient,Fall,Rock,Loch_Raven,Nyctiophylax,0
Recipient_Cage_14,Recipient_11,Recipient,Fall,Rock,Loch_Raven,Argia,0
Recipient_Cage_14,Recipient_11,Recipient,Fall,Rock,Loch_Raven,Rhyacophila,0
Recipient_Cage_14,Recipient_11,Recipient,Fall,Rock,Loch_Raven,Probezzia,0
Recipient_Cage_14,Recipient_11,Recipient,Fall,Rock,Loch_Raven,Neureclipsis,0
Recipient_Cage_14,Recipient_11,Recipient,Fall,Rock,Loch_Raven,Eurylophella,3
Recipient_Cage_14,Recipient_11,Recipient,Fall,Rock,Loch_Raven,Glossosoma,0
Recipient_Cage_14,Recipient_11,Recipient,Fall,Rock,Loch_Raven,Rhagovelia,0
Recipient_Cage_14,Recipient_11,Recipient,Fall,Rock,Loch_Raven,Neophylax,0
Recipient_Cage_14,Recipient_11,Recipient,Fall,Rock,Loch_Raven,Microvelia,0
Recipient_Cage_14,Recipient_11,Recipient,Fall,Rock,Loch_Raven,Hydatophylax,0
Recipient_Cage_14,Recipient_11,Recipient,Fall,Rock,Loch_Raven,Antocha,0
Recipient_Cage_14,Recipient_11,Recipient,Fall,Rock,Loch_Raven,Lepidostoma,0
Recipient_Cage_14,Recipient_11,Recipient,Fall,Rock,Loch_Raven,Baetis,0
Recipient_Cage_14,Recipient_11,Recipient,Fall,Rock,Loch_Raven,Oecetis,0
Recipient_Cage_14,Recipient_11,Recipient,Fall,Rock,Loch_Raven,Ironoquia,0
Recipient_Cage_14,Recipient_11,Recipient,Fall,Rock,Loch_Raven,Timpanoga,0
Recipient_Cage_14,Recipient_11,Recipient,Fall,Rock,Loch_Raven,Polycentropus,0
Recipient_Cage_14,Recipient_11,Recipient,Fall,Rock,Loch_Raven,Amphinemura,0
Recipient_Cage_14,Recipient_11,Recipient,Fall,Rock,Loch_Raven,Penelomax,0
Recipient_Cage_14,Recipient_11,Recipient,Fall,Rock,Loch_Raven,Ephemerella,0
Recipient_Cage_14,Recipient_11,Recipient,Fall,Rock,Loch_Raven,Hemerodromia,0
Recipient_Cage_14,Recipient_11,Recipient,Fall,Rock,Loch_Raven,Shipsa,0
Recipient_Cage_14,Recipient_11,Recipient,Fall,Rock,Loch_Raven,Helichus,0
Recipient_Cage_14,Recipient_11,Recipient,Fall,Rock,Loch_Raven,Neoleptophlebia,0
Recipient_Cage_14,Recipient_11,Recipient,Fall,Rock,Loch_Raven,Attenella,0
Recipient_Cage_14,Recipient_11,Recipient,Fall,Rock,Loch_Raven,Entomobryidae,0
Recipient_Cage_14,Recipient_11,Recipient,Fall,Rock,Loch_Raven,Heptageniidae,0
Recipient_Cage_14,Recipient_11,Recipient,Fall,Rock,Loch_Raven,Aeshna,0
Recipient_Cage_14,Recipient_11,Recipient,Fall,Rock,Loch_Raven,Crambidae,0
Recipient_Cage_14,Recipient_11,Recipient,Fall,Rock,Loch_Raven,Teloganopsis,0
Recipient_Cage_14,Recipient_11,Recipient,Fall,Rock,Loch_Raven,Leptoceridae,0
Recipient_Cage_14,Recipient_11,Recipient,Fall,Rock,Loch_Raven,Pycnopsyche,0
Recipient_Cage_14,Recipient_11,Recipient,Fall,Rock,Loch_Raven,Triaenodes,0
Recipient_Cage_14,Recipient_11,Recipient,Fall,Rock,Loch_Raven,Serratella,0
Recipient_Cage_14,Recipient_11,Recipient,Fall,Rock,Loch_Raven,Optioservus,0
Recipient_Cage_14,Recipient_11,Recipient,Fall,Rock,Loch_Raven,Hydrachnidia,0
Recipient_Cage_14,Recipient_11,Recipient,Fall,Rock,Loch_Raven,Polymitarcyidae,0
Recipient_Cage_14,Recipient_11,Recipient,Fall,Rock,Loch_Raven,Cambarus,0
Recipient_Cage_14,Recipient_11,Recipient,Fall,Rock,Loch_Raven,Ancyronyx,0
Recipient_Cage_14,Recipient_11,Recipient,Fall,Rock,Loch_Raven,Gammarus,0
Recipient_Cage_14,Recipient_11,Recipient,Fall,Rock,Loch_Raven,Neoperla,0
Recipient_Cage_14,Recipient_11,Recipient,Fall,Leaf,Loch_Raven,Allocapnia,90
Recipient_Cage_14,Recipient_11,Recipient,Fall,Leaf,Loch_Raven,Maccaffertium,17
Recipient_Cage_14,Recipient_11,Recipient,Fall,Leaf,Loch_Raven,Chironomidae,139
Recipient_Cage_14,Recipient_11,Recipient,Fall,Leaf,Loch_Raven,Tipula,2
Recipient_Cage_14,Recipient_11,Recipient,Fall,Leaf,Loch_Raven,Dolophilodes,0
Recipient_Cage_14,Recipient_11,Recipient,Fall,Leaf,Loch_Raven,Cheumatopsyche,3
Recipient_Cage_14,Recipient_11,Recipient,Fall,Leaf,Loch_Raven,Isonychia,1
Recipient_Cage_14,Recipient_11,Recipient,Fall,Leaf,Loch_Raven,Plectrocnemia,0
Recipient_Cage_14,Recipient_11,Recipient,Fall,Leaf,Loch_Raven,Chimarra,2
Recipient_Cage_14,Recipient_11,Recipient,Fall,Leaf,Loch_Raven,Nigronia,1
Recipient_Cage_14,Recipient_11,Recipient,Fall,Leaf,Loch_Raven,Ameletus,0
Recipient_Cage_14,Recipient_11,Recipient,Fall,Leaf,Loch_Raven,Diplectrona,0
Recipient_Cage_14,Recipient_11,Recipient,Fall,Leaf,Loch_Raven,Eccoptura,0
Recipient_Cage_14,Recipient_11,Recipient,Fall,Leaf,Loch_Raven,Hydropsyche,0
Recipient_Cage_14,Recipient_11,Recipient,Fall,Leaf,Loch_Raven,Baetisca,0
Recipient_Cage_14,Recipient_11,Recipient,Fall,Leaf,Loch_Raven,Simulium,0
Recipient_Cage_14,Recipient_11,Recipient,Fall,Leaf,Loch_Raven,Isoperla,0
Recipient_Cage_14,Recipient_11,Recipient,Fall,Leaf,Loch_Raven,Dixa,0
Recipient_Cage_14,Recipient_11,Recipient,Fall,Leaf,Loch_Raven,Tropisternus,1
Recipient_Cage_14,Recipient_11,Recipient,Fall,Leaf,Loch_Raven,Anchytarsus,0
Recipient_Cage_14,Recipient_11,Recipient,Fall,Leaf,Loch_Raven,Psilotreta,0
Recipient_Cage_14,Recipient_11,Recipient,Fall,Leaf,Loch_Raven,Dubiraphia,0
Recipient_Cage_14,Recipient_11,Recipient,Fall,Leaf,Loch_Raven,Ptilostomis,0
Recipient_Cage_14,Recipient_11,Recipient,Fall,Leaf,Loch_Raven,Calopteryx,0
Recipient_Cage_14,Recipient_11,Recipient,Fall,Leaf,Loch_Raven,Molanna,0
Recipient_Cage_14,Recipient_11,Recipient,Fall,Leaf,Loch_Raven,Boyeria,0
Recipient_Cage_14,Recipient_11,Recipient,Fall,Leaf,Loch_Raven,Leptophlebia,1
Recipient_Cage_14,Recipient_11,Recipient,Fall,Leaf,Loch_Raven,Nyctiophylax,0
Recipient_Cage_14,Recipient_11,Recipient,Fall,Leaf,Loch_Raven,Argia,0
Recipient_Cage_14,Recipient_11,Recipient,Fall,Leaf,Loch_Raven,Rhyacophila,0
Recipient_Cage_14,Recipient_11,Recipient,Fall,Leaf,Loch_Raven,Probezzia,0
Recipient_Cage_14,Recipient_11,Recipient,Fall,Leaf,Loch_Raven,Neureclipsis,0
Recipient_Cage_14,Recipient_11,Recipient,Fall,Leaf,Loch_Raven,Eurylophella,2
Recipient_Cage_14,Recipient_11,Recipient,Fall,Leaf,Loch_Raven,Glossosoma,0
Recipient_Cage_14,Recipient_11,Recipient,Fall,Leaf,Loch_Raven,Rhagovelia,0
Recipient_Cage_14,Recipient_11,Recipient,Fall,Leaf,Loch_Raven,Neophylax,0
Recipient_Cage_14,Recipient_11,Recipient,Fall,Leaf,Loch_Raven,Microvelia,0
Recipient_Cage_14,Recipient_11,Recipient,Fall,Leaf,Loch_Raven,Hydatophylax,1
Recipient_Cage_14,Recipient_11,Recipient,Fall,Leaf,Loch_Raven,Antocha,0
Recipient_Cage_14,Recipient_11,Recipient,Fall,Leaf,Loch_Raven,Lepidostoma,0
Recipient_Cage_14,Recipient_11,Recipient,Fall,Leaf,Loch_Raven,Baetis,0
Recipient_Cage_14,Recipient_11,Recipient,Fall,Leaf,Loch_Raven,Oecetis,0
Recipient_Cage_14,Recipient_11,Recipient,Fall,Leaf,Loch_Raven,Ironoquia,0
Recipient_Cage_14,Recipient_11,Recipient,Fall,Leaf,Loch_Raven,Timpanoga,0
Recipient_Cage_14,Recipient_11,Recipient,Fall,Leaf,Loch_Raven,Polycentropus,0
Recipient_Cage_14,Recipient_11,Recipient,Fall,Leaf,Loch_Raven,Amphinemura,0
Recipient_Cage_14,Recipient_11,Recipient,Fall,Leaf,Loch_Raven,Penelomax,0
Recipient_Cage_14,Recipient_11,Recipient,Fall,Leaf,Loch_Raven,Ephemerella,0
Recipient_Cage_14,Recipient_11,Recipient,Fall,Leaf,Loch_Raven,Hemerodromia,0
Recipient_Cage_14,Recipient_11,Recipient,Fall,Leaf,Loch_Raven,Shipsa,0
Recipient_Cage_14,Recipient_11,Recipient,Fall,Leaf,Loch_Raven,Helichus,0
Recipient_Cage_14,Recipient_11,Recipient,Fall,Leaf,Loch_Raven,Neoleptophlebia,0
Recipient_Cage_14,Recipient_11,Recipient,Fall,Leaf,Loch_Raven,Attenella,0
Recipient_Cage_14,Recipient_11,Recipient,Fall,Leaf,Loch_Raven,Entomobryidae,0
Recipient_Cage_14,Recipient_11,Recipient,Fall,Leaf,Loch_Raven,Heptageniidae,0
Recipient_Cage_14,Recipient_11,Recipient,Fall,Leaf,Loch_Raven,Aeshna,0
Recipient_Cage_14,Recipient_11,Recipient,Fall,Leaf,Loch_Raven,Crambidae,0
Recipient_Cage_14,Recipient_11,Recipient,Fall,Leaf,Loch_Raven,Teloganopsis,0
Recipient_Cage_14,Recipient_11,Recipient,Fall,Leaf,Loch_Raven,Leptoceridae,0
Recipient_Cage_14,Recipient_11,Recipient,Fall,Leaf,Loch_Raven,Pycnopsyche,0
Recipient_Cage_14,Recipient_11,Recipient,Fall,Leaf,Loch_Raven,Triaenodes,0
Recipient_Cage_14,Recipient_11,Recipient,Fall,Leaf,Loch_Raven,Serratella,0
Recipient_Cage_14,Recipient_11,Recipient,Fall,Leaf,Loch_Raven,Optioservus,0
Recipient_Cage_14,Recipient_11,Recipient,Fall,Leaf,Loch_Raven,Hydrachnidia,0
Recipient_Cage_14,Recipient_11,Recipient,Fall,Leaf,Loch_Raven,Polymitarcyidae,0
Recipient_Cage_14,Recipient_11,Recipient,Fall,Leaf,Loch_Raven,Cambarus,0
Recipient_Cage_14,Recipient_11,Recipient,Fall,Leaf,Loch_Raven,Ancyronyx,0
Recipient_Cage_14,Recipient_11,Recipient,Fall,Leaf,Loch_Raven,Gammarus,0
Recipient_Cage_14,Recipient_11,Recipient,Fall,Leaf,Loch_Raven,Neoperla,0
Recipient_Cage_15,Recipient_11,Recipient,Fall,Leaf,Loch_Raven,Allocapnia,63
Recipient_Cage_15,Recipient_11,Recipient,Fall,Leaf,Loch_Raven,Maccaffertium,4
Recipient_Cage_15,Recipient_11,Recipient,Fall,Leaf,Loch_Raven,Chironomidae,85
Recipient_Cage_15,Recipient_11,Recipient,Fall,Leaf,Loch_Raven,Tipula,1
Recipient_Cage_15,Recipient_11,Recipient,Fall,Leaf,Loch_Raven,Dolophilodes,0
Recipient_Cage_15,Recipient_11,Recipient,Fall,Leaf,Loch_Raven,Cheumatopsyche,2
Recipient_Cage_15,Recipient_11,Recipient,Fall,Leaf,Loch_Raven,Isonychia,0
Recipient_Cage_15,Recipient_11,Recipient,Fall,Leaf,Loch_Raven,Plectrocnemia,2
Recipient_Cage_15,Recipient_11,Recipient,Fall,Leaf,Loch_Raven,Chimarra,0
Recipient_Cage_15,Recipient_11,Recipient,Fall,Leaf,Loch_Raven,Nigronia,0
Recipient_Cage_15,Recipient_11,Recipient,Fall,Leaf,Loch_Raven,Ameletus,0
Recipient_Cage_15,Recipient_11,Recipient,Fall,Leaf,Loch_Raven,Diplectrona,0
Recipient_Cage_15,Recipient_11,Recipient,Fall,Leaf,Loch_Raven,Eccoptura,0
Recipient_Cage_15,Recipient_11,Recipient,Fall,Leaf,Loch_Raven,Hydropsyche,0
Recipient_Cage_15,Recipient_11,Recipient,Fall,Leaf,Loch_Raven,Baetisca,0
Recipient_Cage_15,Recipient_11,Recipient,Fall,Leaf,Loch_Raven,Simulium,0
Recipient_Cage_15,Recipient_11,Recipient,Fall,Leaf,Loch_Raven,Isoperla,0
Recipient_Cage_15,Recipient_11,Recipient,Fall,Leaf,Loch_Raven,Dixa,0
Recipient_Cage_15,Recipient_11,Recipient,Fall,Leaf,Loch_Raven,Tropisternus,0
Recipient_Cage_15,Recipient_11,Recipient,Fall,Leaf,Loch_Raven,Anchytarsus,0
Recipient_Cage_15,Recipient_11,Recipient,Fall,Leaf,Loch_Raven,Psilotreta,0
Recipient_Cage_15,Recipient_11,Recipient,Fall,Leaf,Loch_Raven,Dubiraphia,0
Recipient_Cage_15,Recipient_11,Recipient,Fall,Leaf,Loch_Raven,Ptilostomis,0
Recipient_Cage_15,Recipient_11,Recipient,Fall,Leaf,Loch_Raven,Calopteryx,1
Recipient_Cage_15,Recipient_11,Recipient,Fall,Leaf,Loch_Raven,Molanna,0
Recipient_Cage_15,Recipient_11,Recipient,Fall,Leaf,Loch_Raven,Boyeria,0
Recipient_Cage_15,Recipient_11,Recipient,Fall,Leaf,Loch_Raven,Leptophlebia,0
Recipient_Cage_15,Recipient_11,Recipient,Fall,Leaf,Loch_Raven,Nyctiophylax,0
Recipient_Cage_15,Recipient_11,Recipient,Fall,Leaf,Loch_Raven,Argia,0
Recipient_Cage_15,Recipient_11,Recipient,Fall,Leaf,Loch_Raven,Rhyacophila,0
Recipient_Cage_15,Recipient_11,Recipient,Fall,Leaf,Loch_Raven,Probezzia,0
Recipient_Cage_15,Recipient_11,Recipient,Fall,Leaf,Loch_Raven,Neureclipsis,0
Recipient_Cage_15,Recipient_11,Recipient,Fall,Leaf,Loch_Raven,Eurylophella,0
Recipient_Cage_15,Recipient_11,Recipient,Fall,Leaf,Loch_Raven,Glossosoma,0
Recipient_Cage_15,Recipient_11,Recipient,Fall,Leaf,Loch_Raven,Rhagovelia,0
Recipient_Cage_15,Recipient_11,Recipient,Fall,Leaf,Loch_Raven,Neophylax,0
Recipient_Cage_15,Recipient_11,Recipient,Fall,Leaf,Loch_Raven,Microvelia,0
Recipient_Cage_15,Recipient_11,Recipient,Fall,Leaf,Loch_Raven,Hydatophylax,0
Recipient_Cage_15,Recipient_11,Recipient,Fall,Leaf,Loch_Raven,Antocha,0
Recipient_Cage_15,Recipient_11,Recipient,Fall,Leaf,Loch_Raven,Lepidostoma,0
Recipient_Cage_15,Recipient_11,Recipient,Fall,Leaf,Loch_Raven,Baetis,0
Recipient_Cage_15,Recipient_11,Recipient,Fall,Leaf,Loch_Raven,Oecetis,0
Recipient_Cage_15,Recipient_11,Recipient,Fall,Leaf,Loch_Raven,Ironoquia,0
Recipient_Cage_15,Recipient_11,Recipient,Fall,Leaf,Loch_Raven,Timpanoga,0
Recipient_Cage_15,Recipient_11,Recipient,Fall,Leaf,Loch_Raven,Polycentropus,0
Recipient_Cage_15,Recipient_11,Recipient,Fall,Leaf,Loch_Raven,Amphinemura,0
Recipient_Cage_15,Recipient_11,Recipient,Fall,Leaf,Loch_Raven,Penelomax,0
Recipient_Cage_15,Recipient_11,Recipient,Fall,Leaf,Loch_Raven,Ephemerella,0
Recipient_Cage_15,Recipient_11,Recipient,Fall,Leaf,Loch_Raven,Hemerodromia,0
Recipient_Cage_15,Recipient_11,Recipient,Fall,Leaf,Loch_Raven,Shipsa,0
Recipient_Cage_15,Recipient_11,Recipient,Fall,Leaf,Loch_Raven,Helichus,0
Recipient_Cage_15,Recipient_11,Recipient,Fall,Leaf,Loch_Raven,Neoleptophlebia,0
Recipient_Cage_15,Recipient_11,Recipient,Fall,Leaf,Loch_Raven,Attenella,0
Recipient_Cage_15,Recipient_11,Recipient,Fall,Leaf,Loch_Raven,Entomobryidae,0
Recipient_Cage_15,Recipient_11,Recipient,Fall,Leaf,Loch_Raven,Heptageniidae,0
Recipient_Cage_15,Recipient_11,Recipient,Fall,Leaf,Loch_Raven,Aeshna,0
Recipient_Cage_15,Recipient_11,Recipient,Fall,Leaf,Loch_Raven,Crambidae,0
Recipient_Cage_15,Recipient_11,Recipient,Fall,Leaf,Loch_Raven,Teloganopsis,0
Recipient_Cage_15,Recipient_11,Recipient,Fall,Leaf,Loch_Raven,Leptoceridae,0
Recipient_Cage_15,Recipient_11,Recipient,Fall,Leaf,Loch_Raven,Pycnopsyche,0
Recipient_Cage_15,Recipient_11,Recipient,Fall,Leaf,Loch_Raven,Triaenodes,0
Recipient_Cage_15,Recipient_11,Recipient,Fall,Leaf,Loch_Raven,Serratella,0
Recipient_Cage_15,Recipient_11,Recipient,Fall,Leaf,Loch_Raven,Optioservus,0
Recipient_Cage_15,Recipient_11,Recipient,Fall,Leaf,Loch_Raven,Hydrachnidia,0
Recipient_Cage_15,Recipient_11,Recipient,Fall,Leaf,Loch_Raven,Polymitarcyidae,0
Recipient_Cage_15,Recipient_11,Recipient,Fall,Leaf,Loch_Raven,Cambarus,0
Recipient_Cage_15,Recipient_11,Recipient,Fall,Leaf,Loch_Raven,Ancyronyx,0
Recipient_Cage_15,Recipient_11,Recipient,Fall,Leaf,Loch_Raven,Gammarus,0
Recipient_Cage_15,Recipient_11,Recipient,Fall,Leaf,Loch_Raven,Neoperla,0
Recipient_Cage_15,Recipient_11,Recipient,Fall,Rock,Loch_Raven,Allocapnia,28
Recipient_Cage_15,Recipient_11,Recipient,Fall,Rock,Loch_Raven,Maccaffertium,11
Recipient_Cage_15,Recipient_11,Recipient,Fall,Rock,Loch_Raven,Chironomidae,115
Recipient_Cage_15,Recipient_11,Recipient,Fall,Rock,Loch_Raven,Tipula,3
Recipient_Cage_15,Recipient_11,Recipient,Fall,Rock,Loch_Raven,Dolophilodes,0
Recipient_Cage_15,Recipient_11,Recipient,Fall,Rock,Loch_Raven,Cheumatopsyche,27
Recipient_Cage_15,Recipient_11,Recipient,Fall,Rock,Loch_Raven,Isonychia,0
Recipient_Cage_15,Recipient_11,Recipient,Fall,Rock,Loch_Raven,Plectrocnemia,0
Recipient_Cage_15,Recipient_11,Recipient,Fall,Rock,Loch_Raven,Chimarra,33
Recipient_Cage_15,Recipient_11,Recipient,Fall,Rock,Loch_Raven,Nigronia,0
Recipient_Cage_15,Recipient_11,Recipient,Fall,Rock,Loch_Raven,Ameletus,0
Recipient_Cage_15,Recipient_11,Recipient,Fall,Rock,Loch_Raven,Diplectrona,0
Recipient_Cage_15,Recipient_11,Recipient,Fall,Rock,Loch_Raven,Eccoptura,0
Recipient_Cage_15,Recipient_11,Recipient,Fall,Rock,Loch_Raven,Hydropsyche,12
Recipient_Cage_15,Recipient_11,Recipient,Fall,Rock,Loch_Raven,Baetisca,0
Recipient_Cage_15,Recipient_11,Recipient,Fall,Rock,Loch_Raven,Simulium,0
Recipient_Cage_15,Recipient_11,Recipient,Fall,Rock,Loch_Raven,Isoperla,0
Recipient_Cage_15,Recipient_11,Recipient,Fall,Rock,Loch_Raven,Dixa,0
Recipient_Cage_15,Recipient_11,Recipient,Fall,Rock,Loch_Raven,Tropisternus,0
Recipient_Cage_15,Recipient_11,Recipient,Fall,Rock,Loch_Raven,Anchytarsus,0
Recipient_Cage_15,Recipient_11,Recipient,Fall,Rock,Loch_Raven,Psilotreta,0
Recipient_Cage_15,Recipient_11,Recipient,Fall,Rock,Loch_Raven,Dubiraphia,0
Recipient_Cage_15,Recipient_11,Recipient,Fall,Rock,Loch_Raven,Ptilostomis,0
Recipient_Cage_15,Recipient_11,Recipient,Fall,Rock,Loch_Raven,Calopteryx,0
Recipient_Cage_15,Recipient_11,Recipient,Fall,Rock,Loch_Raven,Molanna,0
Recipient_Cage_15,Recipient_11,Recipient,Fall,Rock,Loch_Raven,Boyeria,0
Recipient_Cage_15,Recipient_11,Recipient,Fall,Rock,Loch_Raven,Leptophlebia,0
Recipient_Cage_15,Recipient_11,Recipient,Fall,Rock,Loch_Raven,Nyctiophylax,0
Recipient_Cage_15,Recipient_11,Recipient,Fall,Rock,Loch_Raven,Argia,0
Recipient_Cage_15,Recipient_11,Recipient,Fall,Rock,Loch_Raven,Rhyacophila,0
Recipient_Cage_15,Recipient_11,Recipient,Fall,Rock,Loch_Raven,Probezzia,0
Recipient_Cage_15,Recipient_11,Recipient,Fall,Rock,Loch_Raven,Neureclipsis,0
Recipient_Cage_15,Recipient_11,Recipient,Fall,Rock,Loch_Raven,Eurylophella,3
Recipient_Cage_15,Recipient_11,Recipient,Fall,Rock,Loch_Raven,Glossosoma,0
Recipient_Cage_15,Recipient_11,Recipient,Fall,Rock,Loch_Raven,Rhagovelia,0
Recipient_Cage_15,Recipient_11,Recipient,Fall,Rock,Loch_Raven,Neophylax,0
Recipient_Cage_15,Recipient_11,Recipient,Fall,Rock,Loch_Raven,Microvelia,0
Recipient_Cage_15,Recipient_11,Recipient,Fall,Rock,Loch_Raven,Hydatophylax,0
Recipient_Cage_15,Recipient_11,Recipient,Fall,Rock,Loch_Raven,Antocha,0
Recipient_Cage_15,Recipient_11,Recipient,Fall,Rock,Loch_Raven,Lepidostoma,0
Recipient_Cage_15,Recipient_11,Recipient,Fall,Rock,Loch_Raven,Baetis,0
Recipient_Cage_15,Recipient_11,Recipient,Fall,Rock,Loch_Raven,Oecetis,0
Recipient_Cage_15,Recipient_11,Recipient,Fall,Rock,Loch_Raven,Ironoquia,0
Recipient_Cage_15,Recipient_11,Recipient,Fall,Rock,Loch_Raven,Timpanoga,0
Recipient_Cage_15,Recipient_11,Recipient,Fall,Rock,Loch_Raven,Polycentropus,0
Recipient_Cage_15,Recipient_11,Recipient,Fall,Rock,Loch_Raven,Amphinemura,0
Recipient_Cage_15,Recipient_11,Recipient,Fall,Rock,Loch_Raven,Penelomax,0
Recipient_Cage_15,Recipient_11,Recipient,Fall,Rock,Loch_Raven,Ephemerella,0
Recipient_Cage_15,Recipient_11,Recipient,Fall,Rock,Loch_Raven,Hemerodromia,0
Recipient_Cage_15,Recipient_11,Recipient,Fall,Rock,Loch_Raven,Shipsa,0
Recipient_Cage_15,Recipient_11,Recipient,Fall,Rock,Loch_Raven,Helichus,0
Recipient_Cage_15,Recipient_11,Recipient,Fall,Rock,Loch_Raven,Neoleptophlebia,0
Recipient_Cage_15,Recipient_11,Recipient,Fall,Rock,Loch_Raven,Attenella,0
Recipient_Cage_15,Recipient_11,Recipient,Fall,Rock,Loch_Raven,Entomobryidae,0
Recipient_Cage_15,Recipient_11,Recipient,Fall,Rock,Loch_Raven,Heptageniidae,0
Recipient_Cage_15,Recipient_11,Recipient,Fall,Rock,Loch_Raven,Aeshna,0
Recipient_Cage_15,Recipient_11,Recipient,Fall,Rock,Loch_Raven,Crambidae,0
Recipient_Cage_15,Recipient_11,Recipient,Fall,Rock,Loch_Raven,Teloganopsis,0
Recipient_Cage_15,Recipient_11,Recipient,Fall,Rock,Loch_Raven,Leptoceridae,0
Recipient_Cage_15,Recipient_11,Recipient,Fall,Rock,Loch_Raven,Pycnopsyche,0
Recipient_Cage_15,Recipient_11,Recipient,Fall,Rock,Loch_Raven,Triaenodes,0
Recipient_Cage_15,Recipient_11,Recipient,Fall,Rock,Loch_Raven,Serratella,0
Recipient_Cage_15,Recipient_11,Recipient,Fall,Rock,Loch_Raven,Optioservus,0
Recipient_Cage_15,Recipient_11,Recipient,Fall,Rock,Loch_Raven,Hydrachnidia,0
Recipient_Cage_15,Recipient_11,Recipient,Fall,Rock,Loch_Raven,Polymitarcyidae,0
Recipient_Cage_15,Recipient_11,Recipient,Fall,Rock,Loch_Raven,Cambarus,0
Recipient_Cage_15,Recipient_11,Recipient,Fall,Rock,Loch_Raven,Ancyronyx,0
Recipient_Cage_15,Recipient_11,Recipient,Fall,Rock,Loch_Raven,Gammarus,0
Recipient_Cage_15,Recipient_11,Recipient,Fall,Rock,Loch_Raven,Neoperla,0
Donor_Cage_01,Donor_02,Donor,Spring,Leaf,Potomac_River,Allocapnia,0
Donor_Cage_01,Donor_02,Donor,Spring,Leaf,Potomac_River,Maccaffertium,1
Donor_Cage_01,Donor_02,Donor,Spring,Leaf,Potomac_River,Chironomidae,300
Donor_Cage_01,Donor_02,Donor,Spring,Leaf,Potomac_River,Tipula,0
Donor_Cage_01,Donor_02,Donor,Spring,Leaf,Potomac_River,Dolophilodes,0
Donor_Cage_01,Donor_02,Donor,Spring,Leaf,Potomac_River,Cheumatopsyche,0
Donor_Cage_01,Donor_02,Donor,Spring,Leaf,Potomac_River,Isonychia,0
Donor_Cage_01,Donor_02,Donor,Spring,Leaf,Potomac_River,Plectrocnemia,4
Donor_Cage_01,Donor_02,Donor,Spring,Leaf,Potomac_River,Chimarra,0
Donor_Cage_01,Donor_02,Donor,Spring,Leaf,Potomac_River,Nigronia,0
Donor_Cage_01,Donor_02,Donor,Spring,Leaf,Potomac_River,Ameletus,0
Donor_Cage_01,Donor_02,Donor,Spring,Leaf,Potomac_River,Diplectrona,0
Donor_Cage_01,Donor_02,Donor,Spring,Leaf,Potomac_River,Eccoptura,0
Donor_Cage_01,Donor_02,Donor,Spring,Leaf,Potomac_River,Hydropsyche,0
Donor_Cage_01,Donor_02,Donor,Spring,Leaf,Potomac_River,Baetisca,0
Donor_Cage_01,Donor_02,Donor,Spring,Leaf,Potomac_River,Simulium,0
Donor_Cage_01,Donor_02,Donor,Spring,Leaf,Potomac_River,Isoperla,0
Donor_Cage_01,Donor_02,Donor,Spring,Leaf,Potomac_River,Dixa,0
Donor_Cage_01,Donor_02,Donor,Spring,Leaf,Potomac_River,Tropisternus,0
Donor_Cage_01,Donor_02,Donor,Spring,Leaf,Potomac_River,Anchytarsus,0
Donor_Cage_01,Donor_02,Donor,Spring,Leaf,Potomac_River,Psilotreta,0
Donor_Cage_01,Donor_02,Donor,Spring,Leaf,Potomac_River,Dubiraphia,0
Donor_Cage_01,Donor_02,Donor,Spring,Leaf,Potomac_River,Ptilostomis,0
Donor_Cage_01,Donor_02,Donor,Spring,Leaf,Potomac_River,Calopteryx,0
Donor_Cage_01,Donor_02,Donor,Spring,Leaf,Potomac_River,Molanna,0
Donor_Cage_01,Donor_02,Donor,Spring,Leaf,Potomac_River,Boyeria,0
Donor_Cage_01,Donor_02,Donor,Spring,Leaf,Potomac_River,Leptophlebia,0
Donor_Cage_01,Donor_02,Donor,Spring,Leaf,Potomac_River,Nyctiophylax,0
Donor_Cage_01,Donor_02,Donor,Spring,Leaf,Potomac_River,Argia,0
Donor_Cage_01,Donor_02,Donor,Spring,Leaf,Potomac_River,Rhyacophila,0
Donor_Cage_01,Donor_02,Donor,Spring,Leaf,Potomac_River,Probezzia,0
Donor_Cage_01,Donor_02,Donor,Spring,Leaf,Potomac_River,Neureclipsis,0
Donor_Cage_01,Donor_02,Donor,Spring,Leaf,Potomac_River,Eurylophella,0
Donor_Cage_01,Donor_02,Donor,Spring,Leaf,Potomac_River,Glossosoma,0
Donor_Cage_01,Donor_02,Donor,Spring,Leaf,Potomac_River,Rhagovelia,0
Donor_Cage_01,Donor_02,Donor,Spring,Leaf,Potomac_River,Neophylax,0
Donor_Cage_01,Donor_02,Donor,Spring,Leaf,Potomac_River,Microvelia,0
Donor_Cage_01,Donor_02,Donor,Spring,Leaf,Potomac_River,Hydatophylax,0
Donor_Cage_01,Donor_02,Donor,Spring,Leaf,Potomac_River,Antocha,0
Donor_Cage_01,Donor_02,Donor,Spring,Leaf,Potomac_River,Lepidostoma,0
Donor_Cage_01,Donor_02,Donor,Spring,Leaf,Potomac_River,Baetis,0
Donor_Cage_01,Donor_02,Donor,Spring,Leaf,Potomac_River,Oecetis,0
Donor_Cage_01,Donor_02,Donor,Spring,Leaf,Potomac_River,Ironoquia,1
Donor_Cage_01,Donor_02,Donor,Spring,Leaf,Potomac_River,Timpanoga,1
Donor_Cage_01,Donor_02,Donor,Spring,Leaf,Potomac_River,Polycentropus,2
Donor_Cage_01,Donor_02,Donor,Spring,Leaf,Potomac_River,Amphinemura,2
Donor_Cage_01,Donor_02,Donor,Spring,Leaf,Potomac_River,Penelomax,0
Donor_Cage_01,Donor_02,Donor,Spring,Leaf,Potomac_River,Ephemerella,0
Donor_Cage_01,Donor_02,Donor,Spring,Leaf,Potomac_River,Hemerodromia,0
Donor_Cage_01,Donor_02,Donor,Spring,Leaf,Potomac_River,Shipsa,0
Donor_Cage_01,Donor_02,Donor,Spring,Leaf,Potomac_River,Helichus,0
Donor_Cage_01,Donor_02,Donor,Spring,Leaf,Potomac_River,Neoleptophlebia,0
Donor_Cage_01,Donor_02,Donor,Spring,Leaf,Potomac_River,Attenella,0
Donor_Cage_01,Donor_02,Donor,Spring,Leaf,Potomac_River,Entomobryidae,0
Donor_Cage_01,Donor_02,Donor,Spring,Leaf,Potomac_River,Heptageniidae,0
Donor_Cage_01,Donor_02,Donor,Spring,Leaf,Potomac_River,Aeshna,0
Donor_Cage_01,Donor_02,Donor,Spring,Leaf,Potomac_River,Crambidae,0
Donor_Cage_01,Donor_02,Donor,Spring,Leaf,Potomac_River,Teloganopsis,0
Donor_Cage_01,Donor_02,Donor,Spring,Leaf,Potomac_River,Leptoceridae,0
Donor_Cage_01,Donor_02,Donor,Spring,Leaf,Potomac_River,Pycnopsyche,0
Donor_Cage_01,Donor_02,Donor,Spring,Leaf,Potomac_River,Triaenodes,0
Donor_Cage_01,Donor_02,Donor,Spring,Leaf,Potomac_River,Serratella,0
Donor_Cage_01,Donor_02,Donor,Spring,Leaf,Potomac_River,Optioservus,0
Donor_Cage_01,Donor_02,Donor,Spring,Leaf,Potomac_River,Hydrachnidia,0
Donor_Cage_01,Donor_02,Donor,Spring,Leaf,Potomac_River,Polymitarcyidae,0
Donor_Cage_01,Donor_02,Donor,Spring,Leaf,Potomac_River,Cambarus,0
Donor_Cage_01,Donor_02,Donor,Spring,Leaf,Potomac_River,Ancyronyx,0
Donor_Cage_01,Donor_02,Donor,Spring,Leaf,Potomac_River,Gammarus,0
Donor_Cage_01,Donor_02,Donor,Spring,Leaf,Potomac_River,Neoperla,0
Donor_Cage_02,Donor_02,Donor,Spring,Leaf,Potomac_River,Allocapnia,0
Donor_Cage_02,Donor_02,Donor,Spring,Leaf,Potomac_River,Maccaffertium,3
Donor_Cage_02,Donor_02,Donor,Spring,Leaf,Potomac_River,Chironomidae,243
Donor_Cage_02,Donor_02,Donor,Spring,Leaf,Potomac_River,Tipula,2
Donor_Cage_02,Donor_02,Donor,Spring,Leaf,Potomac_River,Dolophilodes,0
Donor_Cage_02,Donor_02,Donor,Spring,Leaf,Potomac_River,Cheumatopsyche,0
Donor_Cage_02,Donor_02,Donor,Spring,Leaf,Potomac_River,Isonychia,1
Donor_Cage_02,Donor_02,Donor,Spring,Leaf,Potomac_River,Plectrocnemia,0
Donor_Cage_02,Donor_02,Donor,Spring,Leaf,Potomac_River,Chimarra,1
Donor_Cage_02,Donor_02,Donor,Spring,Leaf,Potomac_River,Nigronia,0
Donor_Cage_02,Donor_02,Donor,Spring,Leaf,Potomac_River,Ameletus,0
Donor_Cage_02,Donor_02,Donor,Spring,Leaf,Potomac_River,Diplectrona,0
Donor_Cage_02,Donor_02,Donor,Spring,Leaf,Potomac_River,Eccoptura,0
Donor_Cage_02,Donor_02,Donor,Spring,Leaf,Potomac_River,Hydropsyche,0
Donor_Cage_02,Donor_02,Donor,Spring,Leaf,Potomac_River,Baetisca,0
Donor_Cage_02,Donor_02,Donor,Spring,Leaf,Potomac_River,Simulium,1
Donor_Cage_02,Donor_02,Donor,Spring,Leaf,Potomac_River,Isoperla,0
Donor_Cage_02,Donor_02,Donor,Spring,Leaf,Potomac_River,Dixa,0
Donor_Cage_02,Donor_02,Donor,Spring,Leaf,Potomac_River,Tropisternus,0
Donor_Cage_02,Donor_02,Donor,Spring,Leaf,Potomac_River,Anchytarsus,0
Donor_Cage_02,Donor_02,Donor,Spring,Leaf,Potomac_River,Psilotreta,0
Donor_Cage_02,Donor_02,Donor,Spring,Leaf,Potomac_River,Dubiraphia,0
Donor_Cage_02,Donor_02,Donor,Spring,Leaf,Potomac_River,Ptilostomis,0
Donor_Cage_02,Donor_02,Donor,Spring,Leaf,Potomac_River,Calopteryx,0
Donor_Cage_02,Donor_02,Donor,Spring,Leaf,Potomac_River,Molanna,0
Donor_Cage_02,Donor_02,Donor,Spring,Leaf,Potomac_River,Boyeria,0
Donor_Cage_02,Donor_02,Donor,Spring,Leaf,Potomac_River,Leptophlebia,0
Donor_Cage_02,Donor_02,Donor,Spring,Leaf,Potomac_River,Nyctiophylax,0
Donor_Cage_02,Donor_02,Donor,Spring,Leaf,Potomac_River,Argia,0
Donor_Cage_02,Donor_02,Donor,Spring,Leaf,Potomac_River,Rhyacophila,0
Donor_Cage_02,Donor_02,Donor,Spring,Leaf,Potomac_River,Probezzia,0
Donor_Cage_02,Donor_02,Donor,Spring,Leaf,Potomac_River,Neureclipsis,0
Donor_Cage_02,Donor_02,Donor,Spring,Leaf,Potomac_River,Eurylophella,0
Donor_Cage_02,Donor_02,Donor,Spring,Leaf,Potomac_River,Glossosoma,0
Donor_Cage_02,Donor_02,Donor,Spring,Leaf,Potomac_River,Rhagovelia,0
Donor_Cage_02,Donor_02,Donor,Spring,Leaf,Potomac_River,Neophylax,1
Donor_Cage_02,Donor_02,Donor,Spring,Leaf,Potomac_River,Microvelia,0
Donor_Cage_02,Donor_02,Donor,Spring,Leaf,Potomac_River,Hydatophylax,0
Donor_Cage_02,Donor_02,Donor,Spring,Leaf,Potomac_River,Antocha,0
Donor_Cage_02,Donor_02,Donor,Spring,Leaf,Potomac_River,Lepidostoma,0
Donor_Cage_02,Donor_02,Donor,Spring,Leaf,Potomac_River,Baetis,0
Donor_Cage_02,Donor_02,Donor,Spring,Leaf,Potomac_River,Oecetis,0
Donor_Cage_02,Donor_02,Donor,Spring,Leaf,Potomac_River,Ironoquia,0
Donor_Cage_02,Donor_02,Donor,Spring,Leaf,Potomac_River,Timpanoga,2
Donor_Cage_02,Donor_02,Donor,Spring,Leaf,Potomac_River,Polycentropus,6
Donor_Cage_02,Donor_02,Donor,Spring,Leaf,Potomac_River,Amphinemura,2
Donor_Cage_02,Donor_02,Donor,Spring,Leaf,Potomac_River,Penelomax,1
Donor_Cage_02,Donor_02,Donor,Spring,Leaf,Potomac_River,Ephemerella,1
Donor_Cage_02,Donor_02,Donor,Spring,Leaf,Potomac_River,Hemerodromia,1
Donor_Cage_02,Donor_02,Donor,Spring,Leaf,Potomac_River,Shipsa,0
Donor_Cage_02,Donor_02,Donor,Spring,Leaf,Potomac_River,Helichus,0
Donor_Cage_02,Donor_02,Donor,Spring,Leaf,Potomac_River,Neoleptophlebia,0
Donor_Cage_02,Donor_02,Donor,Spring,Leaf,Potomac_River,Attenella,0
Donor_Cage_02,Donor_02,Donor,Spring,Leaf,Potomac_River,Entomobryidae,0
Donor_Cage_02,Donor_02,Donor,Spring,Leaf,Potomac_River,Heptageniidae,0
Donor_Cage_02,Donor_02,Donor,Spring,Leaf,Potomac_River,Aeshna,0
Donor_Cage_02,Donor_02,Donor,Spring,Leaf,Potomac_River,Crambidae,0
Donor_Cage_02,Donor_02,Donor,Spring,Leaf,Potomac_River,Teloganopsis,0
Donor_Cage_02,Donor_02,Donor,Spring,Leaf,Potomac_River,Leptoceridae,0
Donor_Cage_02,Donor_02,Donor,Spring,Leaf,Potomac_River,Pycnopsyche,0
Donor_Cage_02,Donor_02,Donor,Spring,Leaf,Potomac_River,Triaenodes,0
Donor_Cage_02,Donor_02,Donor,Spring,Leaf,Potomac_River,Serratella,0
Donor_Cage_02,Donor_02,Donor,Spring,Leaf,Potomac_River,Optioservus,0
Donor_Cage_02,Donor_02,Donor,Spring,Leaf,Potomac_River,Hydrachnidia,0
Donor_Cage_02,Donor_02,Donor,Spring,Leaf,Potomac_River,Polymitarcyidae,0
Donor_Cage_02,Donor_02,Donor,Spring,Leaf,Potomac_River,Cambarus,0
Donor_Cage_02,Donor_02,Donor,Spring,Leaf,Potomac_River,Ancyronyx,0
Donor_Cage_02,Donor_02,Donor,Spring,Leaf,Potomac_River,Gammarus,0
Donor_Cage_02,Donor_02,Donor,Spring,Leaf,Potomac_River,Neoperla,0
Donor_Cage_03,Donor_02,Donor,Spring,Leaf,Potomac_River,Allocapnia,0
Donor_Cage_03,Donor_02,Donor,Spring,Leaf,Potomac_River,Maccaffertium,0
Donor_Cage_03,Donor_02,Donor,Spring,Leaf,Potomac_River,Chironomidae,115
Donor_Cage_03,Donor_02,Donor,Spring,Leaf,Potomac_River,Tipula,1
Donor_Cage_03,Donor_02,Donor,Spring,Leaf,Potomac_River,Dolophilodes,0
Donor_Cage_03,Donor_02,Donor,Spring,Leaf,Potomac_River,Cheumatopsyche,2
Donor_Cage_03,Donor_02,Donor,Spring,Leaf,Potomac_River,Isonychia,0
Donor_Cage_03,Donor_02,Donor,Spring,Leaf,Potomac_River,Plectrocnemia,2
Donor_Cage_03,Donor_02,Donor,Spring,Leaf,Potomac_River,Chimarra,0
Donor_Cage_03,Donor_02,Donor,Spring,Leaf,Potomac_River,Nigronia,0
Donor_Cage_03,Donor_02,Donor,Spring,Leaf,Potomac_River,Ameletus,0
Donor_Cage_03,Donor_02,Donor,Spring,Leaf,Potomac_River,Diplectrona,0
Donor_Cage_03,Donor_02,Donor,Spring,Leaf,Potomac_River,Eccoptura,0
Donor_Cage_03,Donor_02,Donor,Spring,Leaf,Potomac_River,Hydropsyche,0
Donor_Cage_03,Donor_02,Donor,Spring,Leaf,Potomac_River,Baetisca,0
Donor_Cage_03,Donor_02,Donor,Spring,Leaf,Potomac_River,Simulium,0
Donor_Cage_03,Donor_02,Donor,Spring,Leaf,Potomac_River,Isoperla,0
Donor_Cage_03,Donor_02,Donor,Spring,Leaf,Potomac_River,Dixa,0
Donor_Cage_03,Donor_02,Donor,Spring,Leaf,Potomac_River,Tropisternus,0
Donor_Cage_03,Donor_02,Donor,Spring,Leaf,Potomac_River,Anchytarsus,0
Donor_Cage_03,Donor_02,Donor,Spring,Leaf,Potomac_River,Psilotreta,0
Donor_Cage_03,Donor_02,Donor,Spring,Leaf,Potomac_River,Dubiraphia,0
Donor_Cage_03,Donor_02,Donor,Spring,Leaf,Potomac_River,Ptilostomis,0
Donor_Cage_03,Donor_02,Donor,Spring,Leaf,Potomac_River,Calopteryx,0
Donor_Cage_03,Donor_02,Donor,Spring,Leaf,Potomac_River,Molanna,0
Donor_Cage_03,Donor_02,Donor,Spring,Leaf,Potomac_River,Boyeria,0
Donor_Cage_03,Donor_02,Donor,Spring,Leaf,Potomac_River,Leptophlebia,0
Donor_Cage_03,Donor_02,Donor,Spring,Leaf,Potomac_River,Nyctiophylax,0
Donor_Cage_03,Donor_02,Donor,Spring,Leaf,Potomac_River,Argia,0
Donor_Cage_03,Donor_02,Donor,Spring,Leaf,Potomac_River,Rhyacophila,0
Donor_Cage_03,Donor_02,Donor,Spring,Leaf,Potomac_River,Probezzia,0
Donor_Cage_03,Donor_02,Donor,Spring,Leaf,Potomac_River,Neureclipsis,0
Donor_Cage_03,Donor_02,Donor,Spring,Leaf,Potomac_River,Eurylophella,0
Donor_Cage_03,Donor_02,Donor,Spring,Leaf,Potomac_River,Glossosoma,0
Donor_Cage_03,Donor_02,Donor,Spring,Leaf,Potomac_River,Rhagovelia,0
Donor_Cage_03,Donor_02,Donor,Spring,Leaf,Potomac_River,Neophylax,0
Donor_Cage_03,Donor_02,Donor,Spring,Leaf,Potomac_River,Microvelia,0
Donor_Cage_03,Donor_02,Donor,Spring,Leaf,Potomac_River,Hydatophylax,0
Donor_Cage_03,Donor_02,Donor,Spring,Leaf,Potomac_River,Antocha,0
Donor_Cage_03,Donor_02,Donor,Spring,Leaf,Potomac_River,Lepidostoma,0
Donor_Cage_03,Donor_02,Donor,Spring,Leaf,Potomac_River,Baetis,0
Donor_Cage_03,Donor_02,Donor,Spring,Leaf,Potomac_River,Oecetis,0
Donor_Cage_03,Donor_02,Donor,Spring,Leaf,Potomac_River,Ironoquia,0
Donor_Cage_03,Donor_02,Donor,Spring,Leaf,Potomac_River,Timpanoga,0
Donor_Cage_03,Donor_02,Donor,Spring,Leaf,Potomac_River,Polycentropus,1
Donor_Cage_03,Donor_02,Donor,Spring,Leaf,Potomac_River,Amphinemura,2
Donor_Cage_03,Donor_02,Donor,Spring,Leaf,Potomac_River,Penelomax,2
Donor_Cage_03,Donor_02,Donor,Spring,Leaf,Potomac_River,Ephemerella,1
Donor_Cage_03,Donor_02,Donor,Spring,Leaf,Potomac_River,Hemerodromia,1
Donor_Cage_03,Donor_02,Donor,Spring,Leaf,Potomac_River,Shipsa,1
Donor_Cage_03,Donor_02,Donor,Spring,Leaf,Potomac_River,Helichus,1
Donor_Cage_03,Donor_02,Donor,Spring,Leaf,Potomac_River,Neoleptophlebia,0
Donor_Cage_03,Donor_02,Donor,Spring,Leaf,Potomac_River,Attenella,0
Donor_Cage_03,Donor_02,Donor,Spring,Leaf,Potomac_River,Entomobryidae,0
Donor_Cage_03,Donor_02,Donor,Spring,Leaf,Potomac_River,Heptageniidae,0
Donor_Cage_03,Donor_02,Donor,Spring,Leaf,Potomac_River,Aeshna,0
Donor_Cage_03,Donor_02,Donor,Spring,Leaf,Potomac_River,Crambidae,0
Donor_Cage_03,Donor_02,Donor,Spring,Leaf,Potomac_River,Teloganopsis,0
Donor_Cage_03,Donor_02,Donor,Spring,Leaf,Potomac_River,Leptoceridae,0
Donor_Cage_03,Donor_02,Donor,Spring,Leaf,Potomac_River,Pycnopsyche,0
Donor_Cage_03,Donor_02,Donor,Spring,Leaf,Potomac_River,Triaenodes,0
Donor_Cage_03,Donor_02,Donor,Spring,Leaf,Potomac_River,Serratella,0
Donor_Cage_03,Donor_02,Donor,Spring,Leaf,Potomac_River,Optioservus,0
Donor_Cage_03,Donor_02,Donor,Spring,Leaf,Potomac_River,Hydrachnidia,0
Donor_Cage_03,Donor_02,Donor,Spring,Leaf,Potomac_River,Polymitarcyidae,0
Donor_Cage_03,Donor_02,Donor,Spring,Leaf,Potomac_River,Cambarus,0
Donor_Cage_03,Donor_02,Donor,Spring,Leaf,Potomac_River,Ancyronyx,0
Donor_Cage_03,Donor_02,Donor,Spring,Leaf,Potomac_River,Gammarus,0
Donor_Cage_03,Donor_02,Donor,Spring,Leaf,Potomac_River,Neoperla,0
Donor_Cage_04,Donor_02,Donor,Spring,Leaf,Potomac_River,Allocapnia,0
Donor_Cage_04,Donor_02,Donor,Spring,Leaf,Potomac_River,Maccaffertium,0
Donor_Cage_04,Donor_02,Donor,Spring,Leaf,Potomac_River,Chironomidae,112
Donor_Cage_04,Donor_02,Donor,Spring,Leaf,Potomac_River,Tipula,4
Donor_Cage_04,Donor_02,Donor,Spring,Leaf,Potomac_River,Dolophilodes,0
Donor_Cage_04,Donor_02,Donor,Spring,Leaf,Potomac_River,Cheumatopsyche,1
Donor_Cage_04,Donor_02,Donor,Spring,Leaf,Potomac_River,Isonychia,0
Donor_Cage_04,Donor_02,Donor,Spring,Leaf,Potomac_River,Plectrocnemia,6
Donor_Cage_04,Donor_02,Donor,Spring,Leaf,Potomac_River,Chimarra,0
Donor_Cage_04,Donor_02,Donor,Spring,Leaf,Potomac_River,Nigronia,1
Donor_Cage_04,Donor_02,Donor,Spring,Leaf,Potomac_River,Ameletus,0
Donor_Cage_04,Donor_02,Donor,Spring,Leaf,Potomac_River,Diplectrona,0
Donor_Cage_04,Donor_02,Donor,Spring,Leaf,Potomac_River,Eccoptura,0
Donor_Cage_04,Donor_02,Donor,Spring,Leaf,Potomac_River,Hydropsyche,0
Donor_Cage_04,Donor_02,Donor,Spring,Leaf,Potomac_River,Baetisca,0
Donor_Cage_04,Donor_02,Donor,Spring,Leaf,Potomac_River,Simulium,0
Donor_Cage_04,Donor_02,Donor,Spring,Leaf,Potomac_River,Isoperla,0
Donor_Cage_04,Donor_02,Donor,Spring,Leaf,Potomac_River,Dixa,0
Donor_Cage_04,Donor_02,Donor,Spring,Leaf,Potomac_River,Tropisternus,0
Donor_Cage_04,Donor_02,Donor,Spring,Leaf,Potomac_River,Anchytarsus,0
Donor_Cage_04,Donor_02,Donor,Spring,Leaf,Potomac_River,Psilotreta,0
Donor_Cage_04,Donor_02,Donor,Spring,Leaf,Potomac_River,Dubiraphia,0
Donor_Cage_04,Donor_02,Donor,Spring,Leaf,Potomac_River,Ptilostomis,0
Donor_Cage_04,Donor_02,Donor,Spring,Leaf,Potomac_River,Calopteryx,0
Donor_Cage_04,Donor_02,Donor,Spring,Leaf,Potomac_River,Molanna,1
Donor_Cage_04,Donor_02,Donor,Spring,Leaf,Potomac_River,Boyeria,0
Donor_Cage_04,Donor_02,Donor,Spring,Leaf,Potomac_River,Leptophlebia,0
Donor_Cage_04,Donor_02,Donor,Spring,Leaf,Potomac_River,Nyctiophylax,0
Donor_Cage_04,Donor_02,Donor,Spring,Leaf,Potomac_River,Argia,0
Donor_Cage_04,Donor_02,Donor,Spring,Leaf,Potomac_River,Rhyacophila,0
Donor_Cage_04,Donor_02,Donor,Spring,Leaf,Potomac_River,Probezzia,0
Donor_Cage_04,Donor_02,Donor,Spring,Leaf,Potomac_River,Neureclipsis,0
Donor_Cage_04,Donor_02,Donor,Spring,Leaf,Potomac_River,Eurylophella,0
Donor_Cage_04,Donor_02,Donor,Spring,Leaf,Potomac_River,Glossosoma,0
Donor_Cage_04,Donor_02,Donor,Spring,Leaf,Potomac_River,Rhagovelia,0
Donor_Cage_04,Donor_02,Donor,Spring,Leaf,Potomac_River,Neophylax,0
Donor_Cage_04,Donor_02,Donor,Spring,Leaf,Potomac_River,Microvelia,0
Donor_Cage_04,Donor_02,Donor,Spring,Leaf,Potomac_River,Hydatophylax,0
Donor_Cage_04,Donor_02,Donor,Spring,Leaf,Potomac_River,Antocha,0
Donor_Cage_04,Donor_02,Donor,Spring,Leaf,Potomac_River,Lepidostoma,0
Donor_Cage_04,Donor_02,Donor,Spring,Leaf,Potomac_River,Baetis,0
Donor_Cage_04,Donor_02,Donor,Spring,Leaf,Potomac_River,Oecetis,0
Donor_Cage_04,Donor_02,Donor,Spring,Leaf,Potomac_River,Ironoquia,1
Donor_Cage_04,Donor_02,Donor,Spring,Leaf,Potomac_River,Timpanoga,0
Donor_Cage_04,Donor_02,Donor,Spring,Leaf,Potomac_River,Polycentropus,4
Donor_Cage_04,Donor_02,Donor,Spring,Leaf,Potomac_River,Amphinemura,7
Donor_Cage_04,Donor_02,Donor,Spring,Leaf,Potomac_River,Penelomax,1
Donor_Cage_04,Donor_02,Donor,Spring,Leaf,Potomac_River,Ephemerella,0
Donor_Cage_04,Donor_02,Donor,Spring,Leaf,Potomac_River,Hemerodromia,2
Donor_Cage_04,Donor_02,Donor,Spring,Leaf,Potomac_River,Shipsa,0
Donor_Cage_04,Donor_02,Donor,Spring,Leaf,Potomac_River,Helichus,1
Donor_Cage_04,Donor_02,Donor,Spring,Leaf,Potomac_River,Neoleptophlebia,1
Donor_Cage_04,Donor_02,Donor,Spring,Leaf,Potomac_River,Attenella,4
Donor_Cage_04,Donor_02,Donor,Spring,Leaf,Potomac_River,Entomobryidae,1
Donor_Cage_04,Donor_02,Donor,Spring,Leaf,Potomac_River,Heptageniidae,0
Donor_Cage_04,Donor_02,Donor,Spring,Leaf,Potomac_River,Aeshna,0
Donor_Cage_04,Donor_02,Donor,Spring,Leaf,Potomac_River,Crambidae,0
Donor_Cage_04,Donor_02,Donor,Spring,Leaf,Potomac_River,Teloganopsis,0
Donor_Cage_04,Donor_02,Donor,Spring,Leaf,Potomac_River,Leptoceridae,0
Donor_Cage_04,Donor_02,Donor,Spring,Leaf,Potomac_River,Pycnopsyche,0
Donor_Cage_04,Donor_02,Donor,Spring,Leaf,Potomac_River,Triaenodes,0
Donor_Cage_04,Donor_02,Donor,Spring,Leaf,Potomac_River,Serratella,0
Donor_Cage_04,Donor_02,Donor,Spring,Leaf,Potomac_River,Optioservus,0
Donor_Cage_04,Donor_02,Donor,Spring,Leaf,Potomac_River,Hydrachnidia,0
Donor_Cage_04,Donor_02,Donor,Spring,Leaf,Potomac_River,Polymitarcyidae,0
Donor_Cage_04,Donor_02,Donor,Spring,Leaf,Potomac_River,Cambarus,0
Donor_Cage_04,Donor_02,Donor,Spring,Leaf,Potomac_River,Ancyronyx,0
Donor_Cage_04,Donor_02,Donor,Spring,Leaf,Potomac_River,Gammarus,0
Donor_Cage_04,Donor_02,Donor,Spring,Leaf,Potomac_River,Neoperla,0
Donor_Cage_05,Donor_02,Donor,Spring,Leaf,Potomac_River,Allocapnia,0
Donor_Cage_05,Donor_02,Donor,Spring,Leaf,Potomac_River,Maccaffertium,1
Donor_Cage_05,Donor_02,Donor,Spring,Leaf,Potomac_River,Chironomidae,81
Donor_Cage_05,Donor_02,Donor,Spring,Leaf,Potomac_River,Tipula,13
Donor_Cage_05,Donor_02,Donor,Spring,Leaf,Potomac_River,Dolophilodes,0
Donor_Cage_05,Donor_02,Donor,Spring,Leaf,Potomac_River,Cheumatopsyche,0
Donor_Cage_05,Donor_02,Donor,Spring,Leaf,Potomac_River,Isonychia,0
Donor_Cage_05,Donor_02,Donor,Spring,Leaf,Potomac_River,Plectrocnemia,3
Donor_Cage_05,Donor_02,Donor,Spring,Leaf,Potomac_River,Chimarra,0
Donor_Cage_05,Donor_02,Donor,Spring,Leaf,Potomac_River,Nigronia,0
Donor_Cage_05,Donor_02,Donor,Spring,Leaf,Potomac_River,Ameletus,1
Donor_Cage_05,Donor_02,Donor,Spring,Leaf,Potomac_River,Diplectrona,0
Donor_Cage_05,Donor_02,Donor,Spring,Leaf,Potomac_River,Eccoptura,0
Donor_Cage_05,Donor_02,Donor,Spring,Leaf,Potomac_River,Hydropsyche,0
Donor_Cage_05,Donor_02,Donor,Spring,Leaf,Potomac_River,Baetisca,0
Donor_Cage_05,Donor_02,Donor,Spring,Leaf,Potomac_River,Simulium,0
Donor_Cage_05,Donor_02,Donor,Spring,Leaf,Potomac_River,Isoperla,0
Donor_Cage_05,Donor_02,Donor,Spring,Leaf,Potomac_River,Dixa,0
Donor_Cage_05,Donor_02,Donor,Spring,Leaf,Potomac_River,Tropisternus,0
Donor_Cage_05,Donor_02,Donor,Spring,Leaf,Potomac_River,Anchytarsus,0
Donor_Cage_05,Donor_02,Donor,Spring,Leaf,Potomac_River,Psilotreta,0
Donor_Cage_05,Donor_02,Donor,Spring,Leaf,Potomac_River,Dubiraphia,0
Donor_Cage_05,Donor_02,Donor,Spring,Leaf,Potomac_River,Ptilostomis,0
Donor_Cage_05,Donor_02,Donor,Spring,Leaf,Potomac_River,Calopteryx,0
Donor_Cage_05,Donor_02,Donor,Spring,Leaf,Potomac_River,Molanna,0
Donor_Cage_05,Donor_02,Donor,Spring,Leaf,Potomac_River,Boyeria,0
Donor_Cage_05,Donor_02,Donor,Spring,Leaf,Potomac_River,Leptophlebia,0
Donor_Cage_05,Donor_02,Donor,Spring,Leaf,Potomac_River,Nyctiophylax,0
Donor_Cage_05,Donor_02,Donor,Spring,Leaf,Potomac_River,Argia,0
Donor_Cage_05,Donor_02,Donor,Spring,Leaf,Potomac_River,Rhyacophila,0
Donor_Cage_05,Donor_02,Donor,Spring,Leaf,Potomac_River,Probezzia,0
Donor_Cage_05,Donor_02,Donor,Spring,Leaf,Potomac_River,Neureclipsis,0
Donor_Cage_05,Donor_02,Donor,Spring,Leaf,Potomac_River,Eurylophella,0
Donor_Cage_05,Donor_02,Donor,Spring,Leaf,Potomac_River,Glossosoma,0
Donor_Cage_05,Donor_02,Donor,Spring,Leaf,Potomac_River,Rhagovelia,0
Donor_Cage_05,Donor_02,Donor,Spring,Leaf,Potomac_River,Neophylax,3
Donor_Cage_05,Donor_02,Donor,Spring,Leaf,Potomac_River,Microvelia,0
Donor_Cage_05,Donor_02,Donor,Spring,Leaf,Potomac_River,Hydatophylax,0
Donor_Cage_05,Donor_02,Donor,Spring,Leaf,Potomac_River,Antocha,0
Donor_Cage_05,Donor_02,Donor,Spring,Leaf,Potomac_River,Lepidostoma,0
Donor_Cage_05,Donor_02,Donor,Spring,Leaf,Potomac_River,Baetis,0
Donor_Cage_05,Donor_02,Donor,Spring,Leaf,Potomac_River,Oecetis,0
Donor_Cage_05,Donor_02,Donor,Spring,Leaf,Potomac_River,Ironoquia,0
Donor_Cage_05,Donor_02,Donor,Spring,Leaf,Potomac_River,Timpanoga,0
Donor_Cage_05,Donor_02,Donor,Spring,Leaf,Potomac_River,Polycentropus,5
Donor_Cage_05,Donor_02,Donor,Spring,Leaf,Potomac_River,Amphinemura,3
Donor_Cage_05,Donor_02,Donor,Spring,Leaf,Potomac_River,Penelomax,1
Donor_Cage_05,Donor_02,Donor,Spring,Leaf,Potomac_River,Ephemerella,0
Donor_Cage_05,Donor_02,Donor,Spring,Leaf,Potomac_River,Hemerodromia,1
Donor_Cage_05,Donor_02,Donor,Spring,Leaf,Potomac_River,Shipsa,0
Donor_Cage_05,Donor_02,Donor,Spring,Leaf,Potomac_River,Helichus,0
Donor_Cage_05,Donor_02,Donor,Spring,Leaf,Potomac_River,Neoleptophlebia,0
Donor_Cage_05,Donor_02,Donor,Spring,Leaf,Potomac_River,Attenella,0
Donor_Cage_05,Donor_02,Donor,Spring,Leaf,Potomac_River,Entomobryidae,0
Donor_Cage_05,Donor_02,Donor,Spring,Leaf,Potomac_River,Heptageniidae,0
Donor_Cage_05,Donor_02,Donor,Spring,Leaf,Potomac_River,Aeshna,0
Donor_Cage_05,Donor_02,Donor,Spring,Leaf,Potomac_River,Crambidae,0
Donor_Cage_05,Donor_02,Donor,Spring,Leaf,Potomac_River,Teloganopsis,0
Donor_Cage_05,Donor_02,Donor,Spring,Leaf,Potomac_River,Leptoceridae,0
Donor_Cage_05,Donor_02,Donor,Spring,Leaf,Potomac_River,Pycnopsyche,0
Donor_Cage_05,Donor_02,Donor,Spring,Leaf,Potomac_River,Triaenodes,0
Donor_Cage_05,Donor_02,Donor,Spring,Leaf,Potomac_River,Serratella,0
Donor_Cage_05,Donor_02,Donor,Spring,Leaf,Potomac_River,Optioservus,0
Donor_Cage_05,Donor_02,Donor,Spring,Leaf,Potomac_River,Hydrachnidia,0
Donor_Cage_05,Donor_02,Donor,Spring,Leaf,Potomac_River,Polymitarcyidae,0
Donor_Cage_05,Donor_02,Donor,Spring,Leaf,Potomac_River,Cambarus,0
Donor_Cage_05,Donor_02,Donor,Spring,Leaf,Potomac_River,Ancyronyx,0
Donor_Cage_05,Donor_02,Donor,Spring,Leaf,Potomac_River,Gammarus,0
Donor_Cage_05,Donor_02,Donor,Spring,Leaf,Potomac_River,Neoperla,0
Donor_Cage_01,Donor_02,Donor,Spring,Rock,Potomac_River,Allocapnia,0
Donor_Cage_01,Donor_02,Donor,Spring,Rock,Potomac_River,Maccaffertium,2
Donor_Cage_01,Donor_02,Donor,Spring,Rock,Potomac_River,Chironomidae,82
Donor_Cage_01,Donor_02,Donor,Spring,Rock,Potomac_River,Tipula,0
Donor_Cage_01,Donor_02,Donor,Spring,Rock,Potomac_River,Dolophilodes,0
Donor_Cage_01,Donor_02,Donor,Spring,Rock,Potomac_River,Cheumatopsyche,0
Donor_Cage_01,Donor_02,Donor,Spring,Rock,Potomac_River,Isonychia,1
Donor_Cage_01,Donor_02,Donor,Spring,Rock,Potomac_River,Plectrocnemia,3
Donor_Cage_01,Donor_02,Donor,Spring,Rock,Potomac_River,Chimarra,0
Donor_Cage_01,Donor_02,Donor,Spring,Rock,Potomac_River,Nigronia,0
Donor_Cage_01,Donor_02,Donor,Spring,Rock,Potomac_River,Ameletus,0
Donor_Cage_01,Donor_02,Donor,Spring,Rock,Potomac_River,Diplectrona,0
Donor_Cage_01,Donor_02,Donor,Spring,Rock,Potomac_River,Eccoptura,0
Donor_Cage_01,Donor_02,Donor,Spring,Rock,Potomac_River,Hydropsyche,0
Donor_Cage_01,Donor_02,Donor,Spring,Rock,Potomac_River,Baetisca,0
Donor_Cage_01,Donor_02,Donor,Spring,Rock,Potomac_River,Simulium,0
Donor_Cage_01,Donor_02,Donor,Spring,Rock,Potomac_River,Isoperla,0
Donor_Cage_01,Donor_02,Donor,Spring,Rock,Potomac_River,Dixa,0
Donor_Cage_01,Donor_02,Donor,Spring,Rock,Potomac_River,Tropisternus,0
Donor_Cage_01,Donor_02,Donor,Spring,Rock,Potomac_River,Anchytarsus,0
Donor_Cage_01,Donor_02,Donor,Spring,Rock,Potomac_River,Psilotreta,0
Donor_Cage_01,Donor_02,Donor,Spring,Rock,Potomac_River,Dubiraphia,0
Donor_Cage_01,Donor_02,Donor,Spring,Rock,Potomac_River,Ptilostomis,0
Donor_Cage_01,Donor_02,Donor,Spring,Rock,Potomac_River,Calopteryx,0
Donor_Cage_01,Donor_02,Donor,Spring,Rock,Potomac_River,Molanna,0
Donor_Cage_01,Donor_02,Donor,Spring,Rock,Potomac_River,Boyeria,0
Donor_Cage_01,Donor_02,Donor,Spring,Rock,Potomac_River,Leptophlebia,0
Donor_Cage_01,Donor_02,Donor,Spring,Rock,Potomac_River,Nyctiophylax,0
Donor_Cage_01,Donor_02,Donor,Spring,Rock,Potomac_River,Argia,0
Donor_Cage_01,Donor_02,Donor,Spring,Rock,Potomac_River,Rhyacophila,0
Donor_Cage_01,Donor_02,Donor,Spring,Rock,Potomac_River,Probezzia,0
Donor_Cage_01,Donor_02,Donor,Spring,Rock,Potomac_River,Neureclipsis,0
Donor_Cage_01,Donor_02,Donor,Spring,Rock,Potomac_River,Eurylophella,0
Donor_Cage_01,Donor_02,Donor,Spring,Rock,Potomac_River,Glossosoma,0
Donor_Cage_01,Donor_02,Donor,Spring,Rock,Potomac_River,Rhagovelia,0
Donor_Cage_01,Donor_02,Donor,Spring,Rock,Potomac_River,Neophylax,3
Donor_Cage_01,Donor_02,Donor,Spring,Rock,Potomac_River,Microvelia,0
Donor_Cage_01,Donor_02,Donor,Spring,Rock,Potomac_River,Hydatophylax,0
Donor_Cage_01,Donor_02,Donor,Spring,Rock,Potomac_River,Antocha,0
Donor_Cage_01,Donor_02,Donor,Spring,Rock,Potomac_River,Lepidostoma,0
Donor_Cage_01,Donor_02,Donor,Spring,Rock,Potomac_River,Baetis,0
Donor_Cage_01,Donor_02,Donor,Spring,Rock,Potomac_River,Oecetis,0
Donor_Cage_01,Donor_02,Donor,Spring,Rock,Potomac_River,Ironoquia,0
Donor_Cage_01,Donor_02,Donor,Spring,Rock,Potomac_River,Timpanoga,0
Donor_Cage_01,Donor_02,Donor,Spring,Rock,Potomac_River,Polycentropus,3
Donor_Cage_01,Donor_02,Donor,Spring,Rock,Potomac_River,Amphinemura,3
Donor_Cage_01,Donor_02,Donor,Spring,Rock,Potomac_River,Penelomax,3
Donor_Cage_01,Donor_02,Donor,Spring,Rock,Potomac_River,Ephemerella,0
Donor_Cage_01,Donor_02,Donor,Spring,Rock,Potomac_River,Hemerodromia,0
Donor_Cage_01,Donor_02,Donor,Spring,Rock,Potomac_River,Shipsa,0
Donor_Cage_01,Donor_02,Donor,Spring,Rock,Potomac_River,Helichus,1
Donor_Cage_01,Donor_02,Donor,Spring,Rock,Potomac_River,Neoleptophlebia,0
Donor_Cage_01,Donor_02,Donor,Spring,Rock,Potomac_River,Attenella,0
Donor_Cage_01,Donor_02,Donor,Spring,Rock,Potomac_River,Entomobryidae,0
Donor_Cage_01,Donor_02,Donor,Spring,Rock,Potomac_River,Heptageniidae,0
Donor_Cage_01,Donor_02,Donor,Spring,Rock,Potomac_River,Aeshna,0
Donor_Cage_01,Donor_02,Donor,Spring,Rock,Potomac_River,Crambidae,0
Donor_Cage_01,Donor_02,Donor,Spring,Rock,Potomac_River,Teloganopsis,0
Donor_Cage_01,Donor_02,Donor,Spring,Rock,Potomac_River,Leptoceridae,0
Donor_Cage_01,Donor_02,Donor,Spring,Rock,Potomac_River,Pycnopsyche,0
Donor_Cage_01,Donor_02,Donor,Spring,Rock,Potomac_River,Triaenodes,0
Donor_Cage_01,Donor_02,Donor,Spring,Rock,Potomac_River,Serratella,0
Donor_Cage_01,Donor_02,Donor,Spring,Rock,Potomac_River,Optioservus,0
Donor_Cage_01,Donor_02,Donor,Spring,Rock,Potomac_River,Hydrachnidia,0
Donor_Cage_01,Donor_02,Donor,Spring,Rock,Potomac_River,Polymitarcyidae,0
Donor_Cage_01,Donor_02,Donor,Spring,Rock,Potomac_River,Cambarus,0
Donor_Cage_01,Donor_02,Donor,Spring,Rock,Potomac_River,Ancyronyx,0
Donor_Cage_01,Donor_02,Donor,Spring,Rock,Potomac_River,Gammarus,0
Donor_Cage_01,Donor_02,Donor,Spring,Rock,Potomac_River,Neoperla,0
Donor_Cage_02,Donor_02,Donor,Spring,Rock,Potomac_River,Allocapnia,0
Donor_Cage_02,Donor_02,Donor,Spring,Rock,Potomac_River,Maccaffertium,0
Donor_Cage_02,Donor_02,Donor,Spring,Rock,Potomac_River,Chironomidae,51
Donor_Cage_02,Donor_02,Donor,Spring,Rock,Potomac_River,Tipula,0
Donor_Cage_02,Donor_02,Donor,Spring,Rock,Potomac_River,Dolophilodes,0
Donor_Cage_02,Donor_02,Donor,Spring,Rock,Potomac_River,Cheumatopsyche,0
Donor_Cage_02,Donor_02,Donor,Spring,Rock,Potomac_River,Isonychia,0
Donor_Cage_02,Donor_02,Donor,Spring,Rock,Potomac_River,Plectrocnemia,4
Donor_Cage_02,Donor_02,Donor,Spring,Rock,Potomac_River,Chimarra,0
Donor_Cage_02,Donor_02,Donor,Spring,Rock,Potomac_River,Nigronia,0
Donor_Cage_02,Donor_02,Donor,Spring,Rock,Potomac_River,Ameletus,1
Donor_Cage_02,Donor_02,Donor,Spring,Rock,Potomac_River,Diplectrona,0
Donor_Cage_02,Donor_02,Donor,Spring,Rock,Potomac_River,Eccoptura,0
Donor_Cage_02,Donor_02,Donor,Spring,Rock,Potomac_River,Hydropsyche,0
Donor_Cage_02,Donor_02,Donor,Spring,Rock,Potomac_River,Baetisca,0
Donor_Cage_02,Donor_02,Donor,Spring,Rock,Potomac_River,Simulium,0
Donor_Cage_02,Donor_02,Donor,Spring,Rock,Potomac_River,Isoperla,0
Donor_Cage_02,Donor_02,Donor,Spring,Rock,Potomac_River,Dixa,0
Donor_Cage_02,Donor_02,Donor,Spring,Rock,Potomac_River,Tropisternus,0
Donor_Cage_02,Donor_02,Donor,Spring,Rock,Potomac_River,Anchytarsus,0
Donor_Cage_02,Donor_02,Donor,Spring,Rock,Potomac_River,Psilotreta,0
Donor_Cage_02,Donor_02,Donor,Spring,Rock,Potomac_River,Dubiraphia,0
Donor_Cage_02,Donor_02,Donor,Spring,Rock,Potomac_River,Ptilostomis,0
Donor_Cage_02,Donor_02,Donor,Spring,Rock,Potomac_River,Calopteryx,0
Donor_Cage_02,Donor_02,Donor,Spring,Rock,Potomac_River,Molanna,0
Donor_Cage_02,Donor_02,Donor,Spring,Rock,Potomac_River,Boyeria,0
Donor_Cage_02,Donor_02,Donor,Spring,Rock,Potomac_River,Leptophlebia,0
Donor_Cage_02,Donor_02,Donor,Spring,Rock,Potomac_River,Nyctiophylax,0
Donor_Cage_02,Donor_02,Donor,Spring,Rock,Potomac_River,Argia,0
Donor_Cage_02,Donor_02,Donor,Spring,Rock,Potomac_River,Rhyacophila,0
Donor_Cage_02,Donor_02,Donor,Spring,Rock,Potomac_River,Probezzia,0
Donor_Cage_02,Donor_02,Donor,Spring,Rock,Potomac_River,Neureclipsis,0
Donor_Cage_02,Donor_02,Donor,Spring,Rock,Potomac_River,Eurylophella,0
Donor_Cage_02,Donor_02,Donor,Spring,Rock,Potomac_River,Glossosoma,0
Donor_Cage_02,Donor_02,Donor,Spring,Rock,Potomac_River,Rhagovelia,0
Donor_Cage_02,Donor_02,Donor,Spring,Rock,Potomac_River,Neophylax,7
Donor_Cage_02,Donor_02,Donor,Spring,Rock,Potomac_River,Microvelia,0
Donor_Cage_02,Donor_02,Donor,Spring,Rock,Potomac_River,Hydatophylax,0
Donor_Cage_02,Donor_02,Donor,Spring,Rock,Potomac_River,Antocha,0
Donor_Cage_02,Donor_02,Donor,Spring,Rock,Potomac_River,Lepidostoma,1
Donor_Cage_02,Donor_02,Donor,Spring,Rock,Potomac_River,Baetis,0
Donor_Cage_02,Donor_02,Donor,Spring,Rock,Potomac_River,Oecetis,0
Donor_Cage_02,Donor_02,Donor,Spring,Rock,Potomac_River,Ironoquia,0
Donor_Cage_02,Donor_02,Donor,Spring,Rock,Potomac_River,Timpanoga,0
Donor_Cage_02,Donor_02,Donor,Spring,Rock,Potomac_River,Polycentropus,2
Donor_Cage_02,Donor_02,Donor,Spring,Rock,Potomac_River,Amphinemura,1
Donor_Cage_02,Donor_02,Donor,Spring,Rock,Potomac_River,Penelomax,0
Donor_Cage_02,Donor_02,Donor,Spring,Rock,Potomac_River,Ephemerella,0
Donor_Cage_02,Donor_02,Donor,Spring,Rock,Potomac_River,Hemerodromia,0
Donor_Cage_02,Donor_02,Donor,Spring,Rock,Potomac_River,Shipsa,0
Donor_Cage_02,Donor_02,Donor,Spring,Rock,Potomac_River,Helichus,0
Donor_Cage_02,Donor_02,Donor,Spring,Rock,Potomac_River,Neoleptophlebia,0
Donor_Cage_02,Donor_02,Donor,Spring,Rock,Potomac_River,Attenella,0
Donor_Cage_02,Donor_02,Donor,Spring,Rock,Potomac_River,Entomobryidae,0
Donor_Cage_02,Donor_02,Donor,Spring,Rock,Potomac_River,Heptageniidae,3
Donor_Cage_02,Donor_02,Donor,Spring,Rock,Potomac_River,Aeshna,0
Donor_Cage_02,Donor_02,Donor,Spring,Rock,Potomac_River,Crambidae,0
Donor_Cage_02,Donor_02,Donor,Spring,Rock,Potomac_River,Teloganopsis,0
Donor_Cage_02,Donor_02,Donor,Spring,Rock,Potomac_River,Leptoceridae,0
Donor_Cage_02,Donor_02,Donor,Spring,Rock,Potomac_River,Pycnopsyche,0
Donor_Cage_02,Donor_02,Donor,Spring,Rock,Potomac_River,Triaenodes,0
Donor_Cage_02,Donor_02,Donor,Spring,Rock,Potomac_River,Serratella,0
Donor_Cage_02,Donor_02,Donor,Spring,Rock,Potomac_River,Optioservus,0
Donor_Cage_02,Donor_02,Donor,Spring,Rock,Potomac_River,Hydrachnidia,0
Donor_Cage_02,Donor_02,Donor,Spring,Rock,Potomac_River,Polymitarcyidae,0
Donor_Cage_02,Donor_02,Donor,Spring,Rock,Potomac_River,Cambarus,0
Donor_Cage_02,Donor_02,Donor,Spring,Rock,Potomac_River,Ancyronyx,0
Donor_Cage_02,Donor_02,Donor,Spring,Rock,Potomac_River,Gammarus,0
Donor_Cage_02,Donor_02,Donor,Spring,Rock,Potomac_River,Neoperla,0
Donor_Cage_03,Donor_02,Donor,Spring,Rock,Potomac_River,Allocapnia,0
Donor_Cage_03,Donor_02,Donor,Spring,Rock,Potomac_River,Maccaffertium,1
Donor_Cage_03,Donor_02,Donor,Spring,Rock,Potomac_River,Chironomidae,201
Donor_Cage_03,Donor_02,Donor,Spring,Rock,Potomac_River,Tipula,0
Donor_Cage_03,Donor_02,Donor,Spring,Rock,Potomac_River,Dolophilodes,0
Donor_Cage_03,Donor_02,Donor,Spring,Rock,Potomac_River,Cheumatopsyche,2
Donor_Cage_03,Donor_02,Donor,Spring,Rock,Potomac_River,Isonychia,1
Donor_Cage_03,Donor_02,Donor,Spring,Rock,Potomac_River,Plectrocnemia,6
Donor_Cage_03,Donor_02,Donor,Spring,Rock,Potomac_River,Chimarra,0
Donor_Cage_03,Donor_02,Donor,Spring,Rock,Potomac_River,Nigronia,0
Donor_Cage_03,Donor_02,Donor,Spring,Rock,Potomac_River,Ameletus,0
Donor_Cage_03,Donor_02,Donor,Spring,Rock,Potomac_River,Diplectrona,1
Donor_Cage_03,Donor_02,Donor,Spring,Rock,Potomac_River,Eccoptura,0
Donor_Cage_03,Donor_02,Donor,Spring,Rock,Potomac_River,Hydropsyche,0
Donor_Cage_03,Donor_02,Donor,Spring,Rock,Potomac_River,Baetisca,0
Donor_Cage_03,Donor_02,Donor,Spring,Rock,Potomac_River,Simulium,0
Donor_Cage_03,Donor_02,Donor,Spring,Rock,Potomac_River,Isoperla,0
Donor_Cage_03,Donor_02,Donor,Spring,Rock,Potomac_River,Dixa,0
Donor_Cage_03,Donor_02,Donor,Spring,Rock,Potomac_River,Tropisternus,0
Donor_Cage_03,Donor_02,Donor,Spring,Rock,Potomac_River,Anchytarsus,0
Donor_Cage_03,Donor_02,Donor,Spring,Rock,Potomac_River,Psilotreta,0
Donor_Cage_03,Donor_02,Donor,Spring,Rock,Potomac_River,Dubiraphia,0
Donor_Cage_03,Donor_02,Donor,Spring,Rock,Potomac_River,Ptilostomis,0
Donor_Cage_03,Donor_02,Donor,Spring,Rock,Potomac_River,Calopteryx,0
Donor_Cage_03,Donor_02,Donor,Spring,Rock,Potomac_River,Molanna,0
Donor_Cage_03,Donor_02,Donor,Spring,Rock,Potomac_River,Boyeria,0
Donor_Cage_03,Donor_02,Donor,Spring,Rock,Potomac_River,Leptophlebia,0
Donor_Cage_03,Donor_02,Donor,Spring,Rock,Potomac_River,Nyctiophylax,0
Donor_Cage_03,Donor_02,Donor,Spring,Rock,Potomac_River,Argia,0
Donor_Cage_03,Donor_02,Donor,Spring,Rock,Potomac_River,Rhyacophila,0
Donor_Cage_03,Donor_02,Donor,Spring,Rock,Potomac_River,Probezzia,0
Donor_Cage_03,Donor_02,Donor,Spring,Rock,Potomac_River,Neureclipsis,0
Donor_Cage_03,Donor_02,Donor,Spring,Rock,Potomac_River,Eurylophella,0
Donor_Cage_03,Donor_02,Donor,Spring,Rock,Potomac_River,Glossosoma,0
Donor_Cage_03,Donor_02,Donor,Spring,Rock,Potomac_River,Rhagovelia,0
Donor_Cage_03,Donor_02,Donor,Spring,Rock,Potomac_River,Neophylax,1
Donor_Cage_03,Donor_02,Donor,Spring,Rock,Potomac_River,Microvelia,0
Donor_Cage_03,Donor_02,Donor,Spring,Rock,Potomac_River,Hydatophylax,0
Donor_Cage_03,Donor_02,Donor,Spring,Rock,Potomac_River,Antocha,0
Donor_Cage_03,Donor_02,Donor,Spring,Rock,Potomac_River,Lepidostoma,0
Donor_Cage_03,Donor_02,Donor,Spring,Rock,Potomac_River,Baetis,0
Donor_Cage_03,Donor_02,Donor,Spring,Rock,Potomac_River,Oecetis,0
Donor_Cage_03,Donor_02,Donor,Spring,Rock,Potomac_River,Ironoquia,0
Donor_Cage_03,Donor_02,Donor,Spring,Rock,Potomac_River,Timpanoga,0
Donor_Cage_03,Donor_02,Donor,Spring,Rock,Potomac_River,Polycentropus,1
Donor_Cage_03,Donor_02,Donor,Spring,Rock,Potomac_River,Amphinemura,1
Donor_Cage_03,Donor_02,Donor,Spring,Rock,Potomac_River,Penelomax,0
Donor_Cage_03,Donor_02,Donor,Spring,Rock,Potomac_River,Ephemerella,1
Donor_Cage_03,Donor_02,Donor,Spring,Rock,Potomac_River,Hemerodromia,0
Donor_Cage_03,Donor_02,Donor,Spring,Rock,Potomac_River,Shipsa,0
Donor_Cage_03,Donor_02,Donor,Spring,Rock,Potomac_River,Helichus,0
Donor_Cage_03,Donor_02,Donor,Spring,Rock,Potomac_River,Neoleptophlebia,0
Donor_Cage_03,Donor_02,Donor,Spring,Rock,Potomac_River,Attenella,0
Donor_Cage_03,Donor_02,Donor,Spring,Rock,Potomac_River,Entomobryidae,0
Donor_Cage_03,Donor_02,Donor,Spring,Rock,Potomac_River,Heptageniidae,0
Donor_Cage_03,Donor_02,Donor,Spring,Rock,Potomac_River,Aeshna,0
Donor_Cage_03,Donor_02,Donor,Spring,Rock,Potomac_River,Crambidae,0
Donor_Cage_03,Donor_02,Donor,Spring,Rock,Potomac_River,Teloganopsis,0
Donor_Cage_03,Donor_02,Donor,Spring,Rock,Potomac_River,Leptoceridae,0
Donor_Cage_03,Donor_02,Donor,Spring,Rock,Potomac_River,Pycnopsyche,0
Donor_Cage_03,Donor_02,Donor,Spring,Rock,Potomac_River,Triaenodes,0
Donor_Cage_03,Donor_02,Donor,Spring,Rock,Potomac_River,Serratella,0
Donor_Cage_03,Donor_02,Donor,Spring,Rock,Potomac_River,Optioservus,0
Donor_Cage_03,Donor_02,Donor,Spring,Rock,Potomac_River,Hydrachnidia,0
Donor_Cage_03,Donor_02,Donor,Spring,Rock,Potomac_River,Polymitarcyidae,0
Donor_Cage_03,Donor_02,Donor,Spring,Rock,Potomac_River,Cambarus,0
Donor_Cage_03,Donor_02,Donor,Spring,Rock,Potomac_River,Ancyronyx,0
Donor_Cage_03,Donor_02,Donor,Spring,Rock,Potomac_River,Gammarus,0
Donor_Cage_03,Donor_02,Donor,Spring,Rock,Potomac_River,Neoperla,0
Donor_Cage_04,Donor_02,Donor,Spring,Rock,Potomac_River,Allocapnia,0
Donor_Cage_04,Donor_02,Donor,Spring,Rock,Potomac_River,Maccaffertium,2
Donor_Cage_04,Donor_02,Donor,Spring,Rock,Potomac_River,Chironomidae,157
Donor_Cage_04,Donor_02,Donor,Spring,Rock,Potomac_River,Tipula,1
Donor_Cage_04,Donor_02,Donor,Spring,Rock,Potomac_River,Dolophilodes,0
Donor_Cage_04,Donor_02,Donor,Spring,Rock,Potomac_River,Cheumatopsyche,0
Donor_Cage_04,Donor_02,Donor,Spring,Rock,Potomac_River,Isonychia,2
Donor_Cage_04,Donor_02,Donor,Spring,Rock,Potomac_River,Plectrocnemia,4
Donor_Cage_04,Donor_02,Donor,Spring,Rock,Potomac_River,Chimarra,0
Donor_Cage_04,Donor_02,Donor,Spring,Rock,Potomac_River,Nigronia,0
Donor_Cage_04,Donor_02,Donor,Spring,Rock,Potomac_River,Ameletus,0
Donor_Cage_04,Donor_02,Donor,Spring,Rock,Potomac_River,Diplectrona,0
Donor_Cage_04,Donor_02,Donor,Spring,Rock,Potomac_River,Eccoptura,0
Donor_Cage_04,Donor_02,Donor,Spring,Rock,Potomac_River,Hydropsyche,0
Donor_Cage_04,Donor_02,Donor,Spring,Rock,Potomac_River,Baetisca,0
Donor_Cage_04,Donor_02,Donor,Spring,Rock,Potomac_River,Simulium,0
Donor_Cage_04,Donor_02,Donor,Spring,Rock,Potomac_River,Isoperla,0
Donor_Cage_04,Donor_02,Donor,Spring,Rock,Potomac_River,Dixa,0
Donor_Cage_04,Donor_02,Donor,Spring,Rock,Potomac_River,Tropisternus,0
Donor_Cage_04,Donor_02,Donor,Spring,Rock,Potomac_River,Anchytarsus,0
Donor_Cage_04,Donor_02,Donor,Spring,Rock,Potomac_River,Psilotreta,0
Donor_Cage_04,Donor_02,Donor,Spring,Rock,Potomac_River,Dubiraphia,0
Donor_Cage_04,Donor_02,Donor,Spring,Rock,Potomac_River,Ptilostomis,0
Donor_Cage_04,Donor_02,Donor,Spring,Rock,Potomac_River,Calopteryx,0
Donor_Cage_04,Donor_02,Donor,Spring,Rock,Potomac_River,Molanna,0
Donor_Cage_04,Donor_02,Donor,Spring,Rock,Potomac_River,Boyeria,0
Donor_Cage_04,Donor_02,Donor,Spring,Rock,Potomac_River,Leptophlebia,0
Donor_Cage_04,Donor_02,Donor,Spring,Rock,Potomac_River,Nyctiophylax,0
Donor_Cage_04,Donor_02,Donor,Spring,Rock,Potomac_River,Argia,0
Donor_Cage_04,Donor_02,Donor,Spring,Rock,Potomac_River,Rhyacophila,0
Donor_Cage_04,Donor_02,Donor,Spring,Rock,Potomac_River,Probezzia,0
Donor_Cage_04,Donor_02,Donor,Spring,Rock,Potomac_River,Neureclipsis,0
Donor_Cage_04,Donor_02,Donor,Spring,Rock,Potomac_River,Eurylophella,0
Donor_Cage_04,Donor_02,Donor,Spring,Rock,Potomac_River,Glossosoma,0
Donor_Cage_04,Donor_02,Donor,Spring,Rock,Potomac_River,Rhagovelia,0
Donor_Cage_04,Donor_02,Donor,Spring,Rock,Potomac_River,Neophylax,3
Donor_Cage_04,Donor_02,Donor,Spring,Rock,Potomac_River,Microvelia,0
Donor_Cage_04,Donor_02,Donor,Spring,Rock,Potomac_River,Hydatophylax,0
Donor_Cage_04,Donor_02,Donor,Spring,Rock,Potomac_River,Antocha,0
Donor_Cage_04,Donor_02,Donor,Spring,Rock,Potomac_River,Lepidostoma,0
Donor_Cage_04,Donor_02,Donor,Spring,Rock,Potomac_River,Baetis,0
Donor_Cage_04,Donor_02,Donor,Spring,Rock,Potomac_River,Oecetis,0
Donor_Cage_04,Donor_02,Donor,Spring,Rock,Potomac_River,Ironoquia,0
Donor_Cage_04,Donor_02,Donor,Spring,Rock,Potomac_River,Timpanoga,1
Donor_Cage_04,Donor_02,Donor,Spring,Rock,Potomac_River,Polycentropus,6
Donor_Cage_04,Donor_02,Donor,Spring,Rock,Potomac_River,Amphinemura,6
Donor_Cage_04,Donor_02,Donor,Spring,Rock,Potomac_River,Penelomax,0
Donor_Cage_04,Donor_02,Donor,Spring,Rock,Potomac_River,Ephemerella,0
Donor_Cage_04,Donor_02,Donor,Spring,Rock,Potomac_River,Hemerodromia,0
Donor_Cage_04,Donor_02,Donor,Spring,Rock,Potomac_River,Shipsa,0
Donor_Cage_04,Donor_02,Donor,Spring,Rock,Potomac_River,Helichus,0
Donor_Cage_04,Donor_02,Donor,Spring,Rock,Potomac_River,Neoleptophlebia,0
Donor_Cage_04,Donor_02,Donor,Spring,Rock,Potomac_River,Attenella,0
Donor_Cage_04,Donor_02,Donor,Spring,Rock,Potomac_River,Entomobryidae,0
Donor_Cage_04,Donor_02,Donor,Spring,Rock,Potomac_River,Heptageniidae,0
Donor_Cage_04,Donor_02,Donor,Spring,Rock,Potomac_River,Aeshna,0
Donor_Cage_04,Donor_02,Donor,Spring,Rock,Potomac_River,Crambidae,0
Donor_Cage_04,Donor_02,Donor,Spring,Rock,Potomac_River,Teloganopsis,0
Donor_Cage_04,Donor_02,Donor,Spring,Rock,Potomac_River,Leptoceridae,0
Donor_Cage_04,Donor_02,Donor,Spring,Rock,Potomac_River,Pycnopsyche,0
Donor_Cage_04,Donor_02,Donor,Spring,Rock,Potomac_River,Triaenodes,0
Donor_Cage_04,Donor_02,Donor,Spring,Rock,Potomac_River,Serratella,0
Donor_Cage_04,Donor_02,Donor,Spring,Rock,Potomac_River,Optioservus,0
Donor_Cage_04,Donor_02,Donor,Spring,Rock,Potomac_River,Hydrachnidia,0
Donor_Cage_04,Donor_02,Donor,Spring,Rock,Potomac_River,Polymitarcyidae,0
Donor_Cage_04,Donor_02,Donor,Spring,Rock,Potomac_River,Cambarus,0
Donor_Cage_04,Donor_02,Donor,Spring,Rock,Potomac_River,Ancyronyx,0
Donor_Cage_04,Donor_02,Donor,Spring,Rock,Potomac_River,Gammarus,0
Donor_Cage_04,Donor_02,Donor,Spring,Rock,Potomac_River,Neoperla,0
Donor_Cage_05,Donor_02,Donor,Spring,Rock,Potomac_River,Allocapnia,0
Donor_Cage_05,Donor_02,Donor,Spring,Rock,Potomac_River,Maccaffertium,1
Donor_Cage_05,Donor_02,Donor,Spring,Rock,Potomac_River,Chironomidae,133
Donor_Cage_05,Donor_02,Donor,Spring,Rock,Potomac_River,Tipula,0
Donor_Cage_05,Donor_02,Donor,Spring,Rock,Potomac_River,Dolophilodes,0
Donor_Cage_05,Donor_02,Donor,Spring,Rock,Potomac_River,Cheumatopsyche,0
Donor_Cage_05,Donor_02,Donor,Spring,Rock,Potomac_River,Isonychia,6
Donor_Cage_05,Donor_02,Donor,Spring,Rock,Potomac_River,Plectrocnemia,4
Donor_Cage_05,Donor_02,Donor,Spring,Rock,Potomac_River,Chimarra,0
Donor_Cage_05,Donor_02,Donor,Spring,Rock,Potomac_River,Nigronia,0
Donor_Cage_05,Donor_02,Donor,Spring,Rock,Potomac_River,Ameletus,0
Donor_Cage_05,Donor_02,Donor,Spring,Rock,Potomac_River,Diplectrona,0
Donor_Cage_05,Donor_02,Donor,Spring,Rock,Potomac_River,Eccoptura,0
Donor_Cage_05,Donor_02,Donor,Spring,Rock,Potomac_River,Hydropsyche,0
Donor_Cage_05,Donor_02,Donor,Spring,Rock,Potomac_River,Baetisca,0
Donor_Cage_05,Donor_02,Donor,Spring,Rock,Potomac_River,Simulium,0
Donor_Cage_05,Donor_02,Donor,Spring,Rock,Potomac_River,Isoperla,0
Donor_Cage_05,Donor_02,Donor,Spring,Rock,Potomac_River,Dixa,0
Donor_Cage_05,Donor_02,Donor,Spring,Rock,Potomac_River,Tropisternus,0
Donor_Cage_05,Donor_02,Donor,Spring,Rock,Potomac_River,Anchytarsus,0
Donor_Cage_05,Donor_02,Donor,Spring,Rock,Potomac_River,Psilotreta,0
Donor_Cage_05,Donor_02,Donor,Spring,Rock,Potomac_River,Dubiraphia,0
Donor_Cage_05,Donor_02,Donor,Spring,Rock,Potomac_River,Ptilostomis,0
Donor_Cage_05,Donor_02,Donor,Spring,Rock,Potomac_River,Calopteryx,0
Donor_Cage_05,Donor_02,Donor,Spring,Rock,Potomac_River,Molanna,0
Donor_Cage_05,Donor_02,Donor,Spring,Rock,Potomac_River,Boyeria,0
Donor_Cage_05,Donor_02,Donor,Spring,Rock,Potomac_River,Leptophlebia,0
Donor_Cage_05,Donor_02,Donor,Spring,Rock,Potomac_River,Nyctiophylax,0
Donor_Cage_05,Donor_02,Donor,Spring,Rock,Potomac_River,Argia,0
Donor_Cage_05,Donor_02,Donor,Spring,Rock,Potomac_River,Rhyacophila,0
Donor_Cage_05,Donor_02,Donor,Spring,Rock,Potomac_River,Probezzia,0
Donor_Cage_05,Donor_02,Donor,Spring,Rock,Potomac_River,Neureclipsis,0
Donor_Cage_05,Donor_02,Donor,Spring,Rock,Potomac_River,Eurylophella,0
Donor_Cage_05,Donor_02,Donor,Spring,Rock,Potomac_River,Glossosoma,0
Donor_Cage_05,Donor_02,Donor,Spring,Rock,Potomac_River,Rhagovelia,0
Donor_Cage_05,Donor_02,Donor,Spring,Rock,Potomac_River,Neophylax,5
Donor_Cage_05,Donor_02,Donor,Spring,Rock,Potomac_River,Microvelia,0
Donor_Cage_05,Donor_02,Donor,Spring,Rock,Potomac_River,Hydatophylax,0
Donor_Cage_05,Donor_02,Donor,Spring,Rock,Potomac_River,Antocha,0
Donor_Cage_05,Donor_02,Donor,Spring,Rock,Potomac_River,Lepidostoma,0
Donor_Cage_05,Donor_02,Donor,Spring,Rock,Potomac_River,Baetis,0
Donor_Cage_05,Donor_02,Donor,Spring,Rock,Potomac_River,Oecetis,0
Donor_Cage_05,Donor_02,Donor,Spring,Rock,Potomac_River,Ironoquia,0
Donor_Cage_05,Donor_02,Donor,Spring,Rock,Potomac_River,Timpanoga,1
Donor_Cage_05,Donor_02,Donor,Spring,Rock,Potomac_River,Polycentropus,1
Donor_Cage_05,Donor_02,Donor,Spring,Rock,Potomac_River,Amphinemura,3
Donor_Cage_05,Donor_02,Donor,Spring,Rock,Potomac_River,Penelomax,0
Donor_Cage_05,Donor_02,Donor,Spring,Rock,Potomac_River,Ephemerella,0
Donor_Cage_05,Donor_02,Donor,Spring,Rock,Potomac_River,Hemerodromia,0
Donor_Cage_05,Donor_02,Donor,Spring,Rock,Potomac_River,Shipsa,0
Donor_Cage_05,Donor_02,Donor,Spring,Rock,Potomac_River,Helichus,0
Donor_Cage_05,Donor_02,Donor,Spring,Rock,Potomac_River,Neoleptophlebia,0
Donor_Cage_05,Donor_02,Donor,Spring,Rock,Potomac_River,Attenella,0
Donor_Cage_05,Donor_02,Donor,Spring,Rock,Potomac_River,Entomobryidae,0
Donor_Cage_05,Donor_02,Donor,Spring,Rock,Potomac_River,Heptageniidae,0
Donor_Cage_05,Donor_02,Donor,Spring,Rock,Potomac_River,Aeshna,0
Donor_Cage_05,Donor_02,Donor,Spring,Rock,Potomac_River,Crambidae,0
Donor_Cage_05,Donor_02,Donor,Spring,Rock,Potomac_River,Teloganopsis,0
Donor_Cage_05,Donor_02,Donor,Spring,Rock,Potomac_River,Leptoceridae,0
Donor_Cage_05,Donor_02,Donor,Spring,Rock,Potomac_River,Pycnopsyche,0
Donor_Cage_05,Donor_02,Donor,Spring,Rock,Potomac_River,Triaenodes,0
Donor_Cage_05,Donor_02,Donor,Spring,Rock,Potomac_River,Serratella,0
Donor_Cage_05,Donor_02,Donor,Spring,Rock,Potomac_River,Optioservus,0
Donor_Cage_05,Donor_02,Donor,Spring,Rock,Potomac_River,Hydrachnidia,0
Donor_Cage_05,Donor_02,Donor,Spring,Rock,Potomac_River,Polymitarcyidae,0
Donor_Cage_05,Donor_02,Donor,Spring,Rock,Potomac_River,Cambarus,0
Donor_Cage_05,Donor_02,Donor,Spring,Rock,Potomac_River,Ancyronyx,0
Donor_Cage_05,Donor_02,Donor,Spring,Rock,Potomac_River,Gammarus,0
Donor_Cage_05,Donor_02,Donor,Spring,Rock,Potomac_River,Neoperla,0
Donor_Cage_06,Donor_11,Donor,Spring,Leaf,Little_Patuxent,Allocapnia,0
Donor_Cage_06,Donor_11,Donor,Spring,Leaf,Little_Patuxent,Maccaffertium,0
Donor_Cage_06,Donor_11,Donor,Spring,Leaf,Little_Patuxent,Chironomidae,112
Donor_Cage_06,Donor_11,Donor,Spring,Leaf,Little_Patuxent,Tipula,1
Donor_Cage_06,Donor_11,Donor,Spring,Leaf,Little_Patuxent,Dolophilodes,0
Donor_Cage_06,Donor_11,Donor,Spring,Leaf,Little_Patuxent,Cheumatopsyche,1
Donor_Cage_06,Donor_11,Donor,Spring,Leaf,Little_Patuxent,Isonychia,0
Donor_Cage_06,Donor_11,Donor,Spring,Leaf,Little_Patuxent,Plectrocnemia,1
Donor_Cage_06,Donor_11,Donor,Spring,Leaf,Little_Patuxent,Chimarra,1
Donor_Cage_06,Donor_11,Donor,Spring,Leaf,Little_Patuxent,Nigronia,0
Donor_Cage_06,Donor_11,Donor,Spring,Leaf,Little_Patuxent,Ameletus,0
Donor_Cage_06,Donor_11,Donor,Spring,Leaf,Little_Patuxent,Diplectrona,2
Donor_Cage_06,Donor_11,Donor,Spring,Leaf,Little_Patuxent,Eccoptura,0
Donor_Cage_06,Donor_11,Donor,Spring,Leaf,Little_Patuxent,Hydropsyche,0
Donor_Cage_06,Donor_11,Donor,Spring,Leaf,Little_Patuxent,Baetisca,0
Donor_Cage_06,Donor_11,Donor,Spring,Leaf,Little_Patuxent,Simulium,0
Donor_Cage_06,Donor_11,Donor,Spring,Leaf,Little_Patuxent,Isoperla,0
Donor_Cage_06,Donor_11,Donor,Spring,Leaf,Little_Patuxent,Dixa,0
Donor_Cage_06,Donor_11,Donor,Spring,Leaf,Little_Patuxent,Tropisternus,0
Donor_Cage_06,Donor_11,Donor,Spring,Leaf,Little_Patuxent,Anchytarsus,14
Donor_Cage_06,Donor_11,Donor,Spring,Leaf,Little_Patuxent,Psilotreta,0
Donor_Cage_06,Donor_11,Donor,Spring,Leaf,Little_Patuxent,Dubiraphia,0
Donor_Cage_06,Donor_11,Donor,Spring,Leaf,Little_Patuxent,Ptilostomis,1
Donor_Cage_06,Donor_11,Donor,Spring,Leaf,Little_Patuxent,Calopteryx,1
Donor_Cage_06,Donor_11,Donor,Spring,Leaf,Little_Patuxent,Molanna,0
Donor_Cage_06,Donor_11,Donor,Spring,Leaf,Little_Patuxent,Boyeria,0
Donor_Cage_06,Donor_11,Donor,Spring,Leaf,Little_Patuxent,Leptophlebia,0
Donor_Cage_06,Donor_11,Donor,Spring,Leaf,Little_Patuxent,Nyctiophylax,0
Donor_Cage_06,Donor_11,Donor,Spring,Leaf,Little_Patuxent,Argia,0
Donor_Cage_06,Donor_11,Donor,Spring,Leaf,Little_Patuxent,Rhyacophila,0
Donor_Cage_06,Donor_11,Donor,Spring,Leaf,Little_Patuxent,Probezzia,1
Donor_Cage_06,Donor_11,Donor,Spring,Leaf,Little_Patuxent,Neureclipsis,0
Donor_Cage_06,Donor_11,Donor,Spring,Leaf,Little_Patuxent,Eurylophella,0
Donor_Cage_06,Donor_11,Donor,Spring,Leaf,Little_Patuxent,Glossosoma,0
Donor_Cage_06,Donor_11,Donor,Spring,Leaf,Little_Patuxent,Rhagovelia,0
Donor_Cage_06,Donor_11,Donor,Spring,Leaf,Little_Patuxent,Neophylax,0
Donor_Cage_06,Donor_11,Donor,Spring,Leaf,Little_Patuxent,Microvelia,0
Donor_Cage_06,Donor_11,Donor,Spring,Leaf,Little_Patuxent,Hydatophylax,0
Donor_Cage_06,Donor_11,Donor,Spring,Leaf,Little_Patuxent,Antocha,0
Donor_Cage_06,Donor_11,Donor,Spring,Leaf,Little_Patuxent,Lepidostoma,0
Donor_Cage_06,Donor_11,Donor,Spring,Leaf,Little_Patuxent,Baetis,0
Donor_Cage_06,Donor_11,Donor,Spring,Leaf,Little_Patuxent,Oecetis,0
Donor_Cage_06,Donor_11,Donor,Spring,Leaf,Little_Patuxent,Ironoquia,0
Donor_Cage_06,Donor_11,Donor,Spring,Leaf,Little_Patuxent,Timpanoga,0
Donor_Cage_06,Donor_11,Donor,Spring,Leaf,Little_Patuxent,Polycentropus,3
Donor_Cage_06,Donor_11,Donor,Spring,Leaf,Little_Patuxent,Amphinemura,0
Donor_Cage_06,Donor_11,Donor,Spring,Leaf,Little_Patuxent,Penelomax,0
Donor_Cage_06,Donor_11,Donor,Spring,Leaf,Little_Patuxent,Ephemerella,0
Donor_Cage_06,Donor_11,Donor,Spring,Leaf,Little_Patuxent,Hemerodromia,2
Donor_Cage_06,Donor_11,Donor,Spring,Leaf,Little_Patuxent,Shipsa,0
Donor_Cage_06,Donor_11,Donor,Spring,Leaf,Little_Patuxent,Helichus,0
Donor_Cage_06,Donor_11,Donor,Spring,Leaf,Little_Patuxent,Neoleptophlebia,0
Donor_Cage_06,Donor_11,Donor,Spring,Leaf,Little_Patuxent,Attenella,0
Donor_Cage_06,Donor_11,Donor,Spring,Leaf,Little_Patuxent,Entomobryidae,0
Donor_Cage_06,Donor_11,Donor,Spring,Leaf,Little_Patuxent,Heptageniidae,0
Donor_Cage_06,Donor_11,Donor,Spring,Leaf,Little_Patuxent,Aeshna,0
Donor_Cage_06,Donor_11,Donor,Spring,Leaf,Little_Patuxent,Crambidae,0
Donor_Cage_06,Donor_11,Donor,Spring,Leaf,Little_Patuxent,Teloganopsis,0
Donor_Cage_06,Donor_11,Donor,Spring,Leaf,Little_Patuxent,Leptoceridae,0
Donor_Cage_06,Donor_11,Donor,Spring,Leaf,Little_Patuxent,Pycnopsyche,0
Donor_Cage_06,Donor_11,Donor,Spring,Leaf,Little_Patuxent,Triaenodes,0
Donor_Cage_06,Donor_11,Donor,Spring,Leaf,Little_Patuxent,Serratella,0
Donor_Cage_06,Donor_11,Donor,Spring,Leaf,Little_Patuxent,Optioservus,0
Donor_Cage_06,Donor_11,Donor,Spring,Leaf,Little_Patuxent,Hydrachnidia,0
Donor_Cage_06,Donor_11,Donor,Spring,Leaf,Little_Patuxent,Polymitarcyidae,0
Donor_Cage_06,Donor_11,Donor,Spring,Leaf,Little_Patuxent,Cambarus,0
Donor_Cage_06,Donor_11,Donor,Spring,Leaf,Little_Patuxent,Ancyronyx,0
Donor_Cage_06,Donor_11,Donor,Spring,Leaf,Little_Patuxent,Gammarus,0
Donor_Cage_06,Donor_11,Donor,Spring,Leaf,Little_Patuxent,Neoperla,0
Donor_Cage_07,Donor_11,Donor,Spring,Leaf,Little_Patuxent,Allocapnia,0
Donor_Cage_07,Donor_11,Donor,Spring,Leaf,Little_Patuxent,Maccaffertium,0
Donor_Cage_07,Donor_11,Donor,Spring,Leaf,Little_Patuxent,Chironomidae,97
Donor_Cage_07,Donor_11,Donor,Spring,Leaf,Little_Patuxent,Tipula,1
Donor_Cage_07,Donor_11,Donor,Spring,Leaf,Little_Patuxent,Dolophilodes,0
Donor_Cage_07,Donor_11,Donor,Spring,Leaf,Little_Patuxent,Cheumatopsyche,3
Donor_Cage_07,Donor_11,Donor,Spring,Leaf,Little_Patuxent,Isonychia,0
Donor_Cage_07,Donor_11,Donor,Spring,Leaf,Little_Patuxent,Plectrocnemia,3
Donor_Cage_07,Donor_11,Donor,Spring,Leaf,Little_Patuxent,Chimarra,0
Donor_Cage_07,Donor_11,Donor,Spring,Leaf,Little_Patuxent,Nigronia,0
Donor_Cage_07,Donor_11,Donor,Spring,Leaf,Little_Patuxent,Ameletus,0
Donor_Cage_07,Donor_11,Donor,Spring,Leaf,Little_Patuxent,Diplectrona,2
Donor_Cage_07,Donor_11,Donor,Spring,Leaf,Little_Patuxent,Eccoptura,0
Donor_Cage_07,Donor_11,Donor,Spring,Leaf,Little_Patuxent,Hydropsyche,0
Donor_Cage_07,Donor_11,Donor,Spring,Leaf,Little_Patuxent,Baetisca,0
Donor_Cage_07,Donor_11,Donor,Spring,Leaf,Little_Patuxent,Simulium,0
Donor_Cage_07,Donor_11,Donor,Spring,Leaf,Little_Patuxent,Isoperla,0
Donor_Cage_07,Donor_11,Donor,Spring,Leaf,Little_Patuxent,Dixa,0
Donor_Cage_07,Donor_11,Donor,Spring,Leaf,Little_Patuxent,Tropisternus,0
Donor_Cage_07,Donor_11,Donor,Spring,Leaf,Little_Patuxent,Anchytarsus,17
Donor_Cage_07,Donor_11,Donor,Spring,Leaf,Little_Patuxent,Psilotreta,1
Donor_Cage_07,Donor_11,Donor,Spring,Leaf,Little_Patuxent,Dubiraphia,0
Donor_Cage_07,Donor_11,Donor,Spring,Leaf,Little_Patuxent,Ptilostomis,0
Donor_Cage_07,Donor_11,Donor,Spring,Leaf,Little_Patuxent,Calopteryx,0
Donor_Cage_07,Donor_11,Donor,Spring,Leaf,Little_Patuxent,Molanna,0
Donor_Cage_07,Donor_11,Donor,Spring,Leaf,Little_Patuxent,Boyeria,0
Donor_Cage_07,Donor_11,Donor,Spring,Leaf,Little_Patuxent,Leptophlebia,0
Donor_Cage_07,Donor_11,Donor,Spring,Leaf,Little_Patuxent,Nyctiophylax,0
Donor_Cage_07,Donor_11,Donor,Spring,Leaf,Little_Patuxent,Argia,0
Donor_Cage_07,Donor_11,Donor,Spring,Leaf,Little_Patuxent,Rhyacophila,0
Donor_Cage_07,Donor_11,Donor,Spring,Leaf,Little_Patuxent,Probezzia,2
Donor_Cage_07,Donor_11,Donor,Spring,Leaf,Little_Patuxent,Neureclipsis,0
Donor_Cage_07,Donor_11,Donor,Spring,Leaf,Little_Patuxent,Eurylophella,0
Donor_Cage_07,Donor_11,Donor,Spring,Leaf,Little_Patuxent,Glossosoma,0
Donor_Cage_07,Donor_11,Donor,Spring,Leaf,Little_Patuxent,Rhagovelia,0
Donor_Cage_07,Donor_11,Donor,Spring,Leaf,Little_Patuxent,Neophylax,0
Donor_Cage_07,Donor_11,Donor,Spring,Leaf,Little_Patuxent,Microvelia,0
Donor_Cage_07,Donor_11,Donor,Spring,Leaf,Little_Patuxent,Hydatophylax,0
Donor_Cage_07,Donor_11,Donor,Spring,Leaf,Little_Patuxent,Antocha,0
Donor_Cage_07,Donor_11,Donor,Spring,Leaf,Little_Patuxent,Lepidostoma,0
Donor_Cage_07,Donor_11,Donor,Spring,Leaf,Little_Patuxent,Baetis,0
Donor_Cage_07,Donor_11,Donor,Spring,Leaf,Little_Patuxent,Oecetis,0
Donor_Cage_07,Donor_11,Donor,Spring,Leaf,Little_Patuxent,Ironoquia,0
Donor_Cage_07,Donor_11,Donor,Spring,Leaf,Little_Patuxent,Timpanoga,0
Donor_Cage_07,Donor_11,Donor,Spring,Leaf,Little_Patuxent,Polycentropus,1
Donor_Cage_07,Donor_11,Donor,Spring,Leaf,Little_Patuxent,Amphinemura,0
Donor_Cage_07,Donor_11,Donor,Spring,Leaf,Little_Patuxent,Penelomax,0
Donor_Cage_07,Donor_11,Donor,Spring,Leaf,Little_Patuxent,Ephemerella,0
Donor_Cage_07,Donor_11,Donor,Spring,Leaf,Little_Patuxent,Hemerodromia,2
Donor_Cage_07,Donor_11,Donor,Spring,Leaf,Little_Patuxent,Shipsa,0
Donor_Cage_07,Donor_11,Donor,Spring,Leaf,Little_Patuxent,Helichus,0
Donor_Cage_07,Donor_11,Donor,Spring,Leaf,Little_Patuxent,Neoleptophlebia,0
Donor_Cage_07,Donor_11,Donor,Spring,Leaf,Little_Patuxent,Attenella,0
Donor_Cage_07,Donor_11,Donor,Spring,Leaf,Little_Patuxent,Entomobryidae,0
Donor_Cage_07,Donor_11,Donor,Spring,Leaf,Little_Patuxent,Heptageniidae,0
Donor_Cage_07,Donor_11,Donor,Spring,Leaf,Little_Patuxent,Aeshna,0
Donor_Cage_07,Donor_11,Donor,Spring,Leaf,Little_Patuxent,Crambidae,0
Donor_Cage_07,Donor_11,Donor,Spring,Leaf,Little_Patuxent,Teloganopsis,0
Donor_Cage_07,Donor_11,Donor,Spring,Leaf,Little_Patuxent,Leptoceridae,0
Donor_Cage_07,Donor_11,Donor,Spring,Leaf,Little_Patuxent,Pycnopsyche,0
Donor_Cage_07,Donor_11,Donor,Spring,Leaf,Little_Patuxent,Triaenodes,0
Donor_Cage_07,Donor_11,Donor,Spring,Leaf,Little_Patuxent,Serratella,0
Donor_Cage_07,Donor_11,Donor,Spring,Leaf,Little_Patuxent,Optioservus,0
Donor_Cage_07,Donor_11,Donor,Spring,Leaf,Little_Patuxent,Hydrachnidia,0
Donor_Cage_07,Donor_11,Donor,Spring,Leaf,Little_Patuxent,Polymitarcyidae,0
Donor_Cage_07,Donor_11,Donor,Spring,Leaf,Little_Patuxent,Cambarus,0
Donor_Cage_07,Donor_11,Donor,Spring,Leaf,Little_Patuxent,Ancyronyx,0
Donor_Cage_07,Donor_11,Donor,Spring,Leaf,Little_Patuxent,Gammarus,0
Donor_Cage_07,Donor_11,Donor,Spring,Leaf,Little_Patuxent,Neoperla,0
Donor_Cage_08,Donor_11,Donor,Spring,Leaf,Little_Patuxent,Allocapnia,0
Donor_Cage_08,Donor_11,Donor,Spring,Leaf,Little_Patuxent,Maccaffertium,0
Donor_Cage_08,Donor_11,Donor,Spring,Leaf,Little_Patuxent,Chironomidae,93
Donor_Cage_08,Donor_11,Donor,Spring,Leaf,Little_Patuxent,Tipula,2
Donor_Cage_08,Donor_11,Donor,Spring,Leaf,Little_Patuxent,Dolophilodes,0
Donor_Cage_08,Donor_11,Donor,Spring,Leaf,Little_Patuxent,Cheumatopsyche,4
Donor_Cage_08,Donor_11,Donor,Spring,Leaf,Little_Patuxent,Isonychia,0
Donor_Cage_08,Donor_11,Donor,Spring,Leaf,Little_Patuxent,Plectrocnemia,1
Donor_Cage_08,Donor_11,Donor,Spring,Leaf,Little_Patuxent,Chimarra,1
Donor_Cage_08,Donor_11,Donor,Spring,Leaf,Little_Patuxent,Nigronia,2
Donor_Cage_08,Donor_11,Donor,Spring,Leaf,Little_Patuxent,Ameletus,0
Donor_Cage_08,Donor_11,Donor,Spring,Leaf,Little_Patuxent,Diplectrona,1
Donor_Cage_08,Donor_11,Donor,Spring,Leaf,Little_Patuxent,Eccoptura,0
Donor_Cage_08,Donor_11,Donor,Spring,Leaf,Little_Patuxent,Hydropsyche,1
Donor_Cage_08,Donor_11,Donor,Spring,Leaf,Little_Patuxent,Baetisca,0
Donor_Cage_08,Donor_11,Donor,Spring,Leaf,Little_Patuxent,Simulium,0
Donor_Cage_08,Donor_11,Donor,Spring,Leaf,Little_Patuxent,Isoperla,0
Donor_Cage_08,Donor_11,Donor,Spring,Leaf,Little_Patuxent,Dixa,0
Donor_Cage_08,Donor_11,Donor,Spring,Leaf,Little_Patuxent,Tropisternus,0
Donor_Cage_08,Donor_11,Donor,Spring,Leaf,Little_Patuxent,Anchytarsus,17
Donor_Cage_08,Donor_11,Donor,Spring,Leaf,Little_Patuxent,Psilotreta,2
Donor_Cage_08,Donor_11,Donor,Spring,Leaf,Little_Patuxent,Dubiraphia,0
Donor_Cage_08,Donor_11,Donor,Spring,Leaf,Little_Patuxent,Ptilostomis,0
Donor_Cage_08,Donor_11,Donor,Spring,Leaf,Little_Patuxent,Calopteryx,0
Donor_Cage_08,Donor_11,Donor,Spring,Leaf,Little_Patuxent,Molanna,0
Donor_Cage_08,Donor_11,Donor,Spring,Leaf,Little_Patuxent,Boyeria,0
Donor_Cage_08,Donor_11,Donor,Spring,Leaf,Little_Patuxent,Leptophlebia,0
Donor_Cage_08,Donor_11,Donor,Spring,Leaf,Little_Patuxent,Nyctiophylax,0
Donor_Cage_08,Donor_11,Donor,Spring,Leaf,Little_Patuxent,Argia,0
Donor_Cage_08,Donor_11,Donor,Spring,Leaf,Little_Patuxent,Rhyacophila,0
Donor_Cage_08,Donor_11,Donor,Spring,Leaf,Little_Patuxent,Probezzia,0
Donor_Cage_08,Donor_11,Donor,Spring,Leaf,Little_Patuxent,Neureclipsis,0
Donor_Cage_08,Donor_11,Donor,Spring,Leaf,Little_Patuxent,Eurylophella,0
Donor_Cage_08,Donor_11,Donor,Spring,Leaf,Little_Patuxent,Glossosoma,0
Donor_Cage_08,Donor_11,Donor,Spring,Leaf,Little_Patuxent,Rhagovelia,0
Donor_Cage_08,Donor_11,Donor,Spring,Leaf,Little_Patuxent,Neophylax,1
Donor_Cage_08,Donor_11,Donor,Spring,Leaf,Little_Patuxent,Microvelia,0
Donor_Cage_08,Donor_11,Donor,Spring,Leaf,Little_Patuxent,Hydatophylax,0
Donor_Cage_08,Donor_11,Donor,Spring,Leaf,Little_Patuxent,Antocha,0
Donor_Cage_08,Donor_11,Donor,Spring,Leaf,Little_Patuxent,Lepidostoma,0
Donor_Cage_08,Donor_11,Donor,Spring,Leaf,Little_Patuxent,Baetis,0
Donor_Cage_08,Donor_11,Donor,Spring,Leaf,Little_Patuxent,Oecetis,0
Donor_Cage_08,Donor_11,Donor,Spring,Leaf,Little_Patuxent,Ironoquia,0
Donor_Cage_08,Donor_11,Donor,Spring,Leaf,Little_Patuxent,Timpanoga,0
Donor_Cage_08,Donor_11,Donor,Spring,Leaf,Little_Patuxent,Polycentropus,0
Donor_Cage_08,Donor_11,Donor,Spring,Leaf,Little_Patuxent,Amphinemura,0
Donor_Cage_08,Donor_11,Donor,Spring,Leaf,Little_Patuxent,Penelomax,0
Donor_Cage_08,Donor_11,Donor,Spring,Leaf,Little_Patuxent,Ephemerella,2
Donor_Cage_08,Donor_11,Donor,Spring,Leaf,Little_Patuxent,Hemerodromia,0
Donor_Cage_08,Donor_11,Donor,Spring,Leaf,Little_Patuxent,Shipsa,0
Donor_Cage_08,Donor_11,Donor,Spring,Leaf,Little_Patuxent,Helichus,0
Donor_Cage_08,Donor_11,Donor,Spring,Leaf,Little_Patuxent,Neoleptophlebia,0
Donor_Cage_08,Donor_11,Donor,Spring,Leaf,Little_Patuxent,Attenella,0
Donor_Cage_08,Donor_11,Donor,Spring,Leaf,Little_Patuxent,Entomobryidae,0
Donor_Cage_08,Donor_11,Donor,Spring,Leaf,Little_Patuxent,Heptageniidae,0
Donor_Cage_08,Donor_11,Donor,Spring,Leaf,Little_Patuxent,Aeshna,1
Donor_Cage_08,Donor_11,Donor,Spring,Leaf,Little_Patuxent,Crambidae,1
Donor_Cage_08,Donor_11,Donor,Spring,Leaf,Little_Patuxent,Teloganopsis,0
Donor_Cage_08,Donor_11,Donor,Spring,Leaf,Little_Patuxent,Leptoceridae,0
Donor_Cage_08,Donor_11,Donor,Spring,Leaf,Little_Patuxent,Pycnopsyche,0
Donor_Cage_08,Donor_11,Donor,Spring,Leaf,Little_Patuxent,Triaenodes,0
Donor_Cage_08,Donor_11,Donor,Spring,Leaf,Little_Patuxent,Serratella,0
Donor_Cage_08,Donor_11,Donor,Spring,Leaf,Little_Patuxent,Optioservus,0
Donor_Cage_08,Donor_11,Donor,Spring,Leaf,Little_Patuxent,Hydrachnidia,0
Donor_Cage_08,Donor_11,Donor,Spring,Leaf,Little_Patuxent,Polymitarcyidae,0
Donor_Cage_08,Donor_11,Donor,Spring,Leaf,Little_Patuxent,Cambarus,0
Donor_Cage_08,Donor_11,Donor,Spring,Leaf,Little_Patuxent,Ancyronyx,0
Donor_Cage_08,Donor_11,Donor,Spring,Leaf,Little_Patuxent,Gammarus,0
Donor_Cage_08,Donor_11,Donor,Spring,Leaf,Little_Patuxent,Neoperla,0
Donor_Cage_09,Donor_11,Donor,Spring,Leaf,Little_Patuxent,Allocapnia,0
Donor_Cage_09,Donor_11,Donor,Spring,Leaf,Little_Patuxent,Maccaffertium,0
Donor_Cage_09,Donor_11,Donor,Spring,Leaf,Little_Patuxent,Chironomidae,153
Donor_Cage_09,Donor_11,Donor,Spring,Leaf,Little_Patuxent,Tipula,1
Donor_Cage_09,Donor_11,Donor,Spring,Leaf,Little_Patuxent,Dolophilodes,0
Donor_Cage_09,Donor_11,Donor,Spring,Leaf,Little_Patuxent,Cheumatopsyche,0
Donor_Cage_09,Donor_11,Donor,Spring,Leaf,Little_Patuxent,Isonychia,0
Donor_Cage_09,Donor_11,Donor,Spring,Leaf,Little_Patuxent,Plectrocnemia,1
Donor_Cage_09,Donor_11,Donor,Spring,Leaf,Little_Patuxent,Chimarra,0
Donor_Cage_09,Donor_11,Donor,Spring,Leaf,Little_Patuxent,Nigronia,1
Donor_Cage_09,Donor_11,Donor,Spring,Leaf,Little_Patuxent,Ameletus,0
Donor_Cage_09,Donor_11,Donor,Spring,Leaf,Little_Patuxent,Diplectrona,1
Donor_Cage_09,Donor_11,Donor,Spring,Leaf,Little_Patuxent,Eccoptura,0
Donor_Cage_09,Donor_11,Donor,Spring,Leaf,Little_Patuxent,Hydropsyche,0
Donor_Cage_09,Donor_11,Donor,Spring,Leaf,Little_Patuxent,Baetisca,0
Donor_Cage_09,Donor_11,Donor,Spring,Leaf,Little_Patuxent,Simulium,0
Donor_Cage_09,Donor_11,Donor,Spring,Leaf,Little_Patuxent,Isoperla,0
Donor_Cage_09,Donor_11,Donor,Spring,Leaf,Little_Patuxent,Dixa,0
Donor_Cage_09,Donor_11,Donor,Spring,Leaf,Little_Patuxent,Tropisternus,0
Donor_Cage_09,Donor_11,Donor,Spring,Leaf,Little_Patuxent,Anchytarsus,7
Donor_Cage_09,Donor_11,Donor,Spring,Leaf,Little_Patuxent,Psilotreta,2
Donor_Cage_09,Donor_11,Donor,Spring,Leaf,Little_Patuxent,Dubiraphia,0
Donor_Cage_09,Donor_11,Donor,Spring,Leaf,Little_Patuxent,Ptilostomis,0
Donor_Cage_09,Donor_11,Donor,Spring,Leaf,Little_Patuxent,Calopteryx,0
Donor_Cage_09,Donor_11,Donor,Spring,Leaf,Little_Patuxent,Molanna,0
Donor_Cage_09,Donor_11,Donor,Spring,Leaf,Little_Patuxent,Boyeria,0
Donor_Cage_09,Donor_11,Donor,Spring,Leaf,Little_Patuxent,Leptophlebia,0
Donor_Cage_09,Donor_11,Donor,Spring,Leaf,Little_Patuxent,Nyctiophylax,0
Donor_Cage_09,Donor_11,Donor,Spring,Leaf,Little_Patuxent,Argia,0
Donor_Cage_09,Donor_11,Donor,Spring,Leaf,Little_Patuxent,Rhyacophila,0
Donor_Cage_09,Donor_11,Donor,Spring,Leaf,Little_Patuxent,Probezzia,0
Donor_Cage_09,Donor_11,Donor,Spring,Leaf,Little_Patuxent,Neureclipsis,0
Donor_Cage_09,Donor_11,Donor,Spring,Leaf,Little_Patuxent,Eurylophella,0
Donor_Cage_09,Donor_11,Donor,Spring,Leaf,Little_Patuxent,Glossosoma,0
Donor_Cage_09,Donor_11,Donor,Spring,Leaf,Little_Patuxent,Rhagovelia,0
Donor_Cage_09,Donor_11,Donor,Spring,Leaf,Little_Patuxent,Neophylax,2
Donor_Cage_09,Donor_11,Donor,Spring,Leaf,Little_Patuxent,Microvelia,0
Donor_Cage_09,Donor_11,Donor,Spring,Leaf,Little_Patuxent,Hydatophylax,0
Donor_Cage_09,Donor_11,Donor,Spring,Leaf,Little_Patuxent,Antocha,0
Donor_Cage_09,Donor_11,Donor,Spring,Leaf,Little_Patuxent,Lepidostoma,0
Donor_Cage_09,Donor_11,Donor,Spring,Leaf,Little_Patuxent,Baetis,0
Donor_Cage_09,Donor_11,Donor,Spring,Leaf,Little_Patuxent,Oecetis,0
Donor_Cage_09,Donor_11,Donor,Spring,Leaf,Little_Patuxent,Ironoquia,0
Donor_Cage_09,Donor_11,Donor,Spring,Leaf,Little_Patuxent,Timpanoga,0
Donor_Cage_09,Donor_11,Donor,Spring,Leaf,Little_Patuxent,Polycentropus,0
Donor_Cage_09,Donor_11,Donor,Spring,Leaf,Little_Patuxent,Amphinemura,0
Donor_Cage_09,Donor_11,Donor,Spring,Leaf,Little_Patuxent,Penelomax,0
Donor_Cage_09,Donor_11,Donor,Spring,Leaf,Little_Patuxent,Ephemerella,9
Donor_Cage_09,Donor_11,Donor,Spring,Leaf,Little_Patuxent,Hemerodromia,1
Donor_Cage_09,Donor_11,Donor,Spring,Leaf,Little_Patuxent,Shipsa,0
Donor_Cage_09,Donor_11,Donor,Spring,Leaf,Little_Patuxent,Helichus,0
Donor_Cage_09,Donor_11,Donor,Spring,Leaf,Little_Patuxent,Neoleptophlebia,0
Donor_Cage_09,Donor_11,Donor,Spring,Leaf,Little_Patuxent,Attenella,0
Donor_Cage_09,Donor_11,Donor,Spring,Leaf,Little_Patuxent,Entomobryidae,0
Donor_Cage_09,Donor_11,Donor,Spring,Leaf,Little_Patuxent,Heptageniidae,0
Donor_Cage_09,Donor_11,Donor,Spring,Leaf,Little_Patuxent,Aeshna,0
Donor_Cage_09,Donor_11,Donor,Spring,Leaf,Little_Patuxent,Crambidae,0
Donor_Cage_09,Donor_11,Donor,Spring,Leaf,Little_Patuxent,Teloganopsis,0
Donor_Cage_09,Donor_11,Donor,Spring,Leaf,Little_Patuxent,Leptoceridae,0
Donor_Cage_09,Donor_11,Donor,Spring,Leaf,Little_Patuxent,Pycnopsyche,0
Donor_Cage_09,Donor_11,Donor,Spring,Leaf,Little_Patuxent,Triaenodes,0
Donor_Cage_09,Donor_11,Donor,Spring,Leaf,Little_Patuxent,Serratella,0
Donor_Cage_09,Donor_11,Donor,Spring,Leaf,Little_Patuxent,Optioservus,0
Donor_Cage_09,Donor_11,Donor,Spring,Leaf,Little_Patuxent,Hydrachnidia,0
Donor_Cage_09,Donor_11,Donor,Spring,Leaf,Little_Patuxent,Polymitarcyidae,0
Donor_Cage_09,Donor_11,Donor,Spring,Leaf,Little_Patuxent,Cambarus,0
Donor_Cage_09,Donor_11,Donor,Spring,Leaf,Little_Patuxent,Ancyronyx,0
Donor_Cage_09,Donor_11,Donor,Spring,Leaf,Little_Patuxent,Gammarus,0
Donor_Cage_09,Donor_11,Donor,Spring,Leaf,Little_Patuxent,Neoperla,0
Donor_Cage_10,Donor_11,Donor,Spring,Leaf,Little_Patuxent,Allocapnia,0
Donor_Cage_10,Donor_11,Donor,Spring,Leaf,Little_Patuxent,Maccaffertium,0
Donor_Cage_10,Donor_11,Donor,Spring,Leaf,Little_Patuxent,Chironomidae,93
Donor_Cage_10,Donor_11,Donor,Spring,Leaf,Little_Patuxent,Tipula,1
Donor_Cage_10,Donor_11,Donor,Spring,Leaf,Little_Patuxent,Dolophilodes,0
Donor_Cage_10,Donor_11,Donor,Spring,Leaf,Little_Patuxent,Cheumatopsyche,1
Donor_Cage_10,Donor_11,Donor,Spring,Leaf,Little_Patuxent,Isonychia,0
Donor_Cage_10,Donor_11,Donor,Spring,Leaf,Little_Patuxent,Plectrocnemia,1
Donor_Cage_10,Donor_11,Donor,Spring,Leaf,Little_Patuxent,Chimarra,2
Donor_Cage_10,Donor_11,Donor,Spring,Leaf,Little_Patuxent,Nigronia,0
Donor_Cage_10,Donor_11,Donor,Spring,Leaf,Little_Patuxent,Ameletus,0
Donor_Cage_10,Donor_11,Donor,Spring,Leaf,Little_Patuxent,Diplectrona,1
Donor_Cage_10,Donor_11,Donor,Spring,Leaf,Little_Patuxent,Eccoptura,0
Donor_Cage_10,Donor_11,Donor,Spring,Leaf,Little_Patuxent,Hydropsyche,0
Donor_Cage_10,Donor_11,Donor,Spring,Leaf,Little_Patuxent,Baetisca,0
Donor_Cage_10,Donor_11,Donor,Spring,Leaf,Little_Patuxent,Simulium,1
Donor_Cage_10,Donor_11,Donor,Spring,Leaf,Little_Patuxent,Isoperla,0
Donor_Cage_10,Donor_11,Donor,Spring,Leaf,Little_Patuxent,Dixa,0
Donor_Cage_10,Donor_11,Donor,Spring,Leaf,Little_Patuxent,Tropisternus,0
Donor_Cage_10,Donor_11,Donor,Spring,Leaf,Little_Patuxent,Anchytarsus,3
Donor_Cage_10,Donor_11,Donor,Spring,Leaf,Little_Patuxent,Psilotreta,0
Donor_Cage_10,Donor_11,Donor,Spring,Leaf,Little_Patuxent,Dubiraphia,0
Donor_Cage_10,Donor_11,Donor,Spring,Leaf,Little_Patuxent,Ptilostomis,0
Donor_Cage_10,Donor_11,Donor,Spring,Leaf,Little_Patuxent,Calopteryx,0
Donor_Cage_10,Donor_11,Donor,Spring,Leaf,Little_Patuxent,Molanna,0
Donor_Cage_10,Donor_11,Donor,Spring,Leaf,Little_Patuxent,Boyeria,0
Donor_Cage_10,Donor_11,Donor,Spring,Leaf,Little_Patuxent,Leptophlebia,0
Donor_Cage_10,Donor_11,Donor,Spring,Leaf,Little_Patuxent,Nyctiophylax,0
Donor_Cage_10,Donor_11,Donor,Spring,Leaf,Little_Patuxent,Argia,0
Donor_Cage_10,Donor_11,Donor,Spring,Leaf,Little_Patuxent,Rhyacophila,0
Donor_Cage_10,Donor_11,Donor,Spring,Leaf,Little_Patuxent,Probezzia,0
Donor_Cage_10,Donor_11,Donor,Spring,Leaf,Little_Patuxent,Neureclipsis,1
Donor_Cage_10,Donor_11,Donor,Spring,Leaf,Little_Patuxent,Eurylophella,0
Donor_Cage_10,Donor_11,Donor,Spring,Leaf,Little_Patuxent,Glossosoma,0
Donor_Cage_10,Donor_11,Donor,Spring,Leaf,Little_Patuxent,Rhagovelia,0
Donor_Cage_10,Donor_11,Donor,Spring,Leaf,Little_Patuxent,Neophylax,0
Donor_Cage_10,Donor_11,Donor,Spring,Leaf,Little_Patuxent,Microvelia,0
Donor_Cage_10,Donor_11,Donor,Spring,Leaf,Little_Patuxent,Hydatophylax,0
Donor_Cage_10,Donor_11,Donor,Spring,Leaf,Little_Patuxent,Antocha,0
Donor_Cage_10,Donor_11,Donor,Spring,Leaf,Little_Patuxent,Lepidostoma,0
Donor_Cage_10,Donor_11,Donor,Spring,Leaf,Little_Patuxent,Baetis,0
Donor_Cage_10,Donor_11,Donor,Spring,Leaf,Little_Patuxent,Oecetis,0
Donor_Cage_10,Donor_11,Donor,Spring,Leaf,Little_Patuxent,Ironoquia,0
Donor_Cage_10,Donor_11,Donor,Spring,Leaf,Little_Patuxent,Timpanoga,0
Donor_Cage_10,Donor_11,Donor,Spring,Leaf,Little_Patuxent,Polycentropus,1
Donor_Cage_10,Donor_11,Donor,Spring,Leaf,Little_Patuxent,Amphinemura,0
Donor_Cage_10,Donor_11,Donor,Spring,Leaf,Little_Patuxent,Penelomax,0
Donor_Cage_10,Donor_11,Donor,Spring,Leaf,Little_Patuxent,Ephemerella,3
Donor_Cage_10,Donor_11,Donor,Spring,Leaf,Little_Patuxent,Hemerodromia,1
Donor_Cage_10,Donor_11,Donor,Spring,Leaf,Little_Patuxent,Shipsa,0
Donor_Cage_10,Donor_11,Donor,Spring,Leaf,Little_Patuxent,Helichus,0
Donor_Cage_10,Donor_11,Donor,Spring,Leaf,Little_Patuxent,Neoleptophlebia,0
Donor_Cage_10,Donor_11,Donor,Spring,Leaf,Little_Patuxent,Attenella,0
Donor_Cage_10,Donor_11,Donor,Spring,Leaf,Little_Patuxent,Entomobryidae,0
Donor_Cage_10,Donor_11,Donor,Spring,Leaf,Little_Patuxent,Heptageniidae,0
Donor_Cage_10,Donor_11,Donor,Spring,Leaf,Little_Patuxent,Aeshna,0
Donor_Cage_10,Donor_11,Donor,Spring,Leaf,Little_Patuxent,Crambidae,0
Donor_Cage_10,Donor_11,Donor,Spring,Leaf,Little_Patuxent,Teloganopsis,0
Donor_Cage_10,Donor_11,Donor,Spring,Leaf,Little_Patuxent,Leptoceridae,0
Donor_Cage_10,Donor_11,Donor,Spring,Leaf,Little_Patuxent,Pycnopsyche,0
Donor_Cage_10,Donor_11,Donor,Spring,Leaf,Little_Patuxent,Triaenodes,0
Donor_Cage_10,Donor_11,Donor,Spring,Leaf,Little_Patuxent,Serratella,0
Donor_Cage_10,Donor_11,Donor,Spring,Leaf,Little_Patuxent,Optioservus,0
Donor_Cage_10,Donor_11,Donor,Spring,Leaf,Little_Patuxent,Hydrachnidia,0
Donor_Cage_10,Donor_11,Donor,Spring,Leaf,Little_Patuxent,Polymitarcyidae,0
Donor_Cage_10,Donor_11,Donor,Spring,Leaf,Little_Patuxent,Cambarus,0
Donor_Cage_10,Donor_11,Donor,Spring,Leaf,Little_Patuxent,Ancyronyx,0
Donor_Cage_10,Donor_11,Donor,Spring,Leaf,Little_Patuxent,Gammarus,0
Donor_Cage_10,Donor_11,Donor,Spring,Leaf,Little_Patuxent,Neoperla,0
Donor_Cage_06,Donor_11,Donor,Spring,Rock,Little_Patuxent,Allocapnia,0
Donor_Cage_06,Donor_11,Donor,Spring,Rock,Little_Patuxent,Maccaffertium,0
Donor_Cage_06,Donor_11,Donor,Spring,Rock,Little_Patuxent,Chironomidae,0
Donor_Cage_06,Donor_11,Donor,Spring,Rock,Little_Patuxent,Tipula,1
Donor_Cage_06,Donor_11,Donor,Spring,Rock,Little_Patuxent,Dolophilodes,0
Donor_Cage_06,Donor_11,Donor,Spring,Rock,Little_Patuxent,Cheumatopsyche,5
Donor_Cage_06,Donor_11,Donor,Spring,Rock,Little_Patuxent,Isonychia,0
Donor_Cage_06,Donor_11,Donor,Spring,Rock,Little_Patuxent,Plectrocnemia,0
Donor_Cage_06,Donor_11,Donor,Spring,Rock,Little_Patuxent,Chimarra,1
Donor_Cage_06,Donor_11,Donor,Spring,Rock,Little_Patuxent,Nigronia,1
Donor_Cage_06,Donor_11,Donor,Spring,Rock,Little_Patuxent,Ameletus,0
Donor_Cage_06,Donor_11,Donor,Spring,Rock,Little_Patuxent,Diplectrona,3
Donor_Cage_06,Donor_11,Donor,Spring,Rock,Little_Patuxent,Eccoptura,0
Donor_Cage_06,Donor_11,Donor,Spring,Rock,Little_Patuxent,Hydropsyche,2
Donor_Cage_06,Donor_11,Donor,Spring,Rock,Little_Patuxent,Baetisca,0
Donor_Cage_06,Donor_11,Donor,Spring,Rock,Little_Patuxent,Simulium,0
Donor_Cage_06,Donor_11,Donor,Spring,Rock,Little_Patuxent,Isoperla,0
Donor_Cage_06,Donor_11,Donor,Spring,Rock,Little_Patuxent,Dixa,0
Donor_Cage_06,Donor_11,Donor,Spring,Rock,Little_Patuxent,Tropisternus,0
Donor_Cage_06,Donor_11,Donor,Spring,Rock,Little_Patuxent,Anchytarsus,2
Donor_Cage_06,Donor_11,Donor,Spring,Rock,Little_Patuxent,Psilotreta,1
Donor_Cage_06,Donor_11,Donor,Spring,Rock,Little_Patuxent,Dubiraphia,0
Donor_Cage_06,Donor_11,Donor,Spring,Rock,Little_Patuxent,Ptilostomis,0
Donor_Cage_06,Donor_11,Donor,Spring,Rock,Little_Patuxent,Calopteryx,0
Donor_Cage_06,Donor_11,Donor,Spring,Rock,Little_Patuxent,Molanna,0
Donor_Cage_06,Donor_11,Donor,Spring,Rock,Little_Patuxent,Boyeria,0
Donor_Cage_06,Donor_11,Donor,Spring,Rock,Little_Patuxent,Leptophlebia,0
Donor_Cage_06,Donor_11,Donor,Spring,Rock,Little_Patuxent,Nyctiophylax,0
Donor_Cage_06,Donor_11,Donor,Spring,Rock,Little_Patuxent,Argia,0
Donor_Cage_06,Donor_11,Donor,Spring,Rock,Little_Patuxent,Rhyacophila,0
Donor_Cage_06,Donor_11,Donor,Spring,Rock,Little_Patuxent,Probezzia,0
Donor_Cage_06,Donor_11,Donor,Spring,Rock,Little_Patuxent,Neureclipsis,2
Donor_Cage_06,Donor_11,Donor,Spring,Rock,Little_Patuxent,Eurylophella,0
Donor_Cage_06,Donor_11,Donor,Spring,Rock,Little_Patuxent,Glossosoma,0
Donor_Cage_06,Donor_11,Donor,Spring,Rock,Little_Patuxent,Rhagovelia,0
Donor_Cage_06,Donor_11,Donor,Spring,Rock,Little_Patuxent,Neophylax,0
Donor_Cage_06,Donor_11,Donor,Spring,Rock,Little_Patuxent,Microvelia,0
Donor_Cage_06,Donor_11,Donor,Spring,Rock,Little_Patuxent,Hydatophylax,0
Donor_Cage_06,Donor_11,Donor,Spring,Rock,Little_Patuxent,Antocha,0
Donor_Cage_06,Donor_11,Donor,Spring,Rock,Little_Patuxent,Lepidostoma,0
Donor_Cage_06,Donor_11,Donor,Spring,Rock,Little_Patuxent,Baetis,0
Donor_Cage_06,Donor_11,Donor,Spring,Rock,Little_Patuxent,Oecetis,0
Donor_Cage_06,Donor_11,Donor,Spring,Rock,Little_Patuxent,Ironoquia,0
Donor_Cage_06,Donor_11,Donor,Spring,Rock,Little_Patuxent,Timpanoga,1
Donor_Cage_06,Donor_11,Donor,Spring,Rock,Little_Patuxent,Polycentropus,2
Donor_Cage_06,Donor_11,Donor,Spring,Rock,Little_Patuxent,Amphinemura,0
Donor_Cage_06,Donor_11,Donor,Spring,Rock,Little_Patuxent,Penelomax,0
Donor_Cage_06,Donor_11,Donor,Spring,Rock,Little_Patuxent,Ephemerella,6
Donor_Cage_06,Donor_11,Donor,Spring,Rock,Little_Patuxent,Hemerodromia,0
Donor_Cage_06,Donor_11,Donor,Spring,Rock,Little_Patuxent,Shipsa,0
Donor_Cage_06,Donor_11,Donor,Spring,Rock,Little_Patuxent,Helichus,0
Donor_Cage_06,Donor_11,Donor,Spring,Rock,Little_Patuxent,Neoleptophlebia,0
Donor_Cage_06,Donor_11,Donor,Spring,Rock,Little_Patuxent,Attenella,0
Donor_Cage_06,Donor_11,Donor,Spring,Rock,Little_Patuxent,Entomobryidae,0
Donor_Cage_06,Donor_11,Donor,Spring,Rock,Little_Patuxent,Heptageniidae,0
Donor_Cage_06,Donor_11,Donor,Spring,Rock,Little_Patuxent,Aeshna,0
Donor_Cage_06,Donor_11,Donor,Spring,Rock,Little_Patuxent,Crambidae,0
Donor_Cage_06,Donor_11,Donor,Spring,Rock,Little_Patuxent,Teloganopsis,0
Donor_Cage_06,Donor_11,Donor,Spring,Rock,Little_Patuxent,Leptoceridae,0
Donor_Cage_06,Donor_11,Donor,Spring,Rock,Little_Patuxent,Pycnopsyche,0
Donor_Cage_06,Donor_11,Donor,Spring,Rock,Little_Patuxent,Triaenodes,0
Donor_Cage_06,Donor_11,Donor,Spring,Rock,Little_Patuxent,Serratella,0
Donor_Cage_06,Donor_11,Donor,Spring,Rock,Little_Patuxent,Optioservus,0
Donor_Cage_06,Donor_11,Donor,Spring,Rock,Little_Patuxent,Hydrachnidia,0
Donor_Cage_06,Donor_11,Donor,Spring,Rock,Little_Patuxent,Polymitarcyidae,0
Donor_Cage_06,Donor_11,Donor,Spring,Rock,Little_Patuxent,Cambarus,0
Donor_Cage_06,Donor_11,Donor,Spring,Rock,Little_Patuxent,Ancyronyx,0
Donor_Cage_06,Donor_11,Donor,Spring,Rock,Little_Patuxent,Gammarus,0
Donor_Cage_06,Donor_11,Donor,Spring,Rock,Little_Patuxent,Neoperla,0
Donor_Cage_07,Donor_11,Donor,Spring,Rock,Little_Patuxent,Allocapnia,0
Donor_Cage_07,Donor_11,Donor,Spring,Rock,Little_Patuxent,Maccaffertium,0
Donor_Cage_07,Donor_11,Donor,Spring,Rock,Little_Patuxent,Chironomidae,137
Donor_Cage_07,Donor_11,Donor,Spring,Rock,Little_Patuxent,Tipula,0
Donor_Cage_07,Donor_11,Donor,Spring,Rock,Little_Patuxent,Dolophilodes,0
Donor_Cage_07,Donor_11,Donor,Spring,Rock,Little_Patuxent,Cheumatopsyche,3
Donor_Cage_07,Donor_11,Donor,Spring,Rock,Little_Patuxent,Isonychia,0
Donor_Cage_07,Donor_11,Donor,Spring,Rock,Little_Patuxent,Plectrocnemia,0
Donor_Cage_07,Donor_11,Donor,Spring,Rock,Little_Patuxent,Chimarra,0
Donor_Cage_07,Donor_11,Donor,Spring,Rock,Little_Patuxent,Nigronia,1
Donor_Cage_07,Donor_11,Donor,Spring,Rock,Little_Patuxent,Ameletus,0
Donor_Cage_07,Donor_11,Donor,Spring,Rock,Little_Patuxent,Diplectrona,4
Donor_Cage_07,Donor_11,Donor,Spring,Rock,Little_Patuxent,Eccoptura,0
Donor_Cage_07,Donor_11,Donor,Spring,Rock,Little_Patuxent,Hydropsyche,0
Donor_Cage_07,Donor_11,Donor,Spring,Rock,Little_Patuxent,Baetisca,0
Donor_Cage_07,Donor_11,Donor,Spring,Rock,Little_Patuxent,Simulium,0
Donor_Cage_07,Donor_11,Donor,Spring,Rock,Little_Patuxent,Isoperla,0
Donor_Cage_07,Donor_11,Donor,Spring,Rock,Little_Patuxent,Dixa,1
Donor_Cage_07,Donor_11,Donor,Spring,Rock,Little_Patuxent,Tropisternus,0
Donor_Cage_07,Donor_11,Donor,Spring,Rock,Little_Patuxent,Anchytarsus,3
Donor_Cage_07,Donor_11,Donor,Spring,Rock,Little_Patuxent,Psilotreta,6
Donor_Cage_07,Donor_11,Donor,Spring,Rock,Little_Patuxent,Dubiraphia,0
Donor_Cage_07,Donor_11,Donor,Spring,Rock,Little_Patuxent,Ptilostomis,1
Donor_Cage_07,Donor_11,Donor,Spring,Rock,Little_Patuxent,Calopteryx,3
Donor_Cage_07,Donor_11,Donor,Spring,Rock,Little_Patuxent,Molanna,0
Donor_Cage_07,Donor_11,Donor,Spring,Rock,Little_Patuxent,Boyeria,0
Donor_Cage_07,Donor_11,Donor,Spring,Rock,Little_Patuxent,Leptophlebia,0
Donor_Cage_07,Donor_11,Donor,Spring,Rock,Little_Patuxent,Nyctiophylax,0
Donor_Cage_07,Donor_11,Donor,Spring,Rock,Little_Patuxent,Argia,0
Donor_Cage_07,Donor_11,Donor,Spring,Rock,Little_Patuxent,Rhyacophila,0
Donor_Cage_07,Donor_11,Donor,Spring,Rock,Little_Patuxent,Probezzia,3
Donor_Cage_07,Donor_11,Donor,Spring,Rock,Little_Patuxent,Neureclipsis,0
Donor_Cage_07,Donor_11,Donor,Spring,Rock,Little_Patuxent,Eurylophella,0
Donor_Cage_07,Donor_11,Donor,Spring,Rock,Little_Patuxent,Glossosoma,0
Donor_Cage_07,Donor_11,Donor,Spring,Rock,Little_Patuxent,Rhagovelia,0
Donor_Cage_07,Donor_11,Donor,Spring,Rock,Little_Patuxent,Neophylax,0
Donor_Cage_07,Donor_11,Donor,Spring,Rock,Little_Patuxent,Microvelia,0
Donor_Cage_07,Donor_11,Donor,Spring,Rock,Little_Patuxent,Hydatophylax,0
Donor_Cage_07,Donor_11,Donor,Spring,Rock,Little_Patuxent,Antocha,0
Donor_Cage_07,Donor_11,Donor,Spring,Rock,Little_Patuxent,Lepidostoma,0
Donor_Cage_07,Donor_11,Donor,Spring,Rock,Little_Patuxent,Baetis,0
Donor_Cage_07,Donor_11,Donor,Spring,Rock,Little_Patuxent,Oecetis,0
Donor_Cage_07,Donor_11,Donor,Spring,Rock,Little_Patuxent,Ironoquia,0
Donor_Cage_07,Donor_11,Donor,Spring,Rock,Little_Patuxent,Timpanoga,0
Donor_Cage_07,Donor_11,Donor,Spring,Rock,Little_Patuxent,Polycentropus,3
Donor_Cage_07,Donor_11,Donor,Spring,Rock,Little_Patuxent,Amphinemura,0
Donor_Cage_07,Donor_11,Donor,Spring,Rock,Little_Patuxent,Penelomax,0
Donor_Cage_07,Donor_11,Donor,Spring,Rock,Little_Patuxent,Ephemerella,0
Donor_Cage_07,Donor_11,Donor,Spring,Rock,Little_Patuxent,Hemerodromia,0
Donor_Cage_07,Donor_11,Donor,Spring,Rock,Little_Patuxent,Shipsa,0
Donor_Cage_07,Donor_11,Donor,Spring,Rock,Little_Patuxent,Helichus,0
Donor_Cage_07,Donor_11,Donor,Spring,Rock,Little_Patuxent,Neoleptophlebia,0
Donor_Cage_07,Donor_11,Donor,Spring,Rock,Little_Patuxent,Attenella,1
Donor_Cage_07,Donor_11,Donor,Spring,Rock,Little_Patuxent,Entomobryidae,0
Donor_Cage_07,Donor_11,Donor,Spring,Rock,Little_Patuxent,Heptageniidae,0
Donor_Cage_07,Donor_11,Donor,Spring,Rock,Little_Patuxent,Aeshna,0
Donor_Cage_07,Donor_11,Donor,Spring,Rock,Little_Patuxent,Crambidae,0
Donor_Cage_07,Donor_11,Donor,Spring,Rock,Little_Patuxent,Teloganopsis,1
Donor_Cage_07,Donor_11,Donor,Spring,Rock,Little_Patuxent,Leptoceridae,0
Donor_Cage_07,Donor_11,Donor,Spring,Rock,Little_Patuxent,Pycnopsyche,0
Donor_Cage_07,Donor_11,Donor,Spring,Rock,Little_Patuxent,Triaenodes,0
Donor_Cage_07,Donor_11,Donor,Spring,Rock,Little_Patuxent,Serratella,0
Donor_Cage_07,Donor_11,Donor,Spring,Rock,Little_Patuxent,Optioservus,0
Donor_Cage_07,Donor_11,Donor,Spring,Rock,Little_Patuxent,Hydrachnidia,0
Donor_Cage_07,Donor_11,Donor,Spring,Rock,Little_Patuxent,Polymitarcyidae,0
Donor_Cage_07,Donor_11,Donor,Spring,Rock,Little_Patuxent,Cambarus,0
Donor_Cage_07,Donor_11,Donor,Spring,Rock,Little_Patuxent,Ancyronyx,0
Donor_Cage_07,Donor_11,Donor,Spring,Rock,Little_Patuxent,Gammarus,0
Donor_Cage_07,Donor_11,Donor,Spring,Rock,Little_Patuxent,Neoperla,0
Donor_Cage_08,Donor_11,Donor,Spring,Rock,Little_Patuxent,Allocapnia,0
Donor_Cage_08,Donor_11,Donor,Spring,Rock,Little_Patuxent,Maccaffertium,0
Donor_Cage_08,Donor_11,Donor,Spring,Rock,Little_Patuxent,Chironomidae,101
Donor_Cage_08,Donor_11,Donor,Spring,Rock,Little_Patuxent,Tipula,0
Donor_Cage_08,Donor_11,Donor,Spring,Rock,Little_Patuxent,Dolophilodes,0
Donor_Cage_08,Donor_11,Donor,Spring,Rock,Little_Patuxent,Cheumatopsyche,0
Donor_Cage_08,Donor_11,Donor,Spring,Rock,Little_Patuxent,Isonychia,0
Donor_Cage_08,Donor_11,Donor,Spring,Rock,Little_Patuxent,Plectrocnemia,1
Donor_Cage_08,Donor_11,Donor,Spring,Rock,Little_Patuxent,Chimarra,0
Donor_Cage_08,Donor_11,Donor,Spring,Rock,Little_Patuxent,Nigronia,0
Donor_Cage_08,Donor_11,Donor,Spring,Rock,Little_Patuxent,Ameletus,0
Donor_Cage_08,Donor_11,Donor,Spring,Rock,Little_Patuxent,Diplectrona,1
Donor_Cage_08,Donor_11,Donor,Spring,Rock,Little_Patuxent,Eccoptura,0
Donor_Cage_08,Donor_11,Donor,Spring,Rock,Little_Patuxent,Hydropsyche,0
Donor_Cage_08,Donor_11,Donor,Spring,Rock,Little_Patuxent,Baetisca,0
Donor_Cage_08,Donor_11,Donor,Spring,Rock,Little_Patuxent,Simulium,0
Donor_Cage_08,Donor_11,Donor,Spring,Rock,Little_Patuxent,Isoperla,0
Donor_Cage_08,Donor_11,Donor,Spring,Rock,Little_Patuxent,Dixa,0
Donor_Cage_08,Donor_11,Donor,Spring,Rock,Little_Patuxent,Tropisternus,0
Donor_Cage_08,Donor_11,Donor,Spring,Rock,Little_Patuxent,Anchytarsus,2
Donor_Cage_08,Donor_11,Donor,Spring,Rock,Little_Patuxent,Psilotreta,6
Donor_Cage_08,Donor_11,Donor,Spring,Rock,Little_Patuxent,Dubiraphia,0
Donor_Cage_08,Donor_11,Donor,Spring,Rock,Little_Patuxent,Ptilostomis,0
Donor_Cage_08,Donor_11,Donor,Spring,Rock,Little_Patuxent,Calopteryx,0
Donor_Cage_08,Donor_11,Donor,Spring,Rock,Little_Patuxent,Molanna,0
Donor_Cage_08,Donor_11,Donor,Spring,Rock,Little_Patuxent,Boyeria,0
Donor_Cage_08,Donor_11,Donor,Spring,Rock,Little_Patuxent,Leptophlebia,0
Donor_Cage_08,Donor_11,Donor,Spring,Rock,Little_Patuxent,Nyctiophylax,0
Donor_Cage_08,Donor_11,Donor,Spring,Rock,Little_Patuxent,Argia,0
Donor_Cage_08,Donor_11,Donor,Spring,Rock,Little_Patuxent,Rhyacophila,0
Donor_Cage_08,Donor_11,Donor,Spring,Rock,Little_Patuxent,Probezzia,0
Donor_Cage_08,Donor_11,Donor,Spring,Rock,Little_Patuxent,Neureclipsis,0
Donor_Cage_08,Donor_11,Donor,Spring,Rock,Little_Patuxent,Eurylophella,0
Donor_Cage_08,Donor_11,Donor,Spring,Rock,Little_Patuxent,Glossosoma,0
Donor_Cage_08,Donor_11,Donor,Spring,Rock,Little_Patuxent,Rhagovelia,0
Donor_Cage_08,Donor_11,Donor,Spring,Rock,Little_Patuxent,Neophylax,1
Donor_Cage_08,Donor_11,Donor,Spring,Rock,Little_Patuxent,Microvelia,0
Donor_Cage_08,Donor_11,Donor,Spring,Rock,Little_Patuxent,Hydatophylax,0
Donor_Cage_08,Donor_11,Donor,Spring,Rock,Little_Patuxent,Antocha,0
Donor_Cage_08,Donor_11,Donor,Spring,Rock,Little_Patuxent,Lepidostoma,0
Donor_Cage_08,Donor_11,Donor,Spring,Rock,Little_Patuxent,Baetis,0
Donor_Cage_08,Donor_11,Donor,Spring,Rock,Little_Patuxent,Oecetis,0
Donor_Cage_08,Donor_11,Donor,Spring,Rock,Little_Patuxent,Ironoquia,0
Donor_Cage_08,Donor_11,Donor,Spring,Rock,Little_Patuxent,Timpanoga,0
Donor_Cage_08,Donor_11,Donor,Spring,Rock,Little_Patuxent,Polycentropus,1
Donor_Cage_08,Donor_11,Donor,Spring,Rock,Little_Patuxent,Amphinemura,1
Donor_Cage_08,Donor_11,Donor,Spring,Rock,Little_Patuxent,Penelomax,0
Donor_Cage_08,Donor_11,Donor,Spring,Rock,Little_Patuxent,Ephemerella,4
Donor_Cage_08,Donor_11,Donor,Spring,Rock,Little_Patuxent,Hemerodromia,0
Donor_Cage_08,Donor_11,Donor,Spring,Rock,Little_Patuxent,Shipsa,0
Donor_Cage_08,Donor_11,Donor,Spring,Rock,Little_Patuxent,Helichus,0
Donor_Cage_08,Donor_11,Donor,Spring,Rock,Little_Patuxent,Neoleptophlebia,0
Donor_Cage_08,Donor_11,Donor,Spring,Rock,Little_Patuxent,Attenella,0
Donor_Cage_08,Donor_11,Donor,Spring,Rock,Little_Patuxent,Entomobryidae,1
Donor_Cage_08,Donor_11,Donor,Spring,Rock,Little_Patuxent,Heptageniidae,0
Donor_Cage_08,Donor_11,Donor,Spring,Rock,Little_Patuxent,Aeshna,0
Donor_Cage_08,Donor_11,Donor,Spring,Rock,Little_Patuxent,Crambidae,0
Donor_Cage_08,Donor_11,Donor,Spring,Rock,Little_Patuxent,Teloganopsis,0
Donor_Cage_08,Donor_11,Donor,Spring,Rock,Little_Patuxent,Leptoceridae,0
Donor_Cage_08,Donor_11,Donor,Spring,Rock,Little_Patuxent,Pycnopsyche,0
Donor_Cage_08,Donor_11,Donor,Spring,Rock,Little_Patuxent,Triaenodes,0
Donor_Cage_08,Donor_11,Donor,Spring,Rock,Little_Patuxent,Serratella,0
Donor_Cage_08,Donor_11,Donor,Spring,Rock,Little_Patuxent,Optioservus,0
Donor_Cage_08,Donor_11,Donor,Spring,Rock,Little_Patuxent,Hydrachnidia,0
Donor_Cage_08,Donor_11,Donor,Spring,Rock,Little_Patuxent,Polymitarcyidae,0
Donor_Cage_08,Donor_11,Donor,Spring,Rock,Little_Patuxent,Cambarus,0
Donor_Cage_08,Donor_11,Donor,Spring,Rock,Little_Patuxent,Ancyronyx,0
Donor_Cage_08,Donor_11,Donor,Spring,Rock,Little_Patuxent,Gammarus,0
Donor_Cage_08,Donor_11,Donor,Spring,Rock,Little_Patuxent,Neoperla,0
Donor_Cage_09,Donor_11,Donor,Spring,Rock,Little_Patuxent,Allocapnia,0
Donor_Cage_09,Donor_11,Donor,Spring,Rock,Little_Patuxent,Maccaffertium,0
Donor_Cage_09,Donor_11,Donor,Spring,Rock,Little_Patuxent,Chironomidae,93
Donor_Cage_09,Donor_11,Donor,Spring,Rock,Little_Patuxent,Tipula,0
Donor_Cage_09,Donor_11,Donor,Spring,Rock,Little_Patuxent,Dolophilodes,0
Donor_Cage_09,Donor_11,Donor,Spring,Rock,Little_Patuxent,Cheumatopsyche,10
Donor_Cage_09,Donor_11,Donor,Spring,Rock,Little_Patuxent,Isonychia,0
Donor_Cage_09,Donor_11,Donor,Spring,Rock,Little_Patuxent,Plectrocnemia,2
Donor_Cage_09,Donor_11,Donor,Spring,Rock,Little_Patuxent,Chimarra,2
Donor_Cage_09,Donor_11,Donor,Spring,Rock,Little_Patuxent,Nigronia,0
Donor_Cage_09,Donor_11,Donor,Spring,Rock,Little_Patuxent,Ameletus,0
Donor_Cage_09,Donor_11,Donor,Spring,Rock,Little_Patuxent,Diplectrona,14
Donor_Cage_09,Donor_11,Donor,Spring,Rock,Little_Patuxent,Eccoptura,0
Donor_Cage_09,Donor_11,Donor,Spring,Rock,Little_Patuxent,Hydropsyche,0
Donor_Cage_09,Donor_11,Donor,Spring,Rock,Little_Patuxent,Baetisca,0
Donor_Cage_09,Donor_11,Donor,Spring,Rock,Little_Patuxent,Simulium,2
Donor_Cage_09,Donor_11,Donor,Spring,Rock,Little_Patuxent,Isoperla,0
Donor_Cage_09,Donor_11,Donor,Spring,Rock,Little_Patuxent,Dixa,1
Donor_Cage_09,Donor_11,Donor,Spring,Rock,Little_Patuxent,Tropisternus,0
Donor_Cage_09,Donor_11,Donor,Spring,Rock,Little_Patuxent,Anchytarsus,0
Donor_Cage_09,Donor_11,Donor,Spring,Rock,Little_Patuxent,Psilotreta,3
Donor_Cage_09,Donor_11,Donor,Spring,Rock,Little_Patuxent,Dubiraphia,0
Donor_Cage_09,Donor_11,Donor,Spring,Rock,Little_Patuxent,Ptilostomis,0
Donor_Cage_09,Donor_11,Donor,Spring,Rock,Little_Patuxent,Calopteryx,0
Donor_Cage_09,Donor_11,Donor,Spring,Rock,Little_Patuxent,Molanna,0
Donor_Cage_09,Donor_11,Donor,Spring,Rock,Little_Patuxent,Boyeria,0
Donor_Cage_09,Donor_11,Donor,Spring,Rock,Little_Patuxent,Leptophlebia,0
Donor_Cage_09,Donor_11,Donor,Spring,Rock,Little_Patuxent,Nyctiophylax,0
Donor_Cage_09,Donor_11,Donor,Spring,Rock,Little_Patuxent,Argia,0
Donor_Cage_09,Donor_11,Donor,Spring,Rock,Little_Patuxent,Rhyacophila,0
Donor_Cage_09,Donor_11,Donor,Spring,Rock,Little_Patuxent,Probezzia,0
Donor_Cage_09,Donor_11,Donor,Spring,Rock,Little_Patuxent,Neureclipsis,0
Donor_Cage_09,Donor_11,Donor,Spring,Rock,Little_Patuxent,Eurylophella,0
Donor_Cage_09,Donor_11,Donor,Spring,Rock,Little_Patuxent,Glossosoma,0
Donor_Cage_09,Donor_11,Donor,Spring,Rock,Little_Patuxent,Rhagovelia,0
Donor_Cage_09,Donor_11,Donor,Spring,Rock,Little_Patuxent,Neophylax,1
Donor_Cage_09,Donor_11,Donor,Spring,Rock,Little_Patuxent,Microvelia,0
Donor_Cage_09,Donor_11,Donor,Spring,Rock,Little_Patuxent,Hydatophylax,0
Donor_Cage_09,Donor_11,Donor,Spring,Rock,Little_Patuxent,Antocha,0
Donor_Cage_09,Donor_11,Donor,Spring,Rock,Little_Patuxent,Lepidostoma,0
Donor_Cage_09,Donor_11,Donor,Spring,Rock,Little_Patuxent,Baetis,0
Donor_Cage_09,Donor_11,Donor,Spring,Rock,Little_Patuxent,Oecetis,0
Donor_Cage_09,Donor_11,Donor,Spring,Rock,Little_Patuxent,Ironoquia,1
Donor_Cage_09,Donor_11,Donor,Spring,Rock,Little_Patuxent,Timpanoga,0
Donor_Cage_09,Donor_11,Donor,Spring,Rock,Little_Patuxent,Polycentropus,0
Donor_Cage_09,Donor_11,Donor,Spring,Rock,Little_Patuxent,Amphinemura,2
Donor_Cage_09,Donor_11,Donor,Spring,Rock,Little_Patuxent,Penelomax,0
Donor_Cage_09,Donor_11,Donor,Spring,Rock,Little_Patuxent,Ephemerella,10
Donor_Cage_09,Donor_11,Donor,Spring,Rock,Little_Patuxent,Hemerodromia,0
Donor_Cage_09,Donor_11,Donor,Spring,Rock,Little_Patuxent,Shipsa,0
Donor_Cage_09,Donor_11,Donor,Spring,Rock,Little_Patuxent,Helichus,0
Donor_Cage_09,Donor_11,Donor,Spring,Rock,Little_Patuxent,Neoleptophlebia,0
Donor_Cage_09,Donor_11,Donor,Spring,Rock,Little_Patuxent,Attenella,0
Donor_Cage_09,Donor_11,Donor,Spring,Rock,Little_Patuxent,Entomobryidae,0
Donor_Cage_09,Donor_11,Donor,Spring,Rock,Little_Patuxent,Heptageniidae,0
Donor_Cage_09,Donor_11,Donor,Spring,Rock,Little_Patuxent,Aeshna,0
Donor_Cage_09,Donor_11,Donor,Spring,Rock,Little_Patuxent,Crambidae,0
Donor_Cage_09,Donor_11,Donor,Spring,Rock,Little_Patuxent,Teloganopsis,0
Donor_Cage_09,Donor_11,Donor,Spring,Rock,Little_Patuxent,Leptoceridae,0
Donor_Cage_09,Donor_11,Donor,Spring,Rock,Little_Patuxent,Pycnopsyche,1
Donor_Cage_09,Donor_11,Donor,Spring,Rock,Little_Patuxent,Triaenodes,2
Donor_Cage_09,Donor_11,Donor,Spring,Rock,Little_Patuxent,Serratella,2
Donor_Cage_09,Donor_11,Donor,Spring,Rock,Little_Patuxent,Optioservus,0
Donor_Cage_09,Donor_11,Donor,Spring,Rock,Little_Patuxent,Hydrachnidia,0
Donor_Cage_09,Donor_11,Donor,Spring,Rock,Little_Patuxent,Polymitarcyidae,0
Donor_Cage_09,Donor_11,Donor,Spring,Rock,Little_Patuxent,Cambarus,0
Donor_Cage_09,Donor_11,Donor,Spring,Rock,Little_Patuxent,Ancyronyx,0
Donor_Cage_09,Donor_11,Donor,Spring,Rock,Little_Patuxent,Gammarus,0
Donor_Cage_09,Donor_11,Donor,Spring,Rock,Little_Patuxent,Neoperla,0
Donor_Cage_10,Donor_11,Donor,Spring,Rock,Little_Patuxent,Allocapnia,0
Donor_Cage_10,Donor_11,Donor,Spring,Rock,Little_Patuxent,Maccaffertium,0
Donor_Cage_10,Donor_11,Donor,Spring,Rock,Little_Patuxent,Chironomidae,143
Donor_Cage_10,Donor_11,Donor,Spring,Rock,Little_Patuxent,Tipula,1
Donor_Cage_10,Donor_11,Donor,Spring,Rock,Little_Patuxent,Dolophilodes,0
Donor_Cage_10,Donor_11,Donor,Spring,Rock,Little_Patuxent,Cheumatopsyche,4
Donor_Cage_10,Donor_11,Donor,Spring,Rock,Little_Patuxent,Isonychia,0
Donor_Cage_10,Donor_11,Donor,Spring,Rock,Little_Patuxent,Plectrocnemia,0
Donor_Cage_10,Donor_11,Donor,Spring,Rock,Little_Patuxent,Chimarra,0
Donor_Cage_10,Donor_11,Donor,Spring,Rock,Little_Patuxent,Nigronia,0
Donor_Cage_10,Donor_11,Donor,Spring,Rock,Little_Patuxent,Ameletus,0
Donor_Cage_10,Donor_11,Donor,Spring,Rock,Little_Patuxent,Diplectrona,1
Donor_Cage_10,Donor_11,Donor,Spring,Rock,Little_Patuxent,Eccoptura,0
Donor_Cage_10,Donor_11,Donor,Spring,Rock,Little_Patuxent,Hydropsyche,0
Donor_Cage_10,Donor_11,Donor,Spring,Rock,Little_Patuxent,Baetisca,0
Donor_Cage_10,Donor_11,Donor,Spring,Rock,Little_Patuxent,Simulium,1
Donor_Cage_10,Donor_11,Donor,Spring,Rock,Little_Patuxent,Isoperla,0
Donor_Cage_10,Donor_11,Donor,Spring,Rock,Little_Patuxent,Dixa,0
Donor_Cage_10,Donor_11,Donor,Spring,Rock,Little_Patuxent,Tropisternus,0
Donor_Cage_10,Donor_11,Donor,Spring,Rock,Little_Patuxent,Anchytarsus,4
Donor_Cage_10,Donor_11,Donor,Spring,Rock,Little_Patuxent,Psilotreta,4
Donor_Cage_10,Donor_11,Donor,Spring,Rock,Little_Patuxent,Dubiraphia,0
Donor_Cage_10,Donor_11,Donor,Spring,Rock,Little_Patuxent,Ptilostomis,0
Donor_Cage_10,Donor_11,Donor,Spring,Rock,Little_Patuxent,Calopteryx,0
Donor_Cage_10,Donor_11,Donor,Spring,Rock,Little_Patuxent,Molanna,0
Donor_Cage_10,Donor_11,Donor,Spring,Rock,Little_Patuxent,Boyeria,0
Donor_Cage_10,Donor_11,Donor,Spring,Rock,Little_Patuxent,Leptophlebia,0
Donor_Cage_10,Donor_11,Donor,Spring,Rock,Little_Patuxent,Nyctiophylax,0
Donor_Cage_10,Donor_11,Donor,Spring,Rock,Little_Patuxent,Argia,0
Donor_Cage_10,Donor_11,Donor,Spring,Rock,Little_Patuxent,Rhyacophila,0
Donor_Cage_10,Donor_11,Donor,Spring,Rock,Little_Patuxent,Probezzia,0
Donor_Cage_10,Donor_11,Donor,Spring,Rock,Little_Patuxent,Neureclipsis,0
Donor_Cage_10,Donor_11,Donor,Spring,Rock,Little_Patuxent,Eurylophella,0
Donor_Cage_10,Donor_11,Donor,Spring,Rock,Little_Patuxent,Glossosoma,0
Donor_Cage_10,Donor_11,Donor,Spring,Rock,Little_Patuxent,Rhagovelia,0
Donor_Cage_10,Donor_11,Donor,Spring,Rock,Little_Patuxent,Neophylax,0
Donor_Cage_10,Donor_11,Donor,Spring,Rock,Little_Patuxent,Microvelia,0
Donor_Cage_10,Donor_11,Donor,Spring,Rock,Little_Patuxent,Hydatophylax,0
Donor_Cage_10,Donor_11,Donor,Spring,Rock,Little_Patuxent,Antocha,0
Donor_Cage_10,Donor_11,Donor,Spring,Rock,Little_Patuxent,Lepidostoma,0
Donor_Cage_10,Donor_11,Donor,Spring,Rock,Little_Patuxent,Baetis,0
Donor_Cage_10,Donor_11,Donor,Spring,Rock,Little_Patuxent,Oecetis,0
Donor_Cage_10,Donor_11,Donor,Spring,Rock,Little_Patuxent,Ironoquia,1
Donor_Cage_10,Donor_11,Donor,Spring,Rock,Little_Patuxent,Timpanoga,0
Donor_Cage_10,Donor_11,Donor,Spring,Rock,Little_Patuxent,Polycentropus,2
Donor_Cage_10,Donor_11,Donor,Spring,Rock,Little_Patuxent,Amphinemura,0
Donor_Cage_10,Donor_11,Donor,Spring,Rock,Little_Patuxent,Penelomax,0
Donor_Cage_10,Donor_11,Donor,Spring,Rock,Little_Patuxent,Ephemerella,3
Donor_Cage_10,Donor_11,Donor,Spring,Rock,Little_Patuxent,Hemerodromia,0
Donor_Cage_10,Donor_11,Donor,Spring,Rock,Little_Patuxent,Shipsa,0
Donor_Cage_10,Donor_11,Donor,Spring,Rock,Little_Patuxent,Helichus,0
Donor_Cage_10,Donor_11,Donor,Spring,Rock,Little_Patuxent,Neoleptophlebia,0
Donor_Cage_10,Donor_11,Donor,Spring,Rock,Little_Patuxent,Attenella,0
Donor_Cage_10,Donor_11,Donor,Spring,Rock,Little_Patuxent,Entomobryidae,0
Donor_Cage_10,Donor_11,Donor,Spring,Rock,Little_Patuxent,Heptageniidae,0
Donor_Cage_10,Donor_11,Donor,Spring,Rock,Little_Patuxent,Aeshna,0
Donor_Cage_10,Donor_11,Donor,Spring,Rock,Little_Patuxent,Crambidae,0
Donor_Cage_10,Donor_11,Donor,Spring,Rock,Little_Patuxent,Teloganopsis,0
Donor_Cage_10,Donor_11,Donor,Spring,Rock,Little_Patuxent,Leptoceridae,0
Donor_Cage_10,Donor_11,Donor,Spring,Rock,Little_Patuxent,Pycnopsyche,0
Donor_Cage_10,Donor_11,Donor,Spring,Rock,Little_Patuxent,Triaenodes,0
Donor_Cage_10,Donor_11,Donor,Spring,Rock,Little_Patuxent,Serratella,0
Donor_Cage_10,Donor_11,Donor,Spring,Rock,Little_Patuxent,Optioservus,0
Donor_Cage_10,Donor_11,Donor,Spring,Rock,Little_Patuxent,Hydrachnidia,0
Donor_Cage_10,Donor_11,Donor,Spring,Rock,Little_Patuxent,Polymitarcyidae,0
Donor_Cage_10,Donor_11,Donor,Spring,Rock,Little_Patuxent,Cambarus,0
Donor_Cage_10,Donor_11,Donor,Spring,Rock,Little_Patuxent,Ancyronyx,0
Donor_Cage_10,Donor_11,Donor,Spring,Rock,Little_Patuxent,Gammarus,0
Donor_Cage_10,Donor_11,Donor,Spring,Rock,Little_Patuxent,Neoperla,0
Donor_Cage_11,Donor_13,Donor,Spring,Leaf,Loch_Raven,Allocapnia,0
Donor_Cage_11,Donor_13,Donor,Spring,Leaf,Loch_Raven,Maccaffertium,16
Donor_Cage_11,Donor_13,Donor,Spring,Leaf,Loch_Raven,Chironomidae,97
Donor_Cage_11,Donor_13,Donor,Spring,Leaf,Loch_Raven,Tipula,2
Donor_Cage_11,Donor_13,Donor,Spring,Leaf,Loch_Raven,Dolophilodes,0
Donor_Cage_11,Donor_13,Donor,Spring,Leaf,Loch_Raven,Cheumatopsyche,0
Donor_Cage_11,Donor_13,Donor,Spring,Leaf,Loch_Raven,Isonychia,0
Donor_Cage_11,Donor_13,Donor,Spring,Leaf,Loch_Raven,Plectrocnemia,0
Donor_Cage_11,Donor_13,Donor,Spring,Leaf,Loch_Raven,Chimarra,1
Donor_Cage_11,Donor_13,Donor,Spring,Leaf,Loch_Raven,Nigronia,0
Donor_Cage_11,Donor_13,Donor,Spring,Leaf,Loch_Raven,Ameletus,0
Donor_Cage_11,Donor_13,Donor,Spring,Leaf,Loch_Raven,Diplectrona,0
Donor_Cage_11,Donor_13,Donor,Spring,Leaf,Loch_Raven,Eccoptura,0
Donor_Cage_11,Donor_13,Donor,Spring,Leaf,Loch_Raven,Hydropsyche,1
Donor_Cage_11,Donor_13,Donor,Spring,Leaf,Loch_Raven,Baetisca,0
Donor_Cage_11,Donor_13,Donor,Spring,Leaf,Loch_Raven,Simulium,0
Donor_Cage_11,Donor_13,Donor,Spring,Leaf,Loch_Raven,Isoperla,0
Donor_Cage_11,Donor_13,Donor,Spring,Leaf,Loch_Raven,Dixa,0
Donor_Cage_11,Donor_13,Donor,Spring,Leaf,Loch_Raven,Tropisternus,0
Donor_Cage_11,Donor_13,Donor,Spring,Leaf,Loch_Raven,Anchytarsus,0
Donor_Cage_11,Donor_13,Donor,Spring,Leaf,Loch_Raven,Psilotreta,0
Donor_Cage_11,Donor_13,Donor,Spring,Leaf,Loch_Raven,Dubiraphia,0
Donor_Cage_11,Donor_13,Donor,Spring,Leaf,Loch_Raven,Ptilostomis,0
Donor_Cage_11,Donor_13,Donor,Spring,Leaf,Loch_Raven,Calopteryx,0
Donor_Cage_11,Donor_13,Donor,Spring,Leaf,Loch_Raven,Molanna,0
Donor_Cage_11,Donor_13,Donor,Spring,Leaf,Loch_Raven,Boyeria,0
Donor_Cage_11,Donor_13,Donor,Spring,Leaf,Loch_Raven,Leptophlebia,0
Donor_Cage_11,Donor_13,Donor,Spring,Leaf,Loch_Raven,Nyctiophylax,0
Donor_Cage_11,Donor_13,Donor,Spring,Leaf,Loch_Raven,Argia,0
Donor_Cage_11,Donor_13,Donor,Spring,Leaf,Loch_Raven,Rhyacophila,1
Donor_Cage_11,Donor_13,Donor,Spring,Leaf,Loch_Raven,Probezzia,0
Donor_Cage_11,Donor_13,Donor,Spring,Leaf,Loch_Raven,Neureclipsis,0
Donor_Cage_11,Donor_13,Donor,Spring,Leaf,Loch_Raven,Eurylophella,0
Donor_Cage_11,Donor_13,Donor,Spring,Leaf,Loch_Raven,Glossosoma,0
Donor_Cage_11,Donor_13,Donor,Spring,Leaf,Loch_Raven,Rhagovelia,0
Donor_Cage_11,Donor_13,Donor,Spring,Leaf,Loch_Raven,Neophylax,0
Donor_Cage_11,Donor_13,Donor,Spring,Leaf,Loch_Raven,Microvelia,0
Donor_Cage_11,Donor_13,Donor,Spring,Leaf,Loch_Raven,Hydatophylax,0
Donor_Cage_11,Donor_13,Donor,Spring,Leaf,Loch_Raven,Antocha,0
Donor_Cage_11,Donor_13,Donor,Spring,Leaf,Loch_Raven,Lepidostoma,0
Donor_Cage_11,Donor_13,Donor,Spring,Leaf,Loch_Raven,Baetis,0
Donor_Cage_11,Donor_13,Donor,Spring,Leaf,Loch_Raven,Oecetis,0
Donor_Cage_11,Donor_13,Donor,Spring,Leaf,Loch_Raven,Ironoquia,1
Donor_Cage_11,Donor_13,Donor,Spring,Leaf,Loch_Raven,Timpanoga,13
Donor_Cage_11,Donor_13,Donor,Spring,Leaf,Loch_Raven,Polycentropus,0
Donor_Cage_11,Donor_13,Donor,Spring,Leaf,Loch_Raven,Amphinemura,0
Donor_Cage_11,Donor_13,Donor,Spring,Leaf,Loch_Raven,Penelomax,0
Donor_Cage_11,Donor_13,Donor,Spring,Leaf,Loch_Raven,Ephemerella,1
Donor_Cage_11,Donor_13,Donor,Spring,Leaf,Loch_Raven,Hemerodromia,0
Donor_Cage_11,Donor_13,Donor,Spring,Leaf,Loch_Raven,Shipsa,0
Donor_Cage_11,Donor_13,Donor,Spring,Leaf,Loch_Raven,Helichus,0
Donor_Cage_11,Donor_13,Donor,Spring,Leaf,Loch_Raven,Neoleptophlebia,0
Donor_Cage_11,Donor_13,Donor,Spring,Leaf,Loch_Raven,Attenella,0
Donor_Cage_11,Donor_13,Donor,Spring,Leaf,Loch_Raven,Entomobryidae,0
Donor_Cage_11,Donor_13,Donor,Spring,Leaf,Loch_Raven,Heptageniidae,0
Donor_Cage_11,Donor_13,Donor,Spring,Leaf,Loch_Raven,Aeshna,0
Donor_Cage_11,Donor_13,Donor,Spring,Leaf,Loch_Raven,Crambidae,0
Donor_Cage_11,Donor_13,Donor,Spring,Leaf,Loch_Raven,Teloganopsis,0
Donor_Cage_11,Donor_13,Donor,Spring,Leaf,Loch_Raven,Leptoceridae,0
Donor_Cage_11,Donor_13,Donor,Spring,Leaf,Loch_Raven,Pycnopsyche,0
Donor_Cage_11,Donor_13,Donor,Spring,Leaf,Loch_Raven,Triaenodes,0
Donor_Cage_11,Donor_13,Donor,Spring,Leaf,Loch_Raven,Serratella,0
Donor_Cage_11,Donor_13,Donor,Spring,Leaf,Loch_Raven,Optioservus,0
Donor_Cage_11,Donor_13,Donor,Spring,Leaf,Loch_Raven,Hydrachnidia,0
Donor_Cage_11,Donor_13,Donor,Spring,Leaf,Loch_Raven,Polymitarcyidae,0
Donor_Cage_11,Donor_13,Donor,Spring,Leaf,Loch_Raven,Cambarus,0
Donor_Cage_11,Donor_13,Donor,Spring,Leaf,Loch_Raven,Ancyronyx,0
Donor_Cage_11,Donor_13,Donor,Spring,Leaf,Loch_Raven,Gammarus,0
Donor_Cage_11,Donor_13,Donor,Spring,Leaf,Loch_Raven,Neoperla,0
Donor_Cage_12,Donor_13,Donor,Spring,Leaf,Loch_Raven,Allocapnia,0
Donor_Cage_12,Donor_13,Donor,Spring,Leaf,Loch_Raven,Maccaffertium,2
Donor_Cage_12,Donor_13,Donor,Spring,Leaf,Loch_Raven,Chironomidae,231
Donor_Cage_12,Donor_13,Donor,Spring,Leaf,Loch_Raven,Tipula,0
Donor_Cage_12,Donor_13,Donor,Spring,Leaf,Loch_Raven,Dolophilodes,0
Donor_Cage_12,Donor_13,Donor,Spring,Leaf,Loch_Raven,Cheumatopsyche,1
Donor_Cage_12,Donor_13,Donor,Spring,Leaf,Loch_Raven,Isonychia,0
Donor_Cage_12,Donor_13,Donor,Spring,Leaf,Loch_Raven,Plectrocnemia,0
Donor_Cage_12,Donor_13,Donor,Spring,Leaf,Loch_Raven,Chimarra,0
Donor_Cage_12,Donor_13,Donor,Spring,Leaf,Loch_Raven,Nigronia,0
Donor_Cage_12,Donor_13,Donor,Spring,Leaf,Loch_Raven,Ameletus,0
Donor_Cage_12,Donor_13,Donor,Spring,Leaf,Loch_Raven,Diplectrona,0
Donor_Cage_12,Donor_13,Donor,Spring,Leaf,Loch_Raven,Eccoptura,0
Donor_Cage_12,Donor_13,Donor,Spring,Leaf,Loch_Raven,Hydropsyche,0
Donor_Cage_12,Donor_13,Donor,Spring,Leaf,Loch_Raven,Baetisca,0
Donor_Cage_12,Donor_13,Donor,Spring,Leaf,Loch_Raven,Simulium,0
Donor_Cage_12,Donor_13,Donor,Spring,Leaf,Loch_Raven,Isoperla,0
Donor_Cage_12,Donor_13,Donor,Spring,Leaf,Loch_Raven,Dixa,0
Donor_Cage_12,Donor_13,Donor,Spring,Leaf,Loch_Raven,Tropisternus,0
Donor_Cage_12,Donor_13,Donor,Spring,Leaf,Loch_Raven,Anchytarsus,0
Donor_Cage_12,Donor_13,Donor,Spring,Leaf,Loch_Raven,Psilotreta,0
Donor_Cage_12,Donor_13,Donor,Spring,Leaf,Loch_Raven,Dubiraphia,0
Donor_Cage_12,Donor_13,Donor,Spring,Leaf,Loch_Raven,Ptilostomis,0
Donor_Cage_12,Donor_13,Donor,Spring,Leaf,Loch_Raven,Calopteryx,0
Donor_Cage_12,Donor_13,Donor,Spring,Leaf,Loch_Raven,Molanna,0
Donor_Cage_12,Donor_13,Donor,Spring,Leaf,Loch_Raven,Boyeria,0
Donor_Cage_12,Donor_13,Donor,Spring,Leaf,Loch_Raven,Leptophlebia,0
Donor_Cage_12,Donor_13,Donor,Spring,Leaf,Loch_Raven,Nyctiophylax,0
Donor_Cage_12,Donor_13,Donor,Spring,Leaf,Loch_Raven,Argia,0
Donor_Cage_12,Donor_13,Donor,Spring,Leaf,Loch_Raven,Rhyacophila,0
Donor_Cage_12,Donor_13,Donor,Spring,Leaf,Loch_Raven,Probezzia,0
Donor_Cage_12,Donor_13,Donor,Spring,Leaf,Loch_Raven,Neureclipsis,0
Donor_Cage_12,Donor_13,Donor,Spring,Leaf,Loch_Raven,Eurylophella,0
Donor_Cage_12,Donor_13,Donor,Spring,Leaf,Loch_Raven,Glossosoma,0
Donor_Cage_12,Donor_13,Donor,Spring,Leaf,Loch_Raven,Rhagovelia,0
Donor_Cage_12,Donor_13,Donor,Spring,Leaf,Loch_Raven,Neophylax,1
Donor_Cage_12,Donor_13,Donor,Spring,Leaf,Loch_Raven,Microvelia,0
Donor_Cage_12,Donor_13,Donor,Spring,Leaf,Loch_Raven,Hydatophylax,0
Donor_Cage_12,Donor_13,Donor,Spring,Leaf,Loch_Raven,Antocha,0
Donor_Cage_12,Donor_13,Donor,Spring,Leaf,Loch_Raven,Lepidostoma,0
Donor_Cage_12,Donor_13,Donor,Spring,Leaf,Loch_Raven,Baetis,0
Donor_Cage_12,Donor_13,Donor,Spring,Leaf,Loch_Raven,Oecetis,0
Donor_Cage_12,Donor_13,Donor,Spring,Leaf,Loch_Raven,Ironoquia,0
Donor_Cage_12,Donor_13,Donor,Spring,Leaf,Loch_Raven,Timpanoga,1
Donor_Cage_12,Donor_13,Donor,Spring,Leaf,Loch_Raven,Polycentropus,0
Donor_Cage_12,Donor_13,Donor,Spring,Leaf,Loch_Raven,Amphinemura,2
Donor_Cage_12,Donor_13,Donor,Spring,Leaf,Loch_Raven,Penelomax,0
Donor_Cage_12,Donor_13,Donor,Spring,Leaf,Loch_Raven,Ephemerella,4
Donor_Cage_12,Donor_13,Donor,Spring,Leaf,Loch_Raven,Hemerodromia,1
Donor_Cage_12,Donor_13,Donor,Spring,Leaf,Loch_Raven,Shipsa,0
Donor_Cage_12,Donor_13,Donor,Spring,Leaf,Loch_Raven,Helichus,0
Donor_Cage_12,Donor_13,Donor,Spring,Leaf,Loch_Raven,Neoleptophlebia,0
Donor_Cage_12,Donor_13,Donor,Spring,Leaf,Loch_Raven,Attenella,0
Donor_Cage_12,Donor_13,Donor,Spring,Leaf,Loch_Raven,Entomobryidae,0
Donor_Cage_12,Donor_13,Donor,Spring,Leaf,Loch_Raven,Heptageniidae,0
Donor_Cage_12,Donor_13,Donor,Spring,Leaf,Loch_Raven,Aeshna,0
Donor_Cage_12,Donor_13,Donor,Spring,Leaf,Loch_Raven,Crambidae,0
Donor_Cage_12,Donor_13,Donor,Spring,Leaf,Loch_Raven,Teloganopsis,0
Donor_Cage_12,Donor_13,Donor,Spring,Leaf,Loch_Raven,Leptoceridae,0
Donor_Cage_12,Donor_13,Donor,Spring,Leaf,Loch_Raven,Pycnopsyche,1
Donor_Cage_12,Donor_13,Donor,Spring,Leaf,Loch_Raven,Triaenodes,0
Donor_Cage_12,Donor_13,Donor,Spring,Leaf,Loch_Raven,Serratella,0
Donor_Cage_12,Donor_13,Donor,Spring,Leaf,Loch_Raven,Optioservus,0
Donor_Cage_12,Donor_13,Donor,Spring,Leaf,Loch_Raven,Hydrachnidia,0
Donor_Cage_12,Donor_13,Donor,Spring,Leaf,Loch_Raven,Polymitarcyidae,0
Donor_Cage_12,Donor_13,Donor,Spring,Leaf,Loch_Raven,Cambarus,0
Donor_Cage_12,Donor_13,Donor,Spring,Leaf,Loch_Raven,Ancyronyx,0
Donor_Cage_12,Donor_13,Donor,Spring,Leaf,Loch_Raven,Gammarus,0
Donor_Cage_12,Donor_13,Donor,Spring,Leaf,Loch_Raven,Neoperla,0
Donor_Cage_13,Donor_13,Donor,Spring,Leaf,Loch_Raven,Allocapnia,0
Donor_Cage_13,Donor_13,Donor,Spring,Leaf,Loch_Raven,Maccaffertium,5
Donor_Cage_13,Donor_13,Donor,Spring,Leaf,Loch_Raven,Chironomidae,211
Donor_Cage_13,Donor_13,Donor,Spring,Leaf,Loch_Raven,Tipula,0
Donor_Cage_13,Donor_13,Donor,Spring,Leaf,Loch_Raven,Dolophilodes,0
Donor_Cage_13,Donor_13,Donor,Spring,Leaf,Loch_Raven,Cheumatopsyche,5
Donor_Cage_13,Donor_13,Donor,Spring,Leaf,Loch_Raven,Isonychia,2
Donor_Cage_13,Donor_13,Donor,Spring,Leaf,Loch_Raven,Plectrocnemia,0
Donor_Cage_13,Donor_13,Donor,Spring,Leaf,Loch_Raven,Chimarra,1
Donor_Cage_13,Donor_13,Donor,Spring,Leaf,Loch_Raven,Nigronia,0
Donor_Cage_13,Donor_13,Donor,Spring,Leaf,Loch_Raven,Ameletus,0
Donor_Cage_13,Donor_13,Donor,Spring,Leaf,Loch_Raven,Diplectrona,0
Donor_Cage_13,Donor_13,Donor,Spring,Leaf,Loch_Raven,Eccoptura,0
Donor_Cage_13,Donor_13,Donor,Spring,Leaf,Loch_Raven,Hydropsyche,0
Donor_Cage_13,Donor_13,Donor,Spring,Leaf,Loch_Raven,Baetisca,0
Donor_Cage_13,Donor_13,Donor,Spring,Leaf,Loch_Raven,Simulium,0
Donor_Cage_13,Donor_13,Donor,Spring,Leaf,Loch_Raven,Isoperla,0
Donor_Cage_13,Donor_13,Donor,Spring,Leaf,Loch_Raven,Dixa,0
Donor_Cage_13,Donor_13,Donor,Spring,Leaf,Loch_Raven,Tropisternus,0
Donor_Cage_13,Donor_13,Donor,Spring,Leaf,Loch_Raven,Anchytarsus,0
Donor_Cage_13,Donor_13,Donor,Spring,Leaf,Loch_Raven,Psilotreta,0
Donor_Cage_13,Donor_13,Donor,Spring,Leaf,Loch_Raven,Dubiraphia,0
Donor_Cage_13,Donor_13,Donor,Spring,Leaf,Loch_Raven,Ptilostomis,0
Donor_Cage_13,Donor_13,Donor,Spring,Leaf,Loch_Raven,Calopteryx,0
Donor_Cage_13,Donor_13,Donor,Spring,Leaf,Loch_Raven,Molanna,0
Donor_Cage_13,Donor_13,Donor,Spring,Leaf,Loch_Raven,Boyeria,0
Donor_Cage_13,Donor_13,Donor,Spring,Leaf,Loch_Raven,Leptophlebia,0
Donor_Cage_13,Donor_13,Donor,Spring,Leaf,Loch_Raven,Nyctiophylax,0
Donor_Cage_13,Donor_13,Donor,Spring,Leaf,Loch_Raven,Argia,0
Donor_Cage_13,Donor_13,Donor,Spring,Leaf,Loch_Raven,Rhyacophila,0
Donor_Cage_13,Donor_13,Donor,Spring,Leaf,Loch_Raven,Probezzia,0
Donor_Cage_13,Donor_13,Donor,Spring,Leaf,Loch_Raven,Neureclipsis,0
Donor_Cage_13,Donor_13,Donor,Spring,Leaf,Loch_Raven,Eurylophella,0
Donor_Cage_13,Donor_13,Donor,Spring,Leaf,Loch_Raven,Glossosoma,0
Donor_Cage_13,Donor_13,Donor,Spring,Leaf,Loch_Raven,Rhagovelia,0
Donor_Cage_13,Donor_13,Donor,Spring,Leaf,Loch_Raven,Neophylax,1
Donor_Cage_13,Donor_13,Donor,Spring,Leaf,Loch_Raven,Microvelia,0
Donor_Cage_13,Donor_13,Donor,Spring,Leaf,Loch_Raven,Hydatophylax,0
Donor_Cage_13,Donor_13,Donor,Spring,Leaf,Loch_Raven,Antocha,1
Donor_Cage_13,Donor_13,Donor,Spring,Leaf,Loch_Raven,Lepidostoma,0
Donor_Cage_13,Donor_13,Donor,Spring,Leaf,Loch_Raven,Baetis,0
Donor_Cage_13,Donor_13,Donor,Spring,Leaf,Loch_Raven,Oecetis,0
Donor_Cage_13,Donor_13,Donor,Spring,Leaf,Loch_Raven,Ironoquia,0
Donor_Cage_13,Donor_13,Donor,Spring,Leaf,Loch_Raven,Timpanoga,4
Donor_Cage_13,Donor_13,Donor,Spring,Leaf,Loch_Raven,Polycentropus,0
Donor_Cage_13,Donor_13,Donor,Spring,Leaf,Loch_Raven,Amphinemura,1
Donor_Cage_13,Donor_13,Donor,Spring,Leaf,Loch_Raven,Penelomax,0
Donor_Cage_13,Donor_13,Donor,Spring,Leaf,Loch_Raven,Ephemerella,6
Donor_Cage_13,Donor_13,Donor,Spring,Leaf,Loch_Raven,Hemerodromia,2
Donor_Cage_13,Donor_13,Donor,Spring,Leaf,Loch_Raven,Shipsa,0
Donor_Cage_13,Donor_13,Donor,Spring,Leaf,Loch_Raven,Helichus,0
Donor_Cage_13,Donor_13,Donor,Spring,Leaf,Loch_Raven,Neoleptophlebia,0
Donor_Cage_13,Donor_13,Donor,Spring,Leaf,Loch_Raven,Attenella,0
Donor_Cage_13,Donor_13,Donor,Spring,Leaf,Loch_Raven,Entomobryidae,0
Donor_Cage_13,Donor_13,Donor,Spring,Leaf,Loch_Raven,Heptageniidae,0
Donor_Cage_13,Donor_13,Donor,Spring,Leaf,Loch_Raven,Aeshna,0
Donor_Cage_13,Donor_13,Donor,Spring,Leaf,Loch_Raven,Crambidae,0
Donor_Cage_13,Donor_13,Donor,Spring,Leaf,Loch_Raven,Teloganopsis,0
Donor_Cage_13,Donor_13,Donor,Spring,Leaf,Loch_Raven,Leptoceridae,0
Donor_Cage_13,Donor_13,Donor,Spring,Leaf,Loch_Raven,Pycnopsyche,1
Donor_Cage_13,Donor_13,Donor,Spring,Leaf,Loch_Raven,Triaenodes,0
Donor_Cage_13,Donor_13,Donor,Spring,Leaf,Loch_Raven,Serratella,0
Donor_Cage_13,Donor_13,Donor,Spring,Leaf,Loch_Raven,Optioservus,1
Donor_Cage_13,Donor_13,Donor,Spring,Leaf,Loch_Raven,Hydrachnidia,0
Donor_Cage_13,Donor_13,Donor,Spring,Leaf,Loch_Raven,Polymitarcyidae,0
Donor_Cage_13,Donor_13,Donor,Spring,Leaf,Loch_Raven,Cambarus,0
Donor_Cage_13,Donor_13,Donor,Spring,Leaf,Loch_Raven,Ancyronyx,0
Donor_Cage_13,Donor_13,Donor,Spring,Leaf,Loch_Raven,Gammarus,0
Donor_Cage_13,Donor_13,Donor,Spring,Leaf,Loch_Raven,Neoperla,0
Donor_Cage_14,Donor_13,Donor,Spring,Leaf,Loch_Raven,Allocapnia,0
Donor_Cage_14,Donor_13,Donor,Spring,Leaf,Loch_Raven,Maccaffertium,4
Donor_Cage_14,Donor_13,Donor,Spring,Leaf,Loch_Raven,Chironomidae,272
Donor_Cage_14,Donor_13,Donor,Spring,Leaf,Loch_Raven,Tipula,1
Donor_Cage_14,Donor_13,Donor,Spring,Leaf,Loch_Raven,Dolophilodes,0
Donor_Cage_14,Donor_13,Donor,Spring,Leaf,Loch_Raven,Cheumatopsyche,0
Donor_Cage_14,Donor_13,Donor,Spring,Leaf,Loch_Raven,Isonychia,0
Donor_Cage_14,Donor_13,Donor,Spring,Leaf,Loch_Raven,Plectrocnemia,1
Donor_Cage_14,Donor_13,Donor,Spring,Leaf,Loch_Raven,Chimarra,0
Donor_Cage_14,Donor_13,Donor,Spring,Leaf,Loch_Raven,Nigronia,0
Donor_Cage_14,Donor_13,Donor,Spring,Leaf,Loch_Raven,Ameletus,0
Donor_Cage_14,Donor_13,Donor,Spring,Leaf,Loch_Raven,Diplectrona,0
Donor_Cage_14,Donor_13,Donor,Spring,Leaf,Loch_Raven,Eccoptura,0
Donor_Cage_14,Donor_13,Donor,Spring,Leaf,Loch_Raven,Hydropsyche,0
Donor_Cage_14,Donor_13,Donor,Spring,Leaf,Loch_Raven,Baetisca,0
Donor_Cage_14,Donor_13,Donor,Spring,Leaf,Loch_Raven,Simulium,0
Donor_Cage_14,Donor_13,Donor,Spring,Leaf,Loch_Raven,Isoperla,1
Donor_Cage_14,Donor_13,Donor,Spring,Leaf,Loch_Raven,Dixa,0
Donor_Cage_14,Donor_13,Donor,Spring,Leaf,Loch_Raven,Tropisternus,0
Donor_Cage_14,Donor_13,Donor,Spring,Leaf,Loch_Raven,Anchytarsus,0
Donor_Cage_14,Donor_13,Donor,Spring,Leaf,Loch_Raven,Psilotreta,0
Donor_Cage_14,Donor_13,Donor,Spring,Leaf,Loch_Raven,Dubiraphia,0
Donor_Cage_14,Donor_13,Donor,Spring,Leaf,Loch_Raven,Ptilostomis,0
Donor_Cage_14,Donor_13,Donor,Spring,Leaf,Loch_Raven,Calopteryx,0
Donor_Cage_14,Donor_13,Donor,Spring,Leaf,Loch_Raven,Molanna,0
Donor_Cage_14,Donor_13,Donor,Spring,Leaf,Loch_Raven,Boyeria,0
Donor_Cage_14,Donor_13,Donor,Spring,Leaf,Loch_Raven,Leptophlebia,0
Donor_Cage_14,Donor_13,Donor,Spring,Leaf,Loch_Raven,Nyctiophylax,0
Donor_Cage_14,Donor_13,Donor,Spring,Leaf,Loch_Raven,Argia,0
Donor_Cage_14,Donor_13,Donor,Spring,Leaf,Loch_Raven,Rhyacophila,0
Donor_Cage_14,Donor_13,Donor,Spring,Leaf,Loch_Raven,Probezzia,1
Donor_Cage_14,Donor_13,Donor,Spring,Leaf,Loch_Raven,Neureclipsis,0
Donor_Cage_14,Donor_13,Donor,Spring,Leaf,Loch_Raven,Eurylophella,0
Donor_Cage_14,Donor_13,Donor,Spring,Leaf,Loch_Raven,Glossosoma,0
Donor_Cage_14,Donor_13,Donor,Spring,Leaf,Loch_Raven,Rhagovelia,0
Donor_Cage_14,Donor_13,Donor,Spring,Leaf,Loch_Raven,Neophylax,0
Donor_Cage_14,Donor_13,Donor,Spring,Leaf,Loch_Raven,Microvelia,0
Donor_Cage_14,Donor_13,Donor,Spring,Leaf,Loch_Raven,Hydatophylax,0
Donor_Cage_14,Donor_13,Donor,Spring,Leaf,Loch_Raven,Antocha,0
Donor_Cage_14,Donor_13,Donor,Spring,Leaf,Loch_Raven,Lepidostoma,0
Donor_Cage_14,Donor_13,Donor,Spring,Leaf,Loch_Raven,Baetis,0
Donor_Cage_14,Donor_13,Donor,Spring,Leaf,Loch_Raven,Oecetis,0
Donor_Cage_14,Donor_13,Donor,Spring,Leaf,Loch_Raven,Ironoquia,0
Donor_Cage_14,Donor_13,Donor,Spring,Leaf,Loch_Raven,Timpanoga,4
Donor_Cage_14,Donor_13,Donor,Spring,Leaf,Loch_Raven,Polycentropus,0
Donor_Cage_14,Donor_13,Donor,Spring,Leaf,Loch_Raven,Amphinemura,1
Donor_Cage_14,Donor_13,Donor,Spring,Leaf,Loch_Raven,Penelomax,0
Donor_Cage_14,Donor_13,Donor,Spring,Leaf,Loch_Raven,Ephemerella,5
Donor_Cage_14,Donor_13,Donor,Spring,Leaf,Loch_Raven,Hemerodromia,0
Donor_Cage_14,Donor_13,Donor,Spring,Leaf,Loch_Raven,Shipsa,0
Donor_Cage_14,Donor_13,Donor,Spring,Leaf,Loch_Raven,Helichus,0
Donor_Cage_14,Donor_13,Donor,Spring,Leaf,Loch_Raven,Neoleptophlebia,0
Donor_Cage_14,Donor_13,Donor,Spring,Leaf,Loch_Raven,Attenella,0
Donor_Cage_14,Donor_13,Donor,Spring,Leaf,Loch_Raven,Entomobryidae,0
Donor_Cage_14,Donor_13,Donor,Spring,Leaf,Loch_Raven,Heptageniidae,0
Donor_Cage_14,Donor_13,Donor,Spring,Leaf,Loch_Raven,Aeshna,0
Donor_Cage_14,Donor_13,Donor,Spring,Leaf,Loch_Raven,Crambidae,0
Donor_Cage_14,Donor_13,Donor,Spring,Leaf,Loch_Raven,Teloganopsis,0
Donor_Cage_14,Donor_13,Donor,Spring,Leaf,Loch_Raven,Leptoceridae,0
Donor_Cage_14,Donor_13,Donor,Spring,Leaf,Loch_Raven,Pycnopsyche,0
Donor_Cage_14,Donor_13,Donor,Spring,Leaf,Loch_Raven,Triaenodes,0
Donor_Cage_14,Donor_13,Donor,Spring,Leaf,Loch_Raven,Serratella,0
Donor_Cage_14,Donor_13,Donor,Spring,Leaf,Loch_Raven,Optioservus,0
Donor_Cage_14,Donor_13,Donor,Spring,Leaf,Loch_Raven,Hydrachnidia,0
Donor_Cage_14,Donor_13,Donor,Spring,Leaf,Loch_Raven,Polymitarcyidae,0
Donor_Cage_14,Donor_13,Donor,Spring,Leaf,Loch_Raven,Cambarus,0
Donor_Cage_14,Donor_13,Donor,Spring,Leaf,Loch_Raven,Ancyronyx,0
Donor_Cage_14,Donor_13,Donor,Spring,Leaf,Loch_Raven,Gammarus,0
Donor_Cage_14,Donor_13,Donor,Spring,Leaf,Loch_Raven,Neoperla,0
Donor_Cage_15,Donor_13,Donor,Spring,Leaf,Loch_Raven,Allocapnia,0
Donor_Cage_15,Donor_13,Donor,Spring,Leaf,Loch_Raven,Maccaffertium,4
Donor_Cage_15,Donor_13,Donor,Spring,Leaf,Loch_Raven,Chironomidae,243
Donor_Cage_15,Donor_13,Donor,Spring,Leaf,Loch_Raven,Tipula,1
Donor_Cage_15,Donor_13,Donor,Spring,Leaf,Loch_Raven,Dolophilodes,0
Donor_Cage_15,Donor_13,Donor,Spring,Leaf,Loch_Raven,Cheumatopsyche,1
Donor_Cage_15,Donor_13,Donor,Spring,Leaf,Loch_Raven,Isonychia,0
Donor_Cage_15,Donor_13,Donor,Spring,Leaf,Loch_Raven,Plectrocnemia,2
Donor_Cage_15,Donor_13,Donor,Spring,Leaf,Loch_Raven,Chimarra,0
Donor_Cage_15,Donor_13,Donor,Spring,Leaf,Loch_Raven,Nigronia,0
Donor_Cage_15,Donor_13,Donor,Spring,Leaf,Loch_Raven,Ameletus,0
Donor_Cage_15,Donor_13,Donor,Spring,Leaf,Loch_Raven,Diplectrona,0
Donor_Cage_15,Donor_13,Donor,Spring,Leaf,Loch_Raven,Eccoptura,0
Donor_Cage_15,Donor_13,Donor,Spring,Leaf,Loch_Raven,Hydropsyche,0
Donor_Cage_15,Donor_13,Donor,Spring,Leaf,Loch_Raven,Baetisca,0
Donor_Cage_15,Donor_13,Donor,Spring,Leaf,Loch_Raven,Simulium,0
Donor_Cage_15,Donor_13,Donor,Spring,Leaf,Loch_Raven,Isoperla,0
Donor_Cage_15,Donor_13,Donor,Spring,Leaf,Loch_Raven,Dixa,0
Donor_Cage_15,Donor_13,Donor,Spring,Leaf,Loch_Raven,Tropisternus,0
Donor_Cage_15,Donor_13,Donor,Spring,Leaf,Loch_Raven,Anchytarsus,0
Donor_Cage_15,Donor_13,Donor,Spring,Leaf,Loch_Raven,Psilotreta,0
Donor_Cage_15,Donor_13,Donor,Spring,Leaf,Loch_Raven,Dubiraphia,0
Donor_Cage_15,Donor_13,Donor,Spring,Leaf,Loch_Raven,Ptilostomis,0
Donor_Cage_15,Donor_13,Donor,Spring,Leaf,Loch_Raven,Calopteryx,1
Donor_Cage_15,Donor_13,Donor,Spring,Leaf,Loch_Raven,Molanna,0
Donor_Cage_15,Donor_13,Donor,Spring,Leaf,Loch_Raven,Boyeria,0
Donor_Cage_15,Donor_13,Donor,Spring,Leaf,Loch_Raven,Leptophlebia,0
Donor_Cage_15,Donor_13,Donor,Spring,Leaf,Loch_Raven,Nyctiophylax,0
Donor_Cage_15,Donor_13,Donor,Spring,Leaf,Loch_Raven,Argia,0
Donor_Cage_15,Donor_13,Donor,Spring,Leaf,Loch_Raven,Rhyacophila,0
Donor_Cage_15,Donor_13,Donor,Spring,Leaf,Loch_Raven,Probezzia,0
Donor_Cage_15,Donor_13,Donor,Spring,Leaf,Loch_Raven,Neureclipsis,0
Donor_Cage_15,Donor_13,Donor,Spring,Leaf,Loch_Raven,Eurylophella,0
Donor_Cage_15,Donor_13,Donor,Spring,Leaf,Loch_Raven,Glossosoma,0
Donor_Cage_15,Donor_13,Donor,Spring,Leaf,Loch_Raven,Rhagovelia,0
Donor_Cage_15,Donor_13,Donor,Spring,Leaf,Loch_Raven,Neophylax,1
Donor_Cage_15,Donor_13,Donor,Spring,Leaf,Loch_Raven,Microvelia,0
Donor_Cage_15,Donor_13,Donor,Spring,Leaf,Loch_Raven,Hydatophylax,0
Donor_Cage_15,Donor_13,Donor,Spring,Leaf,Loch_Raven,Antocha,0
Donor_Cage_15,Donor_13,Donor,Spring,Leaf,Loch_Raven,Lepidostoma,0
Donor_Cage_15,Donor_13,Donor,Spring,Leaf,Loch_Raven,Baetis,0
Donor_Cage_15,Donor_13,Donor,Spring,Leaf,Loch_Raven,Oecetis,0
Donor_Cage_15,Donor_13,Donor,Spring,Leaf,Loch_Raven,Ironoquia,0
Donor_Cage_15,Donor_13,Donor,Spring,Leaf,Loch_Raven,Timpanoga,6
Donor_Cage_15,Donor_13,Donor,Spring,Leaf,Loch_Raven,Polycentropus,0
Donor_Cage_15,Donor_13,Donor,Spring,Leaf,Loch_Raven,Amphinemura,1
Donor_Cage_15,Donor_13,Donor,Spring,Leaf,Loch_Raven,Penelomax,0
Donor_Cage_15,Donor_13,Donor,Spring,Leaf,Loch_Raven,Ephemerella,0
Donor_Cage_15,Donor_13,Donor,Spring,Leaf,Loch_Raven,Hemerodromia,0
Donor_Cage_15,Donor_13,Donor,Spring,Leaf,Loch_Raven,Shipsa,0
Donor_Cage_15,Donor_13,Donor,Spring,Leaf,Loch_Raven,Helichus,0
Donor_Cage_15,Donor_13,Donor,Spring,Leaf,Loch_Raven,Neoleptophlebia,0
Donor_Cage_15,Donor_13,Donor,Spring,Leaf,Loch_Raven,Attenella,0
Donor_Cage_15,Donor_13,Donor,Spring,Leaf,Loch_Raven,Entomobryidae,0
Donor_Cage_15,Donor_13,Donor,Spring,Leaf,Loch_Raven,Heptageniidae,0
Donor_Cage_15,Donor_13,Donor,Spring,Leaf,Loch_Raven,Aeshna,0
Donor_Cage_15,Donor_13,Donor,Spring,Leaf,Loch_Raven,Crambidae,0
Donor_Cage_15,Donor_13,Donor,Spring,Leaf,Loch_Raven,Teloganopsis,0
Donor_Cage_15,Donor_13,Donor,Spring,Leaf,Loch_Raven,Leptoceridae,0
Donor_Cage_15,Donor_13,Donor,Spring,Leaf,Loch_Raven,Pycnopsyche,1
Donor_Cage_15,Donor_13,Donor,Spring,Leaf,Loch_Raven,Triaenodes,0
Donor_Cage_15,Donor_13,Donor,Spring,Leaf,Loch_Raven,Serratella,0
Donor_Cage_15,Donor_13,Donor,Spring,Leaf,Loch_Raven,Optioservus,0
Donor_Cage_15,Donor_13,Donor,Spring,Leaf,Loch_Raven,Hydrachnidia,2
Donor_Cage_15,Donor_13,Donor,Spring,Leaf,Loch_Raven,Polymitarcyidae,0
Donor_Cage_15,Donor_13,Donor,Spring,Leaf,Loch_Raven,Cambarus,0
Donor_Cage_15,Donor_13,Donor,Spring,Leaf,Loch_Raven,Ancyronyx,0
Donor_Cage_15,Donor_13,Donor,Spring,Leaf,Loch_Raven,Gammarus,0
Donor_Cage_15,Donor_13,Donor,Spring,Leaf,Loch_Raven,Neoperla,0
Donor_Cage_11,Donor_13,Donor,Spring,Rock,Loch_Raven,Allocapnia,0
Donor_Cage_11,Donor_13,Donor,Spring,Rock,Loch_Raven,Maccaffertium,15
Donor_Cage_11,Donor_13,Donor,Spring,Rock,Loch_Raven,Chironomidae,79
Donor_Cage_11,Donor_13,Donor,Spring,Rock,Loch_Raven,Tipula,0
Donor_Cage_11,Donor_13,Donor,Spring,Rock,Loch_Raven,Dolophilodes,0
Donor_Cage_11,Donor_13,Donor,Spring,Rock,Loch_Raven,Cheumatopsyche,4
Donor_Cage_11,Donor_13,Donor,Spring,Rock,Loch_Raven,Isonychia,1
Donor_Cage_11,Donor_13,Donor,Spring,Rock,Loch_Raven,Plectrocnemia,0
Donor_Cage_11,Donor_13,Donor,Spring,Rock,Loch_Raven,Chimarra,1
Donor_Cage_11,Donor_13,Donor,Spring,Rock,Loch_Raven,Nigronia,0
Donor_Cage_11,Donor_13,Donor,Spring,Rock,Loch_Raven,Ameletus,0
Donor_Cage_11,Donor_13,Donor,Spring,Rock,Loch_Raven,Diplectrona,1
Donor_Cage_11,Donor_13,Donor,Spring,Rock,Loch_Raven,Eccoptura,0
Donor_Cage_11,Donor_13,Donor,Spring,Rock,Loch_Raven,Hydropsyche,0
Donor_Cage_11,Donor_13,Donor,Spring,Rock,Loch_Raven,Baetisca,0
Donor_Cage_11,Donor_13,Donor,Spring,Rock,Loch_Raven,Simulium,0
Donor_Cage_11,Donor_13,Donor,Spring,Rock,Loch_Raven,Isoperla,0
Donor_Cage_11,Donor_13,Donor,Spring,Rock,Loch_Raven,Dixa,0
Donor_Cage_11,Donor_13,Donor,Spring,Rock,Loch_Raven,Tropisternus,0
Donor_Cage_11,Donor_13,Donor,Spring,Rock,Loch_Raven,Anchytarsus,0
Donor_Cage_11,Donor_13,Donor,Spring,Rock,Loch_Raven,Psilotreta,0
Donor_Cage_11,Donor_13,Donor,Spring,Rock,Loch_Raven,Dubiraphia,0
Donor_Cage_11,Donor_13,Donor,Spring,Rock,Loch_Raven,Ptilostomis,0
Donor_Cage_11,Donor_13,Donor,Spring,Rock,Loch_Raven,Calopteryx,0
Donor_Cage_11,Donor_13,Donor,Spring,Rock,Loch_Raven,Molanna,0
Donor_Cage_11,Donor_13,Donor,Spring,Rock,Loch_Raven,Boyeria,0
Donor_Cage_11,Donor_13,Donor,Spring,Rock,Loch_Raven,Leptophlebia,0
Donor_Cage_11,Donor_13,Donor,Spring,Rock,Loch_Raven,Nyctiophylax,0
Donor_Cage_11,Donor_13,Donor,Spring,Rock,Loch_Raven,Argia,0
Donor_Cage_11,Donor_13,Donor,Spring,Rock,Loch_Raven,Rhyacophila,0
Donor_Cage_11,Donor_13,Donor,Spring,Rock,Loch_Raven,Probezzia,0
Donor_Cage_11,Donor_13,Donor,Spring,Rock,Loch_Raven,Neureclipsis,0
Donor_Cage_11,Donor_13,Donor,Spring,Rock,Loch_Raven,Eurylophella,0
Donor_Cage_11,Donor_13,Donor,Spring,Rock,Loch_Raven,Glossosoma,0
Donor_Cage_11,Donor_13,Donor,Spring,Rock,Loch_Raven,Rhagovelia,0
Donor_Cage_11,Donor_13,Donor,Spring,Rock,Loch_Raven,Neophylax,1
Donor_Cage_11,Donor_13,Donor,Spring,Rock,Loch_Raven,Microvelia,0
Donor_Cage_11,Donor_13,Donor,Spring,Rock,Loch_Raven,Hydatophylax,0
Donor_Cage_11,Donor_13,Donor,Spring,Rock,Loch_Raven,Antocha,0
Donor_Cage_11,Donor_13,Donor,Spring,Rock,Loch_Raven,Lepidostoma,0
Donor_Cage_11,Donor_13,Donor,Spring,Rock,Loch_Raven,Baetis,0
Donor_Cage_11,Donor_13,Donor,Spring,Rock,Loch_Raven,Oecetis,0
Donor_Cage_11,Donor_13,Donor,Spring,Rock,Loch_Raven,Ironoquia,0
Donor_Cage_11,Donor_13,Donor,Spring,Rock,Loch_Raven,Timpanoga,1
Donor_Cage_11,Donor_13,Donor,Spring,Rock,Loch_Raven,Polycentropus,0
Donor_Cage_11,Donor_13,Donor,Spring,Rock,Loch_Raven,Amphinemura,0
Donor_Cage_11,Donor_13,Donor,Spring,Rock,Loch_Raven,Penelomax,0
Donor_Cage_11,Donor_13,Donor,Spring,Rock,Loch_Raven,Ephemerella,5
Donor_Cage_11,Donor_13,Donor,Spring,Rock,Loch_Raven,Hemerodromia,0
Donor_Cage_11,Donor_13,Donor,Spring,Rock,Loch_Raven,Shipsa,0
Donor_Cage_11,Donor_13,Donor,Spring,Rock,Loch_Raven,Helichus,0
Donor_Cage_11,Donor_13,Donor,Spring,Rock,Loch_Raven,Neoleptophlebia,0
Donor_Cage_11,Donor_13,Donor,Spring,Rock,Loch_Raven,Attenella,0
Donor_Cage_11,Donor_13,Donor,Spring,Rock,Loch_Raven,Entomobryidae,0
Donor_Cage_11,Donor_13,Donor,Spring,Rock,Loch_Raven,Heptageniidae,0
Donor_Cage_11,Donor_13,Donor,Spring,Rock,Loch_Raven,Aeshna,0
Donor_Cage_11,Donor_13,Donor,Spring,Rock,Loch_Raven,Crambidae,0
Donor_Cage_11,Donor_13,Donor,Spring,Rock,Loch_Raven,Teloganopsis,0
Donor_Cage_11,Donor_13,Donor,Spring,Rock,Loch_Raven,Leptoceridae,0
Donor_Cage_11,Donor_13,Donor,Spring,Rock,Loch_Raven,Pycnopsyche,0
Donor_Cage_11,Donor_13,Donor,Spring,Rock,Loch_Raven,Triaenodes,0
Donor_Cage_11,Donor_13,Donor,Spring,Rock,Loch_Raven,Serratella,0
Donor_Cage_11,Donor_13,Donor,Spring,Rock,Loch_Raven,Optioservus,0
Donor_Cage_11,Donor_13,Donor,Spring,Rock,Loch_Raven,Hydrachnidia,0
Donor_Cage_11,Donor_13,Donor,Spring,Rock,Loch_Raven,Polymitarcyidae,0
Donor_Cage_11,Donor_13,Donor,Spring,Rock,Loch_Raven,Cambarus,0
Donor_Cage_11,Donor_13,Donor,Spring,Rock,Loch_Raven,Ancyronyx,0
Donor_Cage_11,Donor_13,Donor,Spring,Rock,Loch_Raven,Gammarus,0
Donor_Cage_11,Donor_13,Donor,Spring,Rock,Loch_Raven,Neoperla,0
Donor_Cage_12,Donor_13,Donor,Spring,Rock,Loch_Raven,Allocapnia,0
Donor_Cage_12,Donor_13,Donor,Spring,Rock,Loch_Raven,Maccaffertium,20
Donor_Cage_12,Donor_13,Donor,Spring,Rock,Loch_Raven,Chironomidae,115
Donor_Cage_12,Donor_13,Donor,Spring,Rock,Loch_Raven,Tipula,0
Donor_Cage_12,Donor_13,Donor,Spring,Rock,Loch_Raven,Dolophilodes,0
Donor_Cage_12,Donor_13,Donor,Spring,Rock,Loch_Raven,Cheumatopsyche,1
Donor_Cage_12,Donor_13,Donor,Spring,Rock,Loch_Raven,Isonychia,1
Donor_Cage_12,Donor_13,Donor,Spring,Rock,Loch_Raven,Plectrocnemia,0
Donor_Cage_12,Donor_13,Donor,Spring,Rock,Loch_Raven,Chimarra,0
Donor_Cage_12,Donor_13,Donor,Spring,Rock,Loch_Raven,Nigronia,0
Donor_Cage_12,Donor_13,Donor,Spring,Rock,Loch_Raven,Ameletus,0
Donor_Cage_12,Donor_13,Donor,Spring,Rock,Loch_Raven,Diplectrona,0
Donor_Cage_12,Donor_13,Donor,Spring,Rock,Loch_Raven,Eccoptura,0
Donor_Cage_12,Donor_13,Donor,Spring,Rock,Loch_Raven,Hydropsyche,0
Donor_Cage_12,Donor_13,Donor,Spring,Rock,Loch_Raven,Baetisca,0
Donor_Cage_12,Donor_13,Donor,Spring,Rock,Loch_Raven,Simulium,0
Donor_Cage_12,Donor_13,Donor,Spring,Rock,Loch_Raven,Isoperla,0
Donor_Cage_12,Donor_13,Donor,Spring,Rock,Loch_Raven,Dixa,0
Donor_Cage_12,Donor_13,Donor,Spring,Rock,Loch_Raven,Tropisternus,0
Donor_Cage_12,Donor_13,Donor,Spring,Rock,Loch_Raven,Anchytarsus,0
Donor_Cage_12,Donor_13,Donor,Spring,Rock,Loch_Raven,Psilotreta,0
Donor_Cage_12,Donor_13,Donor,Spring,Rock,Loch_Raven,Dubiraphia,0
Donor_Cage_12,Donor_13,Donor,Spring,Rock,Loch_Raven,Ptilostomis,0
Donor_Cage_12,Donor_13,Donor,Spring,Rock,Loch_Raven,Calopteryx,0
Donor_Cage_12,Donor_13,Donor,Spring,Rock,Loch_Raven,Molanna,0
Donor_Cage_12,Donor_13,Donor,Spring,Rock,Loch_Raven,Boyeria,0
Donor_Cage_12,Donor_13,Donor,Spring,Rock,Loch_Raven,Leptophlebia,0
Donor_Cage_12,Donor_13,Donor,Spring,Rock,Loch_Raven,Nyctiophylax,0
Donor_Cage_12,Donor_13,Donor,Spring,Rock,Loch_Raven,Argia,0
Donor_Cage_12,Donor_13,Donor,Spring,Rock,Loch_Raven,Rhyacophila,0
Donor_Cage_12,Donor_13,Donor,Spring,Rock,Loch_Raven,Probezzia,0
Donor_Cage_12,Donor_13,Donor,Spring,Rock,Loch_Raven,Neureclipsis,0
Donor_Cage_12,Donor_13,Donor,Spring,Rock,Loch_Raven,Eurylophella,0
Donor_Cage_12,Donor_13,Donor,Spring,Rock,Loch_Raven,Glossosoma,0
Donor_Cage_12,Donor_13,Donor,Spring,Rock,Loch_Raven,Rhagovelia,0
Donor_Cage_12,Donor_13,Donor,Spring,Rock,Loch_Raven,Neophylax,1
Donor_Cage_12,Donor_13,Donor,Spring,Rock,Loch_Raven,Microvelia,0
Donor_Cage_12,Donor_13,Donor,Spring,Rock,Loch_Raven,Hydatophylax,0
Donor_Cage_12,Donor_13,Donor,Spring,Rock,Loch_Raven,Antocha,3
Donor_Cage_12,Donor_13,Donor,Spring,Rock,Loch_Raven,Lepidostoma,0
Donor_Cage_12,Donor_13,Donor,Spring,Rock,Loch_Raven,Baetis,0
Donor_Cage_12,Donor_13,Donor,Spring,Rock,Loch_Raven,Oecetis,0
Donor_Cage_12,Donor_13,Donor,Spring,Rock,Loch_Raven,Ironoquia,0
Donor_Cage_12,Donor_13,Donor,Spring,Rock,Loch_Raven,Timpanoga,10
Donor_Cage_12,Donor_13,Donor,Spring,Rock,Loch_Raven,Polycentropus,0
Donor_Cage_12,Donor_13,Donor,Spring,Rock,Loch_Raven,Amphinemura,0
Donor_Cage_12,Donor_13,Donor,Spring,Rock,Loch_Raven,Penelomax,1
Donor_Cage_12,Donor_13,Donor,Spring,Rock,Loch_Raven,Ephemerella,2
Donor_Cage_12,Donor_13,Donor,Spring,Rock,Loch_Raven,Hemerodromia,0
Donor_Cage_12,Donor_13,Donor,Spring,Rock,Loch_Raven,Shipsa,0
Donor_Cage_12,Donor_13,Donor,Spring,Rock,Loch_Raven,Helichus,0
Donor_Cage_12,Donor_13,Donor,Spring,Rock,Loch_Raven,Neoleptophlebia,0
Donor_Cage_12,Donor_13,Donor,Spring,Rock,Loch_Raven,Attenella,0
Donor_Cage_12,Donor_13,Donor,Spring,Rock,Loch_Raven,Entomobryidae,0
Donor_Cage_12,Donor_13,Donor,Spring,Rock,Loch_Raven,Heptageniidae,0
Donor_Cage_12,Donor_13,Donor,Spring,Rock,Loch_Raven,Aeshna,0
Donor_Cage_12,Donor_13,Donor,Spring,Rock,Loch_Raven,Crambidae,0
Donor_Cage_12,Donor_13,Donor,Spring,Rock,Loch_Raven,Teloganopsis,0
Donor_Cage_12,Donor_13,Donor,Spring,Rock,Loch_Raven,Leptoceridae,0
Donor_Cage_12,Donor_13,Donor,Spring,Rock,Loch_Raven,Pycnopsyche,0
Donor_Cage_12,Donor_13,Donor,Spring,Rock,Loch_Raven,Triaenodes,0
Donor_Cage_12,Donor_13,Donor,Spring,Rock,Loch_Raven,Serratella,0
Donor_Cage_12,Donor_13,Donor,Spring,Rock,Loch_Raven,Optioservus,0
Donor_Cage_12,Donor_13,Donor,Spring,Rock,Loch_Raven,Hydrachnidia,0
Donor_Cage_12,Donor_13,Donor,Spring,Rock,Loch_Raven,Polymitarcyidae,1
Donor_Cage_12,Donor_13,Donor,Spring,Rock,Loch_Raven,Cambarus,0
Donor_Cage_12,Donor_13,Donor,Spring,Rock,Loch_Raven,Ancyronyx,0
Donor_Cage_12,Donor_13,Donor,Spring,Rock,Loch_Raven,Gammarus,0
Donor_Cage_12,Donor_13,Donor,Spring,Rock,Loch_Raven,Neoperla,0
Donor_Cage_13,Donor_13,Donor,Spring,Rock,Loch_Raven,Allocapnia,0
Donor_Cage_13,Donor_13,Donor,Spring,Rock,Loch_Raven,Maccaffertium,11
Donor_Cage_13,Donor_13,Donor,Spring,Rock,Loch_Raven,Chironomidae,144
Donor_Cage_13,Donor_13,Donor,Spring,Rock,Loch_Raven,Tipula,1
Donor_Cage_13,Donor_13,Donor,Spring,Rock,Loch_Raven,Dolophilodes,0
Donor_Cage_13,Donor_13,Donor,Spring,Rock,Loch_Raven,Cheumatopsyche,0
Donor_Cage_13,Donor_13,Donor,Spring,Rock,Loch_Raven,Isonychia,1
Donor_Cage_13,Donor_13,Donor,Spring,Rock,Loch_Raven,Plectrocnemia,0
Donor_Cage_13,Donor_13,Donor,Spring,Rock,Loch_Raven,Chimarra,1
Donor_Cage_13,Donor_13,Donor,Spring,Rock,Loch_Raven,Nigronia,0
Donor_Cage_13,Donor_13,Donor,Spring,Rock,Loch_Raven,Ameletus,0
Donor_Cage_13,Donor_13,Donor,Spring,Rock,Loch_Raven,Diplectrona,0
Donor_Cage_13,Donor_13,Donor,Spring,Rock,Loch_Raven,Eccoptura,0
Donor_Cage_13,Donor_13,Donor,Spring,Rock,Loch_Raven,Hydropsyche,2
Donor_Cage_13,Donor_13,Donor,Spring,Rock,Loch_Raven,Baetisca,0
Donor_Cage_13,Donor_13,Donor,Spring,Rock,Loch_Raven,Simulium,0
Donor_Cage_13,Donor_13,Donor,Spring,Rock,Loch_Raven,Isoperla,0
Donor_Cage_13,Donor_13,Donor,Spring,Rock,Loch_Raven,Dixa,0
Donor_Cage_13,Donor_13,Donor,Spring,Rock,Loch_Raven,Tropisternus,0
Donor_Cage_13,Donor_13,Donor,Spring,Rock,Loch_Raven,Anchytarsus,0
Donor_Cage_13,Donor_13,Donor,Spring,Rock,Loch_Raven,Psilotreta,0
Donor_Cage_13,Donor_13,Donor,Spring,Rock,Loch_Raven,Dubiraphia,0
Donor_Cage_13,Donor_13,Donor,Spring,Rock,Loch_Raven,Ptilostomis,0
Donor_Cage_13,Donor_13,Donor,Spring,Rock,Loch_Raven,Calopteryx,0
Donor_Cage_13,Donor_13,Donor,Spring,Rock,Loch_Raven,Molanna,0
Donor_Cage_13,Donor_13,Donor,Spring,Rock,Loch_Raven,Boyeria,0
Donor_Cage_13,Donor_13,Donor,Spring,Rock,Loch_Raven,Leptophlebia,0
Donor_Cage_13,Donor_13,Donor,Spring,Rock,Loch_Raven,Nyctiophylax,0
Donor_Cage_13,Donor_13,Donor,Spring,Rock,Loch_Raven,Argia,0
Donor_Cage_13,Donor_13,Donor,Spring,Rock,Loch_Raven,Rhyacophila,0
Donor_Cage_13,Donor_13,Donor,Spring,Rock,Loch_Raven,Probezzia,0
Donor_Cage_13,Donor_13,Donor,Spring,Rock,Loch_Raven,Neureclipsis,0
Donor_Cage_13,Donor_13,Donor,Spring,Rock,Loch_Raven,Eurylophella,0
Donor_Cage_13,Donor_13,Donor,Spring,Rock,Loch_Raven,Glossosoma,0
Donor_Cage_13,Donor_13,Donor,Spring,Rock,Loch_Raven,Rhagovelia,0
Donor_Cage_13,Donor_13,Donor,Spring,Rock,Loch_Raven,Neophylax,2
Donor_Cage_13,Donor_13,Donor,Spring,Rock,Loch_Raven,Microvelia,0
Donor_Cage_13,Donor_13,Donor,Spring,Rock,Loch_Raven,Hydatophylax,0
Donor_Cage_13,Donor_13,Donor,Spring,Rock,Loch_Raven,Antocha,1
Donor_Cage_13,Donor_13,Donor,Spring,Rock,Loch_Raven,Lepidostoma,0
Donor_Cage_13,Donor_13,Donor,Spring,Rock,Loch_Raven,Baetis,0
Donor_Cage_13,Donor_13,Donor,Spring,Rock,Loch_Raven,Oecetis,0
Donor_Cage_13,Donor_13,Donor,Spring,Rock,Loch_Raven,Ironoquia,0
Donor_Cage_13,Donor_13,Donor,Spring,Rock,Loch_Raven,Timpanoga,9
Donor_Cage_13,Donor_13,Donor,Spring,Rock,Loch_Raven,Polycentropus,0
Donor_Cage_13,Donor_13,Donor,Spring,Rock,Loch_Raven,Amphinemura,0
Donor_Cage_13,Donor_13,Donor,Spring,Rock,Loch_Raven,Penelomax,0
Donor_Cage_13,Donor_13,Donor,Spring,Rock,Loch_Raven,Ephemerella,4
Donor_Cage_13,Donor_13,Donor,Spring,Rock,Loch_Raven,Hemerodromia,0
Donor_Cage_13,Donor_13,Donor,Spring,Rock,Loch_Raven,Shipsa,0
Donor_Cage_13,Donor_13,Donor,Spring,Rock,Loch_Raven,Helichus,1
Donor_Cage_13,Donor_13,Donor,Spring,Rock,Loch_Raven,Neoleptophlebia,0
Donor_Cage_13,Donor_13,Donor,Spring,Rock,Loch_Raven,Attenella,0
Donor_Cage_13,Donor_13,Donor,Spring,Rock,Loch_Raven,Entomobryidae,0
Donor_Cage_13,Donor_13,Donor,Spring,Rock,Loch_Raven,Heptageniidae,0
Donor_Cage_13,Donor_13,Donor,Spring,Rock,Loch_Raven,Aeshna,0
Donor_Cage_13,Donor_13,Donor,Spring,Rock,Loch_Raven,Crambidae,0
Donor_Cage_13,Donor_13,Donor,Spring,Rock,Loch_Raven,Teloganopsis,0
Donor_Cage_13,Donor_13,Donor,Spring,Rock,Loch_Raven,Leptoceridae,0
Donor_Cage_13,Donor_13,Donor,Spring,Rock,Loch_Raven,Pycnopsyche,0
Donor_Cage_13,Donor_13,Donor,Spring,Rock,Loch_Raven,Triaenodes,0
Donor_Cage_13,Donor_13,Donor,Spring,Rock,Loch_Raven,Serratella,0
Donor_Cage_13,Donor_13,Donor,Spring,Rock,Loch_Raven,Optioservus,0
Donor_Cage_13,Donor_13,Donor,Spring,Rock,Loch_Raven,Hydrachnidia,0
Donor_Cage_13,Donor_13,Donor,Spring,Rock,Loch_Raven,Polymitarcyidae,0
Donor_Cage_13,Donor_13,Donor,Spring,Rock,Loch_Raven,Cambarus,1
Donor_Cage_13,Donor_13,Donor,Spring,Rock,Loch_Raven,Ancyronyx,0
Donor_Cage_13,Donor_13,Donor,Spring,Rock,Loch_Raven,Gammarus,0
Donor_Cage_13,Donor_13,Donor,Spring,Rock,Loch_Raven,Neoperla,0
Donor_Cage_14,Donor_13,Donor,Spring,Rock,Loch_Raven,Allocapnia,0
Donor_Cage_14,Donor_13,Donor,Spring,Rock,Loch_Raven,Maccaffertium,22
Donor_Cage_14,Donor_13,Donor,Spring,Rock,Loch_Raven,Chironomidae,119
Donor_Cage_14,Donor_13,Donor,Spring,Rock,Loch_Raven,Tipula,0
Donor_Cage_14,Donor_13,Donor,Spring,Rock,Loch_Raven,Dolophilodes,0
Donor_Cage_14,Donor_13,Donor,Spring,Rock,Loch_Raven,Cheumatopsyche,0
Donor_Cage_14,Donor_13,Donor,Spring,Rock,Loch_Raven,Isonychia,0
Donor_Cage_14,Donor_13,Donor,Spring,Rock,Loch_Raven,Plectrocnemia,0
Donor_Cage_14,Donor_13,Donor,Spring,Rock,Loch_Raven,Chimarra,0
Donor_Cage_14,Donor_13,Donor,Spring,Rock,Loch_Raven,Nigronia,0
Donor_Cage_14,Donor_13,Donor,Spring,Rock,Loch_Raven,Ameletus,0
Donor_Cage_14,Donor_13,Donor,Spring,Rock,Loch_Raven,Diplectrona,0
Donor_Cage_14,Donor_13,Donor,Spring,Rock,Loch_Raven,Eccoptura,0
Donor_Cage_14,Donor_13,Donor,Spring,Rock,Loch_Raven,Hydropsyche,2
Donor_Cage_14,Donor_13,Donor,Spring,Rock,Loch_Raven,Baetisca,0
Donor_Cage_14,Donor_13,Donor,Spring,Rock,Loch_Raven,Simulium,0
Donor_Cage_14,Donor_13,Donor,Spring,Rock,Loch_Raven,Isoperla,0
Donor_Cage_14,Donor_13,Donor,Spring,Rock,Loch_Raven,Dixa,0
Donor_Cage_14,Donor_13,Donor,Spring,Rock,Loch_Raven,Tropisternus,0
Donor_Cage_14,Donor_13,Donor,Spring,Rock,Loch_Raven,Anchytarsus,0
Donor_Cage_14,Donor_13,Donor,Spring,Rock,Loch_Raven,Psilotreta,0
Donor_Cage_14,Donor_13,Donor,Spring,Rock,Loch_Raven,Dubiraphia,0
Donor_Cage_14,Donor_13,Donor,Spring,Rock,Loch_Raven,Ptilostomis,0
Donor_Cage_14,Donor_13,Donor,Spring,Rock,Loch_Raven,Calopteryx,1
Donor_Cage_14,Donor_13,Donor,Spring,Rock,Loch_Raven,Molanna,0
Donor_Cage_14,Donor_13,Donor,Spring,Rock,Loch_Raven,Boyeria,0
Donor_Cage_14,Donor_13,Donor,Spring,Rock,Loch_Raven,Leptophlebia,0
Donor_Cage_14,Donor_13,Donor,Spring,Rock,Loch_Raven,Nyctiophylax,0
Donor_Cage_14,Donor_13,Donor,Spring,Rock,Loch_Raven,Argia,0
Donor_Cage_14,Donor_13,Donor,Spring,Rock,Loch_Raven,Rhyacophila,0
Donor_Cage_14,Donor_13,Donor,Spring,Rock,Loch_Raven,Probezzia,0
Donor_Cage_14,Donor_13,Donor,Spring,Rock,Loch_Raven,Neureclipsis,0
Donor_Cage_14,Donor_13,Donor,Spring,Rock,Loch_Raven,Eurylophella,0
Donor_Cage_14,Donor_13,Donor,Spring,Rock,Loch_Raven,Glossosoma,0
Donor_Cage_14,Donor_13,Donor,Spring,Rock,Loch_Raven,Rhagovelia,0
Donor_Cage_14,Donor_13,Donor,Spring,Rock,Loch_Raven,Neophylax,0
Donor_Cage_14,Donor_13,Donor,Spring,Rock,Loch_Raven,Microvelia,0
Donor_Cage_14,Donor_13,Donor,Spring,Rock,Loch_Raven,Hydatophylax,0
Donor_Cage_14,Donor_13,Donor,Spring,Rock,Loch_Raven,Antocha,0
Donor_Cage_14,Donor_13,Donor,Spring,Rock,Loch_Raven,Lepidostoma,0
Donor_Cage_14,Donor_13,Donor,Spring,Rock,Loch_Raven,Baetis,0
Donor_Cage_14,Donor_13,Donor,Spring,Rock,Loch_Raven,Oecetis,0
Donor_Cage_14,Donor_13,Donor,Spring,Rock,Loch_Raven,Ironoquia,0
Donor_Cage_14,Donor_13,Donor,Spring,Rock,Loch_Raven,Timpanoga,16
Donor_Cage_14,Donor_13,Donor,Spring,Rock,Loch_Raven,Polycentropus,0
Donor_Cage_14,Donor_13,Donor,Spring,Rock,Loch_Raven,Amphinemura,0
Donor_Cage_14,Donor_13,Donor,Spring,Rock,Loch_Raven,Penelomax,0
Donor_Cage_14,Donor_13,Donor,Spring,Rock,Loch_Raven,Ephemerella,3
Donor_Cage_14,Donor_13,Donor,Spring,Rock,Loch_Raven,Hemerodromia,0
Donor_Cage_14,Donor_13,Donor,Spring,Rock,Loch_Raven,Shipsa,0
Donor_Cage_14,Donor_13,Donor,Spring,Rock,Loch_Raven,Helichus,0
Donor_Cage_14,Donor_13,Donor,Spring,Rock,Loch_Raven,Neoleptophlebia,0
Donor_Cage_14,Donor_13,Donor,Spring,Rock,Loch_Raven,Attenella,0
Donor_Cage_14,Donor_13,Donor,Spring,Rock,Loch_Raven,Entomobryidae,0
Donor_Cage_14,Donor_13,Donor,Spring,Rock,Loch_Raven,Heptageniidae,0
Donor_Cage_14,Donor_13,Donor,Spring,Rock,Loch_Raven,Aeshna,0
Donor_Cage_14,Donor_13,Donor,Spring,Rock,Loch_Raven,Crambidae,0
Donor_Cage_14,Donor_13,Donor,Spring,Rock,Loch_Raven,Teloganopsis,0
Donor_Cage_14,Donor_13,Donor,Spring,Rock,Loch_Raven,Leptoceridae,0
Donor_Cage_14,Donor_13,Donor,Spring,Rock,Loch_Raven,Pycnopsyche,0
Donor_Cage_14,Donor_13,Donor,Spring,Rock,Loch_Raven,Triaenodes,0
Donor_Cage_14,Donor_13,Donor,Spring,Rock,Loch_Raven,Serratella,0
Donor_Cage_14,Donor_13,Donor,Spring,Rock,Loch_Raven,Optioservus,0
Donor_Cage_14,Donor_13,Donor,Spring,Rock,Loch_Raven,Hydrachnidia,0
Donor_Cage_14,Donor_13,Donor,Spring,Rock,Loch_Raven,Polymitarcyidae,0
Donor_Cage_14,Donor_13,Donor,Spring,Rock,Loch_Raven,Cambarus,0
Donor_Cage_14,Donor_13,Donor,Spring,Rock,Loch_Raven,Ancyronyx,0
Donor_Cage_14,Donor_13,Donor,Spring,Rock,Loch_Raven,Gammarus,0
Donor_Cage_14,Donor_13,Donor,Spring,Rock,Loch_Raven,Neoperla,0
Donor_Cage_15,Donor_13,Donor,Spring,Rock,Loch_Raven,Allocapnia,0
Donor_Cage_15,Donor_13,Donor,Spring,Rock,Loch_Raven,Maccaffertium,6
Donor_Cage_15,Donor_13,Donor,Spring,Rock,Loch_Raven,Chironomidae,353
Donor_Cage_15,Donor_13,Donor,Spring,Rock,Loch_Raven,Tipula,0
Donor_Cage_15,Donor_13,Donor,Spring,Rock,Loch_Raven,Dolophilodes,0
Donor_Cage_15,Donor_13,Donor,Spring,Rock,Loch_Raven,Cheumatopsyche,0
Donor_Cage_15,Donor_13,Donor,Spring,Rock,Loch_Raven,Isonychia,0
Donor_Cage_15,Donor_13,Donor,Spring,Rock,Loch_Raven,Plectrocnemia,0
Donor_Cage_15,Donor_13,Donor,Spring,Rock,Loch_Raven,Chimarra,0
Donor_Cage_15,Donor_13,Donor,Spring,Rock,Loch_Raven,Nigronia,0
Donor_Cage_15,Donor_13,Donor,Spring,Rock,Loch_Raven,Ameletus,0
Donor_Cage_15,Donor_13,Donor,Spring,Rock,Loch_Raven,Diplectrona,0
Donor_Cage_15,Donor_13,Donor,Spring,Rock,Loch_Raven,Eccoptura,0
Donor_Cage_15,Donor_13,Donor,Spring,Rock,Loch_Raven,Hydropsyche,3
Donor_Cage_15,Donor_13,Donor,Spring,Rock,Loch_Raven,Baetisca,0
Donor_Cage_15,Donor_13,Donor,Spring,Rock,Loch_Raven,Simulium,0
Donor_Cage_15,Donor_13,Donor,Spring,Rock,Loch_Raven,Isoperla,0
Donor_Cage_15,Donor_13,Donor,Spring,Rock,Loch_Raven,Dixa,0
Donor_Cage_15,Donor_13,Donor,Spring,Rock,Loch_Raven,Tropisternus,0
Donor_Cage_15,Donor_13,Donor,Spring,Rock,Loch_Raven,Anchytarsus,0
Donor_Cage_15,Donor_13,Donor,Spring,Rock,Loch_Raven,Psilotreta,0
Donor_Cage_15,Donor_13,Donor,Spring,Rock,Loch_Raven,Dubiraphia,0
Donor_Cage_15,Donor_13,Donor,Spring,Rock,Loch_Raven,Ptilostomis,0
Donor_Cage_15,Donor_13,Donor,Spring,Rock,Loch_Raven,Calopteryx,0
Donor_Cage_15,Donor_13,Donor,Spring,Rock,Loch_Raven,Molanna,0
Donor_Cage_15,Donor_13,Donor,Spring,Rock,Loch_Raven,Boyeria,0
Donor_Cage_15,Donor_13,Donor,Spring,Rock,Loch_Raven,Leptophlebia,0
Donor_Cage_15,Donor_13,Donor,Spring,Rock,Loch_Raven,Nyctiophylax,0
Donor_Cage_15,Donor_13,Donor,Spring,Rock,Loch_Raven,Argia,0
Donor_Cage_15,Donor_13,Donor,Spring,Rock,Loch_Raven,Rhyacophila,0
Donor_Cage_15,Donor_13,Donor,Spring,Rock,Loch_Raven,Probezzia,1
Donor_Cage_15,Donor_13,Donor,Spring,Rock,Loch_Raven,Neureclipsis,0
Donor_Cage_15,Donor_13,Donor,Spring,Rock,Loch_Raven,Eurylophella,0
Donor_Cage_15,Donor_13,Donor,Spring,Rock,Loch_Raven,Glossosoma,0
Donor_Cage_15,Donor_13,Donor,Spring,Rock,Loch_Raven,Rhagovelia,0
Donor_Cage_15,Donor_13,Donor,Spring,Rock,Loch_Raven,Neophylax,0
Donor_Cage_15,Donor_13,Donor,Spring,Rock,Loch_Raven,Microvelia,0
Donor_Cage_15,Donor_13,Donor,Spring,Rock,Loch_Raven,Hydatophylax,0
Donor_Cage_15,Donor_13,Donor,Spring,Rock,Loch_Raven,Antocha,0
Donor_Cage_15,Donor_13,Donor,Spring,Rock,Loch_Raven,Lepidostoma,0
Donor_Cage_15,Donor_13,Donor,Spring,Rock,Loch_Raven,Baetis,0
Donor_Cage_15,Donor_13,Donor,Spring,Rock,Loch_Raven,Oecetis,0
Donor_Cage_15,Donor_13,Donor,Spring,Rock,Loch_Raven,Ironoquia,0
Donor_Cage_15,Donor_13,Donor,Spring,Rock,Loch_Raven,Timpanoga,5
Donor_Cage_15,Donor_13,Donor,Spring,Rock,Loch_Raven,Polycentropus,0
Donor_Cage_15,Donor_13,Donor,Spring,Rock,Loch_Raven,Amphinemura,0
Donor_Cage_15,Donor_13,Donor,Spring,Rock,Loch_Raven,Penelomax,0
Donor_Cage_15,Donor_13,Donor,Spring,Rock,Loch_Raven,Ephemerella,2
Donor_Cage_15,Donor_13,Donor,Spring,Rock,Loch_Raven,Hemerodromia,0
Donor_Cage_15,Donor_13,Donor,Spring,Rock,Loch_Raven,Shipsa,0
Donor_Cage_15,Donor_13,Donor,Spring,Rock,Loch_Raven,Helichus,0
Donor_Cage_15,Donor_13,Donor,Spring,Rock,Loch_Raven,Neoleptophlebia,0
Donor_Cage_15,Donor_13,Donor,Spring,Rock,Loch_Raven,Attenella,0
Donor_Cage_15,Donor_13,Donor,Spring,Rock,Loch_Raven,Entomobryidae,0
Donor_Cage_15,Donor_13,Donor,Spring,Rock,Loch_Raven,Heptageniidae,0
Donor_Cage_15,Donor_13,Donor,Spring,Rock,Loch_Raven,Aeshna,0
Donor_Cage_15,Donor_13,Donor,Spring,Rock,Loch_Raven,Crambidae,0
Donor_Cage_15,Donor_13,Donor,Spring,Rock,Loch_Raven,Teloganopsis,0
Donor_Cage_15,Donor_13,Donor,Spring,Rock,Loch_Raven,Leptoceridae,0
Donor_Cage_15,Donor_13,Donor,Spring,Rock,Loch_Raven,Pycnopsyche,0
Donor_Cage_15,Donor_13,Donor,Spring,Rock,Loch_Raven,Triaenodes,0
Donor_Cage_15,Donor_13,Donor,Spring,Rock,Loch_Raven,Serratella,0
Donor_Cage_15,Donor_13,Donor,Spring,Rock,Loch_Raven,Optioservus,1
Donor_Cage_15,Donor_13,Donor,Spring,Rock,Loch_Raven,Hydrachnidia,4
Donor_Cage_15,Donor_13,Donor,Spring,Rock,Loch_Raven,Polymitarcyidae,0
Donor_Cage_15,Donor_13,Donor,Spring,Rock,Loch_Raven,Cambarus,0
Donor_Cage_15,Donor_13,Donor,Spring,Rock,Loch_Raven,Ancyronyx,0
Donor_Cage_15,Donor_13,Donor,Spring,Rock,Loch_Raven,Gammarus,0
Donor_Cage_15,Donor_13,Donor,Spring,Rock,Loch_Raven,Neoperla,0
Recipient_Cage_01,Recipient_02,Recipient,Spring,Leaf,Potomac_River,Allocapnia,0
Recipient_Cage_01,Recipient_02,Recipient,Spring,Leaf,Potomac_River,Maccaffertium,3
Recipient_Cage_01,Recipient_02,Recipient,Spring,Leaf,Potomac_River,Chironomidae,33
Recipient_Cage_01,Recipient_02,Recipient,Spring,Leaf,Potomac_River,Tipula,14
Recipient_Cage_01,Recipient_02,Recipient,Spring,Leaf,Potomac_River,Dolophilodes,0
Recipient_Cage_01,Recipient_02,Recipient,Spring,Leaf,Potomac_River,Cheumatopsyche,0
Recipient_Cage_01,Recipient_02,Recipient,Spring,Leaf,Potomac_River,Isonychia,0
Recipient_Cage_01,Recipient_02,Recipient,Spring,Leaf,Potomac_River,Plectrocnemia,1
Recipient_Cage_01,Recipient_02,Recipient,Spring,Leaf,Potomac_River,Chimarra,0
Recipient_Cage_01,Recipient_02,Recipient,Spring,Leaf,Potomac_River,Nigronia,0
Recipient_Cage_01,Recipient_02,Recipient,Spring,Leaf,Potomac_River,Ameletus,0
Recipient_Cage_01,Recipient_02,Recipient,Spring,Leaf,Potomac_River,Diplectrona,0
Recipient_Cage_01,Recipient_02,Recipient,Spring,Leaf,Potomac_River,Eccoptura,0
Recipient_Cage_01,Recipient_02,Recipient,Spring,Leaf,Potomac_River,Hydropsyche,0
Recipient_Cage_01,Recipient_02,Recipient,Spring,Leaf,Potomac_River,Baetisca,0
Recipient_Cage_01,Recipient_02,Recipient,Spring,Leaf,Potomac_River,Simulium,0
Recipient_Cage_01,Recipient_02,Recipient,Spring,Leaf,Potomac_River,Isoperla,0
Recipient_Cage_01,Recipient_02,Recipient,Spring,Leaf,Potomac_River,Dixa,0
Recipient_Cage_01,Recipient_02,Recipient,Spring,Leaf,Potomac_River,Tropisternus,0
Recipient_Cage_01,Recipient_02,Recipient,Spring,Leaf,Potomac_River,Anchytarsus,0
Recipient_Cage_01,Recipient_02,Recipient,Spring,Leaf,Potomac_River,Psilotreta,0
Recipient_Cage_01,Recipient_02,Recipient,Spring,Leaf,Potomac_River,Dubiraphia,0
Recipient_Cage_01,Recipient_02,Recipient,Spring,Leaf,Potomac_River,Ptilostomis,0
Recipient_Cage_01,Recipient_02,Recipient,Spring,Leaf,Potomac_River,Calopteryx,0
Recipient_Cage_01,Recipient_02,Recipient,Spring,Leaf,Potomac_River,Molanna,0
Recipient_Cage_01,Recipient_02,Recipient,Spring,Leaf,Potomac_River,Boyeria,0
Recipient_Cage_01,Recipient_02,Recipient,Spring,Leaf,Potomac_River,Leptophlebia,0
Recipient_Cage_01,Recipient_02,Recipient,Spring,Leaf,Potomac_River,Nyctiophylax,0
Recipient_Cage_01,Recipient_02,Recipient,Spring,Leaf,Potomac_River,Argia,0
Recipient_Cage_01,Recipient_02,Recipient,Spring,Leaf,Potomac_River,Rhyacophila,0
Recipient_Cage_01,Recipient_02,Recipient,Spring,Leaf,Potomac_River,Probezzia,0
Recipient_Cage_01,Recipient_02,Recipient,Spring,Leaf,Potomac_River,Neureclipsis,0
Recipient_Cage_01,Recipient_02,Recipient,Spring,Leaf,Potomac_River,Eurylophella,0
Recipient_Cage_01,Recipient_02,Recipient,Spring,Leaf,Potomac_River,Glossosoma,0
Recipient_Cage_01,Recipient_02,Recipient,Spring,Leaf,Potomac_River,Rhagovelia,0
Recipient_Cage_01,Recipient_02,Recipient,Spring,Leaf,Potomac_River,Neophylax,0
Recipient_Cage_01,Recipient_02,Recipient,Spring,Leaf,Potomac_River,Microvelia,0
Recipient_Cage_01,Recipient_02,Recipient,Spring,Leaf,Potomac_River,Hydatophylax,0
Recipient_Cage_01,Recipient_02,Recipient,Spring,Leaf,Potomac_River,Antocha,0
Recipient_Cage_01,Recipient_02,Recipient,Spring,Leaf,Potomac_River,Lepidostoma,0
Recipient_Cage_01,Recipient_02,Recipient,Spring,Leaf,Potomac_River,Baetis,0
Recipient_Cage_01,Recipient_02,Recipient,Spring,Leaf,Potomac_River,Oecetis,0
Recipient_Cage_01,Recipient_02,Recipient,Spring,Leaf,Potomac_River,Ironoquia,1
Recipient_Cage_01,Recipient_02,Recipient,Spring,Leaf,Potomac_River,Timpanoga,1
Recipient_Cage_01,Recipient_02,Recipient,Spring,Leaf,Potomac_River,Polycentropus,4
Recipient_Cage_01,Recipient_02,Recipient,Spring,Leaf,Potomac_River,Amphinemura,0
Recipient_Cage_01,Recipient_02,Recipient,Spring,Leaf,Potomac_River,Penelomax,0
Recipient_Cage_01,Recipient_02,Recipient,Spring,Leaf,Potomac_River,Ephemerella,0
Recipient_Cage_01,Recipient_02,Recipient,Spring,Leaf,Potomac_River,Hemerodromia,0
Recipient_Cage_01,Recipient_02,Recipient,Spring,Leaf,Potomac_River,Shipsa,0
Recipient_Cage_01,Recipient_02,Recipient,Spring,Leaf,Potomac_River,Helichus,0
Recipient_Cage_01,Recipient_02,Recipient,Spring,Leaf,Potomac_River,Neoleptophlebia,0
Recipient_Cage_01,Recipient_02,Recipient,Spring,Leaf,Potomac_River,Attenella,0
Recipient_Cage_01,Recipient_02,Recipient,Spring,Leaf,Potomac_River,Entomobryidae,0
Recipient_Cage_01,Recipient_02,Recipient,Spring,Leaf,Potomac_River,Heptageniidae,0
Recipient_Cage_01,Recipient_02,Recipient,Spring,Leaf,Potomac_River,Aeshna,0
Recipient_Cage_01,Recipient_02,Recipient,Spring,Leaf,Potomac_River,Crambidae,0
Recipient_Cage_01,Recipient_02,Recipient,Spring,Leaf,Potomac_River,Teloganopsis,0
Recipient_Cage_01,Recipient_02,Recipient,Spring,Leaf,Potomac_River,Leptoceridae,0
Recipient_Cage_01,Recipient_02,Recipient,Spring,Leaf,Potomac_River,Pycnopsyche,0
Recipient_Cage_01,Recipient_02,Recipient,Spring,Leaf,Potomac_River,Triaenodes,0
Recipient_Cage_01,Recipient_02,Recipient,Spring,Leaf,Potomac_River,Serratella,0
Recipient_Cage_01,Recipient_02,Recipient,Spring,Leaf,Potomac_River,Optioservus,0
Recipient_Cage_01,Recipient_02,Recipient,Spring,Leaf,Potomac_River,Hydrachnidia,0
Recipient_Cage_01,Recipient_02,Recipient,Spring,Leaf,Potomac_River,Polymitarcyidae,0
Recipient_Cage_01,Recipient_02,Recipient,Spring,Leaf,Potomac_River,Cambarus,0
Recipient_Cage_01,Recipient_02,Recipient,Spring,Leaf,Potomac_River,Ancyronyx,0
Recipient_Cage_01,Recipient_02,Recipient,Spring,Leaf,Potomac_River,Gammarus,0
Recipient_Cage_01,Recipient_02,Recipient,Spring,Leaf,Potomac_River,Neoperla,0
Recipient_Cage_02,Recipient_02,Recipient,Spring,Leaf,Potomac_River,Allocapnia,0
Recipient_Cage_02,Recipient_02,Recipient,Spring,Leaf,Potomac_River,Maccaffertium,0
Recipient_Cage_02,Recipient_02,Recipient,Spring,Leaf,Potomac_River,Chironomidae,18
Recipient_Cage_02,Recipient_02,Recipient,Spring,Leaf,Potomac_River,Tipula,11
Recipient_Cage_02,Recipient_02,Recipient,Spring,Leaf,Potomac_River,Dolophilodes,0
Recipient_Cage_02,Recipient_02,Recipient,Spring,Leaf,Potomac_River,Cheumatopsyche,0
Recipient_Cage_02,Recipient_02,Recipient,Spring,Leaf,Potomac_River,Isonychia,0
Recipient_Cage_02,Recipient_02,Recipient,Spring,Leaf,Potomac_River,Plectrocnemia,2
Recipient_Cage_02,Recipient_02,Recipient,Spring,Leaf,Potomac_River,Chimarra,0
Recipient_Cage_02,Recipient_02,Recipient,Spring,Leaf,Potomac_River,Nigronia,0
Recipient_Cage_02,Recipient_02,Recipient,Spring,Leaf,Potomac_River,Ameletus,0
Recipient_Cage_02,Recipient_02,Recipient,Spring,Leaf,Potomac_River,Diplectrona,0
Recipient_Cage_02,Recipient_02,Recipient,Spring,Leaf,Potomac_River,Eccoptura,0
Recipient_Cage_02,Recipient_02,Recipient,Spring,Leaf,Potomac_River,Hydropsyche,0
Recipient_Cage_02,Recipient_02,Recipient,Spring,Leaf,Potomac_River,Baetisca,0
Recipient_Cage_02,Recipient_02,Recipient,Spring,Leaf,Potomac_River,Simulium,0
Recipient_Cage_02,Recipient_02,Recipient,Spring,Leaf,Potomac_River,Isoperla,0
Recipient_Cage_02,Recipient_02,Recipient,Spring,Leaf,Potomac_River,Dixa,0
Recipient_Cage_02,Recipient_02,Recipient,Spring,Leaf,Potomac_River,Tropisternus,0
Recipient_Cage_02,Recipient_02,Recipient,Spring,Leaf,Potomac_River,Anchytarsus,0
Recipient_Cage_02,Recipient_02,Recipient,Spring,Leaf,Potomac_River,Psilotreta,0
Recipient_Cage_02,Recipient_02,Recipient,Spring,Leaf,Potomac_River,Dubiraphia,0
Recipient_Cage_02,Recipient_02,Recipient,Spring,Leaf,Potomac_River,Ptilostomis,0
Recipient_Cage_02,Recipient_02,Recipient,Spring,Leaf,Potomac_River,Calopteryx,0
Recipient_Cage_02,Recipient_02,Recipient,Spring,Leaf,Potomac_River,Molanna,0
Recipient_Cage_02,Recipient_02,Recipient,Spring,Leaf,Potomac_River,Boyeria,0
Recipient_Cage_02,Recipient_02,Recipient,Spring,Leaf,Potomac_River,Leptophlebia,0
Recipient_Cage_02,Recipient_02,Recipient,Spring,Leaf,Potomac_River,Nyctiophylax,0
Recipient_Cage_02,Recipient_02,Recipient,Spring,Leaf,Potomac_River,Argia,0
Recipient_Cage_02,Recipient_02,Recipient,Spring,Leaf,Potomac_River,Rhyacophila,0
Recipient_Cage_02,Recipient_02,Recipient,Spring,Leaf,Potomac_River,Probezzia,0
Recipient_Cage_02,Recipient_02,Recipient,Spring,Leaf,Potomac_River,Neureclipsis,0
Recipient_Cage_02,Recipient_02,Recipient,Spring,Leaf,Potomac_River,Eurylophella,0
Recipient_Cage_02,Recipient_02,Recipient,Spring,Leaf,Potomac_River,Glossosoma,0
Recipient_Cage_02,Recipient_02,Recipient,Spring,Leaf,Potomac_River,Rhagovelia,0
Recipient_Cage_02,Recipient_02,Recipient,Spring,Leaf,Potomac_River,Neophylax,0
Recipient_Cage_02,Recipient_02,Recipient,Spring,Leaf,Potomac_River,Microvelia,0
Recipient_Cage_02,Recipient_02,Recipient,Spring,Leaf,Potomac_River,Hydatophylax,0
Recipient_Cage_02,Recipient_02,Recipient,Spring,Leaf,Potomac_River,Antocha,0
Recipient_Cage_02,Recipient_02,Recipient,Spring,Leaf,Potomac_River,Lepidostoma,0
Recipient_Cage_02,Recipient_02,Recipient,Spring,Leaf,Potomac_River,Baetis,0
Recipient_Cage_02,Recipient_02,Recipient,Spring,Leaf,Potomac_River,Oecetis,0
Recipient_Cage_02,Recipient_02,Recipient,Spring,Leaf,Potomac_River,Ironoquia,0
Recipient_Cage_02,Recipient_02,Recipient,Spring,Leaf,Potomac_River,Timpanoga,1
Recipient_Cage_02,Recipient_02,Recipient,Spring,Leaf,Potomac_River,Polycentropus,4
Recipient_Cage_02,Recipient_02,Recipient,Spring,Leaf,Potomac_River,Amphinemura,0
Recipient_Cage_02,Recipient_02,Recipient,Spring,Leaf,Potomac_River,Penelomax,0
Recipient_Cage_02,Recipient_02,Recipient,Spring,Leaf,Potomac_River,Ephemerella,0
Recipient_Cage_02,Recipient_02,Recipient,Spring,Leaf,Potomac_River,Hemerodromia,0
Recipient_Cage_02,Recipient_02,Recipient,Spring,Leaf,Potomac_River,Shipsa,0
Recipient_Cage_02,Recipient_02,Recipient,Spring,Leaf,Potomac_River,Helichus,0
Recipient_Cage_02,Recipient_02,Recipient,Spring,Leaf,Potomac_River,Neoleptophlebia,0
Recipient_Cage_02,Recipient_02,Recipient,Spring,Leaf,Potomac_River,Attenella,0
Recipient_Cage_02,Recipient_02,Recipient,Spring,Leaf,Potomac_River,Entomobryidae,0
Recipient_Cage_02,Recipient_02,Recipient,Spring,Leaf,Potomac_River,Heptageniidae,0
Recipient_Cage_02,Recipient_02,Recipient,Spring,Leaf,Potomac_River,Aeshna,0
Recipient_Cage_02,Recipient_02,Recipient,Spring,Leaf,Potomac_River,Crambidae,0
Recipient_Cage_02,Recipient_02,Recipient,Spring,Leaf,Potomac_River,Teloganopsis,0
Recipient_Cage_02,Recipient_02,Recipient,Spring,Leaf,Potomac_River,Leptoceridae,0
Recipient_Cage_02,Recipient_02,Recipient,Spring,Leaf,Potomac_River,Pycnopsyche,0
Recipient_Cage_02,Recipient_02,Recipient,Spring,Leaf,Potomac_River,Triaenodes,0
Recipient_Cage_02,Recipient_02,Recipient,Spring,Leaf,Potomac_River,Serratella,0
Recipient_Cage_02,Recipient_02,Recipient,Spring,Leaf,Potomac_River,Optioservus,0
Recipient_Cage_02,Recipient_02,Recipient,Spring,Leaf,Potomac_River,Hydrachnidia,0
Recipient_Cage_02,Recipient_02,Recipient,Spring,Leaf,Potomac_River,Polymitarcyidae,0
Recipient_Cage_02,Recipient_02,Recipient,Spring,Leaf,Potomac_River,Cambarus,0
Recipient_Cage_02,Recipient_02,Recipient,Spring,Leaf,Potomac_River,Ancyronyx,0
Recipient_Cage_02,Recipient_02,Recipient,Spring,Leaf,Potomac_River,Gammarus,0
Recipient_Cage_02,Recipient_02,Recipient,Spring,Leaf,Potomac_River,Neoperla,0
Recipient_Cage_03,Recipient_02,Recipient,Spring,Leaf,Potomac_River,Allocapnia,0
Recipient_Cage_03,Recipient_02,Recipient,Spring,Leaf,Potomac_River,Maccaffertium,1
Recipient_Cage_03,Recipient_02,Recipient,Spring,Leaf,Potomac_River,Chironomidae,31
Recipient_Cage_03,Recipient_02,Recipient,Spring,Leaf,Potomac_River,Tipula,0
Recipient_Cage_03,Recipient_02,Recipient,Spring,Leaf,Potomac_River,Dolophilodes,0
Recipient_Cage_03,Recipient_02,Recipient,Spring,Leaf,Potomac_River,Cheumatopsyche,0
Recipient_Cage_03,Recipient_02,Recipient,Spring,Leaf,Potomac_River,Isonychia,0
Recipient_Cage_03,Recipient_02,Recipient,Spring,Leaf,Potomac_River,Plectrocnemia,0
Recipient_Cage_03,Recipient_02,Recipient,Spring,Leaf,Potomac_River,Chimarra,0
Recipient_Cage_03,Recipient_02,Recipient,Spring,Leaf,Potomac_River,Nigronia,0
Recipient_Cage_03,Recipient_02,Recipient,Spring,Leaf,Potomac_River,Ameletus,0
Recipient_Cage_03,Recipient_02,Recipient,Spring,Leaf,Potomac_River,Diplectrona,0
Recipient_Cage_03,Recipient_02,Recipient,Spring,Leaf,Potomac_River,Eccoptura,0
Recipient_Cage_03,Recipient_02,Recipient,Spring,Leaf,Potomac_River,Hydropsyche,0
Recipient_Cage_03,Recipient_02,Recipient,Spring,Leaf,Potomac_River,Baetisca,0
Recipient_Cage_03,Recipient_02,Recipient,Spring,Leaf,Potomac_River,Simulium,0
Recipient_Cage_03,Recipient_02,Recipient,Spring,Leaf,Potomac_River,Isoperla,0
Recipient_Cage_03,Recipient_02,Recipient,Spring,Leaf,Potomac_River,Dixa,0
Recipient_Cage_03,Recipient_02,Recipient,Spring,Leaf,Potomac_River,Tropisternus,0
Recipient_Cage_03,Recipient_02,Recipient,Spring,Leaf,Potomac_River,Anchytarsus,0
Recipient_Cage_03,Recipient_02,Recipient,Spring,Leaf,Potomac_River,Psilotreta,0
Recipient_Cage_03,Recipient_02,Recipient,Spring,Leaf,Potomac_River,Dubiraphia,0
Recipient_Cage_03,Recipient_02,Recipient,Spring,Leaf,Potomac_River,Ptilostomis,0
Recipient_Cage_03,Recipient_02,Recipient,Spring,Leaf,Potomac_River,Calopteryx,1
Recipient_Cage_03,Recipient_02,Recipient,Spring,Leaf,Potomac_River,Molanna,0
Recipient_Cage_03,Recipient_02,Recipient,Spring,Leaf,Potomac_River,Boyeria,0
Recipient_Cage_03,Recipient_02,Recipient,Spring,Leaf,Potomac_River,Leptophlebia,0
Recipient_Cage_03,Recipient_02,Recipient,Spring,Leaf,Potomac_River,Nyctiophylax,0
Recipient_Cage_03,Recipient_02,Recipient,Spring,Leaf,Potomac_River,Argia,0
Recipient_Cage_03,Recipient_02,Recipient,Spring,Leaf,Potomac_River,Rhyacophila,0
Recipient_Cage_03,Recipient_02,Recipient,Spring,Leaf,Potomac_River,Probezzia,0
Recipient_Cage_03,Recipient_02,Recipient,Spring,Leaf,Potomac_River,Neureclipsis,0
Recipient_Cage_03,Recipient_02,Recipient,Spring,Leaf,Potomac_River,Eurylophella,0
Recipient_Cage_03,Recipient_02,Recipient,Spring,Leaf,Potomac_River,Glossosoma,0
Recipient_Cage_03,Recipient_02,Recipient,Spring,Leaf,Potomac_River,Rhagovelia,0
Recipient_Cage_03,Recipient_02,Recipient,Spring,Leaf,Potomac_River,Neophylax,0
Recipient_Cage_03,Recipient_02,Recipient,Spring,Leaf,Potomac_River,Microvelia,0
Recipient_Cage_03,Recipient_02,Recipient,Spring,Leaf,Potomac_River,Hydatophylax,0
Recipient_Cage_03,Recipient_02,Recipient,Spring,Leaf,Potomac_River,Antocha,0
Recipient_Cage_03,Recipient_02,Recipient,Spring,Leaf,Potomac_River,Lepidostoma,0
Recipient_Cage_03,Recipient_02,Recipient,Spring,Leaf,Potomac_River,Baetis,0
Recipient_Cage_03,Recipient_02,Recipient,Spring,Leaf,Potomac_River,Oecetis,0
Recipient_Cage_03,Recipient_02,Recipient,Spring,Leaf,Potomac_River,Ironoquia,1
Recipient_Cage_03,Recipient_02,Recipient,Spring,Leaf,Potomac_River,Timpanoga,2
Recipient_Cage_03,Recipient_02,Recipient,Spring,Leaf,Potomac_River,Polycentropus,1
Recipient_Cage_03,Recipient_02,Recipient,Spring,Leaf,Potomac_River,Amphinemura,0
Recipient_Cage_03,Recipient_02,Recipient,Spring,Leaf,Potomac_River,Penelomax,0
Recipient_Cage_03,Recipient_02,Recipient,Spring,Leaf,Potomac_River,Ephemerella,0
Recipient_Cage_03,Recipient_02,Recipient,Spring,Leaf,Potomac_River,Hemerodromia,0
Recipient_Cage_03,Recipient_02,Recipient,Spring,Leaf,Potomac_River,Shipsa,0
Recipient_Cage_03,Recipient_02,Recipient,Spring,Leaf,Potomac_River,Helichus,0
Recipient_Cage_03,Recipient_02,Recipient,Spring,Leaf,Potomac_River,Neoleptophlebia,0
Recipient_Cage_03,Recipient_02,Recipient,Spring,Leaf,Potomac_River,Attenella,0
Recipient_Cage_03,Recipient_02,Recipient,Spring,Leaf,Potomac_River,Entomobryidae,0
Recipient_Cage_03,Recipient_02,Recipient,Spring,Leaf,Potomac_River,Heptageniidae,0
Recipient_Cage_03,Recipient_02,Recipient,Spring,Leaf,Potomac_River,Aeshna,0
Recipient_Cage_03,Recipient_02,Recipient,Spring,Leaf,Potomac_River,Crambidae,0
Recipient_Cage_03,Recipient_02,Recipient,Spring,Leaf,Potomac_River,Teloganopsis,0
Recipient_Cage_03,Recipient_02,Recipient,Spring,Leaf,Potomac_River,Leptoceridae,0
Recipient_Cage_03,Recipient_02,Recipient,Spring,Leaf,Potomac_River,Pycnopsyche,0
Recipient_Cage_03,Recipient_02,Recipient,Spring,Leaf,Potomac_River,Triaenodes,0
Recipient_Cage_03,Recipient_02,Recipient,Spring,Leaf,Potomac_River,Serratella,0
Recipient_Cage_03,Recipient_02,Recipient,Spring,Leaf,Potomac_River,Optioservus,0
Recipient_Cage_03,Recipient_02,Recipient,Spring,Leaf,Potomac_River,Hydrachnidia,0
Recipient_Cage_03,Recipient_02,Recipient,Spring,Leaf,Potomac_River,Polymitarcyidae,0
Recipient_Cage_03,Recipient_02,Recipient,Spring,Leaf,Potomac_River,Cambarus,0
Recipient_Cage_03,Recipient_02,Recipient,Spring,Leaf,Potomac_River,Ancyronyx,0
Recipient_Cage_03,Recipient_02,Recipient,Spring,Leaf,Potomac_River,Gammarus,0
Recipient_Cage_03,Recipient_02,Recipient,Spring,Leaf,Potomac_River,Neoperla,0
Recipient_Cage_04,Recipient_02,Recipient,Spring,Leaf,Potomac_River,Allocapnia,0
Recipient_Cage_04,Recipient_02,Recipient,Spring,Leaf,Potomac_River,Maccaffertium,0
Recipient_Cage_04,Recipient_02,Recipient,Spring,Leaf,Potomac_River,Chironomidae,52
Recipient_Cage_04,Recipient_02,Recipient,Spring,Leaf,Potomac_River,Tipula,1
Recipient_Cage_04,Recipient_02,Recipient,Spring,Leaf,Potomac_River,Dolophilodes,0
Recipient_Cage_04,Recipient_02,Recipient,Spring,Leaf,Potomac_River,Cheumatopsyche,0
Recipient_Cage_04,Recipient_02,Recipient,Spring,Leaf,Potomac_River,Isonychia,0
Recipient_Cage_04,Recipient_02,Recipient,Spring,Leaf,Potomac_River,Plectrocnemia,1
Recipient_Cage_04,Recipient_02,Recipient,Spring,Leaf,Potomac_River,Chimarra,0
Recipient_Cage_04,Recipient_02,Recipient,Spring,Leaf,Potomac_River,Nigronia,0
Recipient_Cage_04,Recipient_02,Recipient,Spring,Leaf,Potomac_River,Ameletus,0
Recipient_Cage_04,Recipient_02,Recipient,Spring,Leaf,Potomac_River,Diplectrona,0
Recipient_Cage_04,Recipient_02,Recipient,Spring,Leaf,Potomac_River,Eccoptura,0
Recipient_Cage_04,Recipient_02,Recipient,Spring,Leaf,Potomac_River,Hydropsyche,0
Recipient_Cage_04,Recipient_02,Recipient,Spring,Leaf,Potomac_River,Baetisca,0
Recipient_Cage_04,Recipient_02,Recipient,Spring,Leaf,Potomac_River,Simulium,0
Recipient_Cage_04,Recipient_02,Recipient,Spring,Leaf,Potomac_River,Isoperla,0
Recipient_Cage_04,Recipient_02,Recipient,Spring,Leaf,Potomac_River,Dixa,0
Recipient_Cage_04,Recipient_02,Recipient,Spring,Leaf,Potomac_River,Tropisternus,0
Recipient_Cage_04,Recipient_02,Recipient,Spring,Leaf,Potomac_River,Anchytarsus,0
Recipient_Cage_04,Recipient_02,Recipient,Spring,Leaf,Potomac_River,Psilotreta,0
Recipient_Cage_04,Recipient_02,Recipient,Spring,Leaf,Potomac_River,Dubiraphia,0
Recipient_Cage_04,Recipient_02,Recipient,Spring,Leaf,Potomac_River,Ptilostomis,0
Recipient_Cage_04,Recipient_02,Recipient,Spring,Leaf,Potomac_River,Calopteryx,1
Recipient_Cage_04,Recipient_02,Recipient,Spring,Leaf,Potomac_River,Molanna,0
Recipient_Cage_04,Recipient_02,Recipient,Spring,Leaf,Potomac_River,Boyeria,0
Recipient_Cage_04,Recipient_02,Recipient,Spring,Leaf,Potomac_River,Leptophlebia,0
Recipient_Cage_04,Recipient_02,Recipient,Spring,Leaf,Potomac_River,Nyctiophylax,0
Recipient_Cage_04,Recipient_02,Recipient,Spring,Leaf,Potomac_River,Argia,1
Recipient_Cage_04,Recipient_02,Recipient,Spring,Leaf,Potomac_River,Rhyacophila,0
Recipient_Cage_04,Recipient_02,Recipient,Spring,Leaf,Potomac_River,Probezzia,0
Recipient_Cage_04,Recipient_02,Recipient,Spring,Leaf,Potomac_River,Neureclipsis,0
Recipient_Cage_04,Recipient_02,Recipient,Spring,Leaf,Potomac_River,Eurylophella,0
Recipient_Cage_04,Recipient_02,Recipient,Spring,Leaf,Potomac_River,Glossosoma,0
Recipient_Cage_04,Recipient_02,Recipient,Spring,Leaf,Potomac_River,Rhagovelia,0
Recipient_Cage_04,Recipient_02,Recipient,Spring,Leaf,Potomac_River,Neophylax,0
Recipient_Cage_04,Recipient_02,Recipient,Spring,Leaf,Potomac_River,Microvelia,0
Recipient_Cage_04,Recipient_02,Recipient,Spring,Leaf,Potomac_River,Hydatophylax,0
Recipient_Cage_04,Recipient_02,Recipient,Spring,Leaf,Potomac_River,Antocha,0
Recipient_Cage_04,Recipient_02,Recipient,Spring,Leaf,Potomac_River,Lepidostoma,0
Recipient_Cage_04,Recipient_02,Recipient,Spring,Leaf,Potomac_River,Baetis,0
Recipient_Cage_04,Recipient_02,Recipient,Spring,Leaf,Potomac_River,Oecetis,0
Recipient_Cage_04,Recipient_02,Recipient,Spring,Leaf,Potomac_River,Ironoquia,1
Recipient_Cage_04,Recipient_02,Recipient,Spring,Leaf,Potomac_River,Timpanoga,0
Recipient_Cage_04,Recipient_02,Recipient,Spring,Leaf,Potomac_River,Polycentropus,7
Recipient_Cage_04,Recipient_02,Recipient,Spring,Leaf,Potomac_River,Amphinemura,0
Recipient_Cage_04,Recipient_02,Recipient,Spring,Leaf,Potomac_River,Penelomax,0
Recipient_Cage_04,Recipient_02,Recipient,Spring,Leaf,Potomac_River,Ephemerella,0
Recipient_Cage_04,Recipient_02,Recipient,Spring,Leaf,Potomac_River,Hemerodromia,0
Recipient_Cage_04,Recipient_02,Recipient,Spring,Leaf,Potomac_River,Shipsa,0
Recipient_Cage_04,Recipient_02,Recipient,Spring,Leaf,Potomac_River,Helichus,0
Recipient_Cage_04,Recipient_02,Recipient,Spring,Leaf,Potomac_River,Neoleptophlebia,0
Recipient_Cage_04,Recipient_02,Recipient,Spring,Leaf,Potomac_River,Attenella,0
Recipient_Cage_04,Recipient_02,Recipient,Spring,Leaf,Potomac_River,Entomobryidae,0
Recipient_Cage_04,Recipient_02,Recipient,Spring,Leaf,Potomac_River,Heptageniidae,0
Recipient_Cage_04,Recipient_02,Recipient,Spring,Leaf,Potomac_River,Aeshna,0
Recipient_Cage_04,Recipient_02,Recipient,Spring,Leaf,Potomac_River,Crambidae,0
Recipient_Cage_04,Recipient_02,Recipient,Spring,Leaf,Potomac_River,Teloganopsis,0
Recipient_Cage_04,Recipient_02,Recipient,Spring,Leaf,Potomac_River,Leptoceridae,0
Recipient_Cage_04,Recipient_02,Recipient,Spring,Leaf,Potomac_River,Pycnopsyche,0
Recipient_Cage_04,Recipient_02,Recipient,Spring,Leaf,Potomac_River,Triaenodes,0
Recipient_Cage_04,Recipient_02,Recipient,Spring,Leaf,Potomac_River,Serratella,0
Recipient_Cage_04,Recipient_02,Recipient,Spring,Leaf,Potomac_River,Optioservus,0
Recipient_Cage_04,Recipient_02,Recipient,Spring,Leaf,Potomac_River,Hydrachnidia,0
Recipient_Cage_04,Recipient_02,Recipient,Spring,Leaf,Potomac_River,Polymitarcyidae,0
Recipient_Cage_04,Recipient_02,Recipient,Spring,Leaf,Potomac_River,Cambarus,0
Recipient_Cage_04,Recipient_02,Recipient,Spring,Leaf,Potomac_River,Ancyronyx,1
Recipient_Cage_04,Recipient_02,Recipient,Spring,Leaf,Potomac_River,Gammarus,0
Recipient_Cage_04,Recipient_02,Recipient,Spring,Leaf,Potomac_River,Neoperla,0
Recipient_Cage_05,Recipient_02,Recipient,Spring,Leaf,Potomac_River,Allocapnia,0
Recipient_Cage_05,Recipient_02,Recipient,Spring,Leaf,Potomac_River,Maccaffertium,0
Recipient_Cage_05,Recipient_02,Recipient,Spring,Leaf,Potomac_River,Chironomidae,32
Recipient_Cage_05,Recipient_02,Recipient,Spring,Leaf,Potomac_River,Tipula,4
Recipient_Cage_05,Recipient_02,Recipient,Spring,Leaf,Potomac_River,Dolophilodes,0
Recipient_Cage_05,Recipient_02,Recipient,Spring,Leaf,Potomac_River,Cheumatopsyche,2
Recipient_Cage_05,Recipient_02,Recipient,Spring,Leaf,Potomac_River,Isonychia,0
Recipient_Cage_05,Recipient_02,Recipient,Spring,Leaf,Potomac_River,Plectrocnemia,0
Recipient_Cage_05,Recipient_02,Recipient,Spring,Leaf,Potomac_River,Chimarra,0
Recipient_Cage_05,Recipient_02,Recipient,Spring,Leaf,Potomac_River,Nigronia,0
Recipient_Cage_05,Recipient_02,Recipient,Spring,Leaf,Potomac_River,Ameletus,0
Recipient_Cage_05,Recipient_02,Recipient,Spring,Leaf,Potomac_River,Diplectrona,0
Recipient_Cage_05,Recipient_02,Recipient,Spring,Leaf,Potomac_River,Eccoptura,0
Recipient_Cage_05,Recipient_02,Recipient,Spring,Leaf,Potomac_River,Hydropsyche,0
Recipient_Cage_05,Recipient_02,Recipient,Spring,Leaf,Potomac_River,Baetisca,0
Recipient_Cage_05,Recipient_02,Recipient,Spring,Leaf,Potomac_River,Simulium,0
Recipient_Cage_05,Recipient_02,Recipient,Spring,Leaf,Potomac_River,Isoperla,0
Recipient_Cage_05,Recipient_02,Recipient,Spring,Leaf,Potomac_River,Dixa,0
Recipient_Cage_05,Recipient_02,Recipient,Spring,Leaf,Potomac_River,Tropisternus,0
Recipient_Cage_05,Recipient_02,Recipient,Spring,Leaf,Potomac_River,Anchytarsus,0
Recipient_Cage_05,Recipient_02,Recipient,Spring,Leaf,Potomac_River,Psilotreta,0
Recipient_Cage_05,Recipient_02,Recipient,Spring,Leaf,Potomac_River,Dubiraphia,0
Recipient_Cage_05,Recipient_02,Recipient,Spring,Leaf,Potomac_River,Ptilostomis,0
Recipient_Cage_05,Recipient_02,Recipient,Spring,Leaf,Potomac_River,Calopteryx,0
Recipient_Cage_05,Recipient_02,Recipient,Spring,Leaf,Potomac_River,Molanna,0
Recipient_Cage_05,Recipient_02,Recipient,Spring,Leaf,Potomac_River,Boyeria,0
Recipient_Cage_05,Recipient_02,Recipient,Spring,Leaf,Potomac_River,Leptophlebia,0
Recipient_Cage_05,Recipient_02,Recipient,Spring,Leaf,Potomac_River,Nyctiophylax,0
Recipient_Cage_05,Recipient_02,Recipient,Spring,Leaf,Potomac_River,Argia,0
Recipient_Cage_05,Recipient_02,Recipient,Spring,Leaf,Potomac_River,Rhyacophila,0
Recipient_Cage_05,Recipient_02,Recipient,Spring,Leaf,Potomac_River,Probezzia,0
Recipient_Cage_05,Recipient_02,Recipient,Spring,Leaf,Potomac_River,Neureclipsis,0
Recipient_Cage_05,Recipient_02,Recipient,Spring,Leaf,Potomac_River,Eurylophella,0
Recipient_Cage_05,Recipient_02,Recipient,Spring,Leaf,Potomac_River,Glossosoma,0
Recipient_Cage_05,Recipient_02,Recipient,Spring,Leaf,Potomac_River,Rhagovelia,0
Recipient_Cage_05,Recipient_02,Recipient,Spring,Leaf,Potomac_River,Neophylax,0
Recipient_Cage_05,Recipient_02,Recipient,Spring,Leaf,Potomac_River,Microvelia,0
Recipient_Cage_05,Recipient_02,Recipient,Spring,Leaf,Potomac_River,Hydatophylax,0
Recipient_Cage_05,Recipient_02,Recipient,Spring,Leaf,Potomac_River,Antocha,0
Recipient_Cage_05,Recipient_02,Recipient,Spring,Leaf,Potomac_River,Lepidostoma,0
Recipient_Cage_05,Recipient_02,Recipient,Spring,Leaf,Potomac_River,Baetis,0
Recipient_Cage_05,Recipient_02,Recipient,Spring,Leaf,Potomac_River,Oecetis,0
Recipient_Cage_05,Recipient_02,Recipient,Spring,Leaf,Potomac_River,Ironoquia,2
Recipient_Cage_05,Recipient_02,Recipient,Spring,Leaf,Potomac_River,Timpanoga,1
Recipient_Cage_05,Recipient_02,Recipient,Spring,Leaf,Potomac_River,Polycentropus,0
Recipient_Cage_05,Recipient_02,Recipient,Spring,Leaf,Potomac_River,Amphinemura,0
Recipient_Cage_05,Recipient_02,Recipient,Spring,Leaf,Potomac_River,Penelomax,0
Recipient_Cage_05,Recipient_02,Recipient,Spring,Leaf,Potomac_River,Ephemerella,0
Recipient_Cage_05,Recipient_02,Recipient,Spring,Leaf,Potomac_River,Hemerodromia,0
Recipient_Cage_05,Recipient_02,Recipient,Spring,Leaf,Potomac_River,Shipsa,0
Recipient_Cage_05,Recipient_02,Recipient,Spring,Leaf,Potomac_River,Helichus,0
Recipient_Cage_05,Recipient_02,Recipient,Spring,Leaf,Potomac_River,Neoleptophlebia,0
Recipient_Cage_05,Recipient_02,Recipient,Spring,Leaf,Potomac_River,Attenella,0
Recipient_Cage_05,Recipient_02,Recipient,Spring,Leaf,Potomac_River,Entomobryidae,0
Recipient_Cage_05,Recipient_02,Recipient,Spring,Leaf,Potomac_River,Heptageniidae,0
Recipient_Cage_05,Recipient_02,Recipient,Spring,Leaf,Potomac_River,Aeshna,0
Recipient_Cage_05,Recipient_02,Recipient,Spring,Leaf,Potomac_River,Crambidae,0
Recipient_Cage_05,Recipient_02,Recipient,Spring,Leaf,Potomac_River,Teloganopsis,0
Recipient_Cage_05,Recipient_02,Recipient,Spring,Leaf,Potomac_River,Leptoceridae,0
Recipient_Cage_05,Recipient_02,Recipient,Spring,Leaf,Potomac_River,Pycnopsyche,0
Recipient_Cage_05,Recipient_02,Recipient,Spring,Leaf,Potomac_River,Triaenodes,0
Recipient_Cage_05,Recipient_02,Recipient,Spring,Leaf,Potomac_River,Serratella,0
Recipient_Cage_05,Recipient_02,Recipient,Spring,Leaf,Potomac_River,Optioservus,0
Recipient_Cage_05,Recipient_02,Recipient,Spring,Leaf,Potomac_River,Hydrachnidia,0
Recipient_Cage_05,Recipient_02,Recipient,Spring,Leaf,Potomac_River,Polymitarcyidae,0
Recipient_Cage_05,Recipient_02,Recipient,Spring,Leaf,Potomac_River,Cambarus,0
Recipient_Cage_05,Recipient_02,Recipient,Spring,Leaf,Potomac_River,Ancyronyx,0
Recipient_Cage_05,Recipient_02,Recipient,Spring,Leaf,Potomac_River,Gammarus,0
Recipient_Cage_05,Recipient_02,Recipient,Spring,Leaf,Potomac_River,Neoperla,0
Recipient_Cage_01,Recipient_02,Recipient,Spring,Rock,Potomac_River,Allocapnia,0
Recipient_Cage_01,Recipient_02,Recipient,Spring,Rock,Potomac_River,Maccaffertium,0
Recipient_Cage_01,Recipient_02,Recipient,Spring,Rock,Potomac_River,Chironomidae,30
Recipient_Cage_01,Recipient_02,Recipient,Spring,Rock,Potomac_River,Tipula,3
Recipient_Cage_01,Recipient_02,Recipient,Spring,Rock,Potomac_River,Dolophilodes,0
Recipient_Cage_01,Recipient_02,Recipient,Spring,Rock,Potomac_River,Cheumatopsyche,0
Recipient_Cage_01,Recipient_02,Recipient,Spring,Rock,Potomac_River,Isonychia,0
Recipient_Cage_01,Recipient_02,Recipient,Spring,Rock,Potomac_River,Plectrocnemia,0
Recipient_Cage_01,Recipient_02,Recipient,Spring,Rock,Potomac_River,Chimarra,0
Recipient_Cage_01,Recipient_02,Recipient,Spring,Rock,Potomac_River,Nigronia,0
Recipient_Cage_01,Recipient_02,Recipient,Spring,Rock,Potomac_River,Ameletus,0
Recipient_Cage_01,Recipient_02,Recipient,Spring,Rock,Potomac_River,Diplectrona,0
Recipient_Cage_01,Recipient_02,Recipient,Spring,Rock,Potomac_River,Eccoptura,0
Recipient_Cage_01,Recipient_02,Recipient,Spring,Rock,Potomac_River,Hydropsyche,0
Recipient_Cage_01,Recipient_02,Recipient,Spring,Rock,Potomac_River,Baetisca,0
Recipient_Cage_01,Recipient_02,Recipient,Spring,Rock,Potomac_River,Simulium,0
Recipient_Cage_01,Recipient_02,Recipient,Spring,Rock,Potomac_River,Isoperla,0
Recipient_Cage_01,Recipient_02,Recipient,Spring,Rock,Potomac_River,Dixa,0
Recipient_Cage_01,Recipient_02,Recipient,Spring,Rock,Potomac_River,Tropisternus,0
Recipient_Cage_01,Recipient_02,Recipient,Spring,Rock,Potomac_River,Anchytarsus,0
Recipient_Cage_01,Recipient_02,Recipient,Spring,Rock,Potomac_River,Psilotreta,0
Recipient_Cage_01,Recipient_02,Recipient,Spring,Rock,Potomac_River,Dubiraphia,0
Recipient_Cage_01,Recipient_02,Recipient,Spring,Rock,Potomac_River,Ptilostomis,0
Recipient_Cage_01,Recipient_02,Recipient,Spring,Rock,Potomac_River,Calopteryx,0
Recipient_Cage_01,Recipient_02,Recipient,Spring,Rock,Potomac_River,Molanna,0
Recipient_Cage_01,Recipient_02,Recipient,Spring,Rock,Potomac_River,Boyeria,0
Recipient_Cage_01,Recipient_02,Recipient,Spring,Rock,Potomac_River,Leptophlebia,0
Recipient_Cage_01,Recipient_02,Recipient,Spring,Rock,Potomac_River,Nyctiophylax,0
Recipient_Cage_01,Recipient_02,Recipient,Spring,Rock,Potomac_River,Argia,0
Recipient_Cage_01,Recipient_02,Recipient,Spring,Rock,Potomac_River,Rhyacophila,0
Recipient_Cage_01,Recipient_02,Recipient,Spring,Rock,Potomac_River,Probezzia,0
Recipient_Cage_01,Recipient_02,Recipient,Spring,Rock,Potomac_River,Neureclipsis,0
Recipient_Cage_01,Recipient_02,Recipient,Spring,Rock,Potomac_River,Eurylophella,0
Recipient_Cage_01,Recipient_02,Recipient,Spring,Rock,Potomac_River,Glossosoma,0
Recipient_Cage_01,Recipient_02,Recipient,Spring,Rock,Potomac_River,Rhagovelia,0
Recipient_Cage_01,Recipient_02,Recipient,Spring,Rock,Potomac_River,Neophylax,0
Recipient_Cage_01,Recipient_02,Recipient,Spring,Rock,Potomac_River,Microvelia,0
Recipient_Cage_01,Recipient_02,Recipient,Spring,Rock,Potomac_River,Hydatophylax,0
Recipient_Cage_01,Recipient_02,Recipient,Spring,Rock,Potomac_River,Antocha,0
Recipient_Cage_01,Recipient_02,Recipient,Spring,Rock,Potomac_River,Lepidostoma,0
Recipient_Cage_01,Recipient_02,Recipient,Spring,Rock,Potomac_River,Baetis,0
Recipient_Cage_01,Recipient_02,Recipient,Spring,Rock,Potomac_River,Oecetis,0
Recipient_Cage_01,Recipient_02,Recipient,Spring,Rock,Potomac_River,Ironoquia,0
Recipient_Cage_01,Recipient_02,Recipient,Spring,Rock,Potomac_River,Timpanoga,3
Recipient_Cage_01,Recipient_02,Recipient,Spring,Rock,Potomac_River,Polycentropus,1
Recipient_Cage_01,Recipient_02,Recipient,Spring,Rock,Potomac_River,Amphinemura,0
Recipient_Cage_01,Recipient_02,Recipient,Spring,Rock,Potomac_River,Penelomax,0
Recipient_Cage_01,Recipient_02,Recipient,Spring,Rock,Potomac_River,Ephemerella,0
Recipient_Cage_01,Recipient_02,Recipient,Spring,Rock,Potomac_River,Hemerodromia,0
Recipient_Cage_01,Recipient_02,Recipient,Spring,Rock,Potomac_River,Shipsa,0
Recipient_Cage_01,Recipient_02,Recipient,Spring,Rock,Potomac_River,Helichus,0
Recipient_Cage_01,Recipient_02,Recipient,Spring,Rock,Potomac_River,Neoleptophlebia,0
Recipient_Cage_01,Recipient_02,Recipient,Spring,Rock,Potomac_River,Attenella,0
Recipient_Cage_01,Recipient_02,Recipient,Spring,Rock,Potomac_River,Entomobryidae,0
Recipient_Cage_01,Recipient_02,Recipient,Spring,Rock,Potomac_River,Heptageniidae,0
Recipient_Cage_01,Recipient_02,Recipient,Spring,Rock,Potomac_River,Aeshna,0
Recipient_Cage_01,Recipient_02,Recipient,Spring,Rock,Potomac_River,Crambidae,0
Recipient_Cage_01,Recipient_02,Recipient,Spring,Rock,Potomac_River,Teloganopsis,0
Recipient_Cage_01,Recipient_02,Recipient,Spring,Rock,Potomac_River,Leptoceridae,0
Recipient_Cage_01,Recipient_02,Recipient,Spring,Rock,Potomac_River,Pycnopsyche,0
Recipient_Cage_01,Recipient_02,Recipient,Spring,Rock,Potomac_River,Triaenodes,0
Recipient_Cage_01,Recipient_02,Recipient,Spring,Rock,Potomac_River,Serratella,0
Recipient_Cage_01,Recipient_02,Recipient,Spring,Rock,Potomac_River,Optioservus,0
Recipient_Cage_01,Recipient_02,Recipient,Spring,Rock,Potomac_River,Hydrachnidia,0
Recipient_Cage_01,Recipient_02,Recipient,Spring,Rock,Potomac_River,Polymitarcyidae,0
Recipient_Cage_01,Recipient_02,Recipient,Spring,Rock,Potomac_River,Cambarus,0
Recipient_Cage_01,Recipient_02,Recipient,Spring,Rock,Potomac_River,Ancyronyx,0
Recipient_Cage_01,Recipient_02,Recipient,Spring,Rock,Potomac_River,Gammarus,0
Recipient_Cage_01,Recipient_02,Recipient,Spring,Rock,Potomac_River,Neoperla,0
Recipient_Cage_02,Recipient_02,Recipient,Spring,Rock,Potomac_River,Allocapnia,0
Recipient_Cage_02,Recipient_02,Recipient,Spring,Rock,Potomac_River,Maccaffertium,2
Recipient_Cage_02,Recipient_02,Recipient,Spring,Rock,Potomac_River,Chironomidae,27
Recipient_Cage_02,Recipient_02,Recipient,Spring,Rock,Potomac_River,Tipula,0
Recipient_Cage_02,Recipient_02,Recipient,Spring,Rock,Potomac_River,Dolophilodes,0
Recipient_Cage_02,Recipient_02,Recipient,Spring,Rock,Potomac_River,Cheumatopsyche,0
Recipient_Cage_02,Recipient_02,Recipient,Spring,Rock,Potomac_River,Isonychia,0
Recipient_Cage_02,Recipient_02,Recipient,Spring,Rock,Potomac_River,Plectrocnemia,1
Recipient_Cage_02,Recipient_02,Recipient,Spring,Rock,Potomac_River,Chimarra,0
Recipient_Cage_02,Recipient_02,Recipient,Spring,Rock,Potomac_River,Nigronia,0
Recipient_Cage_02,Recipient_02,Recipient,Spring,Rock,Potomac_River,Ameletus,0
Recipient_Cage_02,Recipient_02,Recipient,Spring,Rock,Potomac_River,Diplectrona,0
Recipient_Cage_02,Recipient_02,Recipient,Spring,Rock,Potomac_River,Eccoptura,0
Recipient_Cage_02,Recipient_02,Recipient,Spring,Rock,Potomac_River,Hydropsyche,0
Recipient_Cage_02,Recipient_02,Recipient,Spring,Rock,Potomac_River,Baetisca,0
Recipient_Cage_02,Recipient_02,Recipient,Spring,Rock,Potomac_River,Simulium,0
Recipient_Cage_02,Recipient_02,Recipient,Spring,Rock,Potomac_River,Isoperla,0
Recipient_Cage_02,Recipient_02,Recipient,Spring,Rock,Potomac_River,Dixa,0
Recipient_Cage_02,Recipient_02,Recipient,Spring,Rock,Potomac_River,Tropisternus,0
Recipient_Cage_02,Recipient_02,Recipient,Spring,Rock,Potomac_River,Anchytarsus,0
Recipient_Cage_02,Recipient_02,Recipient,Spring,Rock,Potomac_River,Psilotreta,0
Recipient_Cage_02,Recipient_02,Recipient,Spring,Rock,Potomac_River,Dubiraphia,0
Recipient_Cage_02,Recipient_02,Recipient,Spring,Rock,Potomac_River,Ptilostomis,0
Recipient_Cage_02,Recipient_02,Recipient,Spring,Rock,Potomac_River,Calopteryx,0
Recipient_Cage_02,Recipient_02,Recipient,Spring,Rock,Potomac_River,Molanna,0
Recipient_Cage_02,Recipient_02,Recipient,Spring,Rock,Potomac_River,Boyeria,0
Recipient_Cage_02,Recipient_02,Recipient,Spring,Rock,Potomac_River,Leptophlebia,0
Recipient_Cage_02,Recipient_02,Recipient,Spring,Rock,Potomac_River,Nyctiophylax,0
Recipient_Cage_02,Recipient_02,Recipient,Spring,Rock,Potomac_River,Argia,0
Recipient_Cage_02,Recipient_02,Recipient,Spring,Rock,Potomac_River,Rhyacophila,0
Recipient_Cage_02,Recipient_02,Recipient,Spring,Rock,Potomac_River,Probezzia,0
Recipient_Cage_02,Recipient_02,Recipient,Spring,Rock,Potomac_River,Neureclipsis,0
Recipient_Cage_02,Recipient_02,Recipient,Spring,Rock,Potomac_River,Eurylophella,0
Recipient_Cage_02,Recipient_02,Recipient,Spring,Rock,Potomac_River,Glossosoma,0
Recipient_Cage_02,Recipient_02,Recipient,Spring,Rock,Potomac_River,Rhagovelia,0
Recipient_Cage_02,Recipient_02,Recipient,Spring,Rock,Potomac_River,Neophylax,0
Recipient_Cage_02,Recipient_02,Recipient,Spring,Rock,Potomac_River,Microvelia,0
Recipient_Cage_02,Recipient_02,Recipient,Spring,Rock,Potomac_River,Hydatophylax,0
Recipient_Cage_02,Recipient_02,Recipient,Spring,Rock,Potomac_River,Antocha,0
Recipient_Cage_02,Recipient_02,Recipient,Spring,Rock,Potomac_River,Lepidostoma,0
Recipient_Cage_02,Recipient_02,Recipient,Spring,Rock,Potomac_River,Baetis,0
Recipient_Cage_02,Recipient_02,Recipient,Spring,Rock,Potomac_River,Oecetis,0
Recipient_Cage_02,Recipient_02,Recipient,Spring,Rock,Potomac_River,Ironoquia,0
Recipient_Cage_02,Recipient_02,Recipient,Spring,Rock,Potomac_River,Timpanoga,3
Recipient_Cage_02,Recipient_02,Recipient,Spring,Rock,Potomac_River,Polycentropus,2
Recipient_Cage_02,Recipient_02,Recipient,Spring,Rock,Potomac_River,Amphinemura,0
Recipient_Cage_02,Recipient_02,Recipient,Spring,Rock,Potomac_River,Penelomax,0
Recipient_Cage_02,Recipient_02,Recipient,Spring,Rock,Potomac_River,Ephemerella,0
Recipient_Cage_02,Recipient_02,Recipient,Spring,Rock,Potomac_River,Hemerodromia,0
Recipient_Cage_02,Recipient_02,Recipient,Spring,Rock,Potomac_River,Shipsa,0
Recipient_Cage_02,Recipient_02,Recipient,Spring,Rock,Potomac_River,Helichus,0
Recipient_Cage_02,Recipient_02,Recipient,Spring,Rock,Potomac_River,Neoleptophlebia,0
Recipient_Cage_02,Recipient_02,Recipient,Spring,Rock,Potomac_River,Attenella,0
Recipient_Cage_02,Recipient_02,Recipient,Spring,Rock,Potomac_River,Entomobryidae,0
Recipient_Cage_02,Recipient_02,Recipient,Spring,Rock,Potomac_River,Heptageniidae,0
Recipient_Cage_02,Recipient_02,Recipient,Spring,Rock,Potomac_River,Aeshna,0
Recipient_Cage_02,Recipient_02,Recipient,Spring,Rock,Potomac_River,Crambidae,0
Recipient_Cage_02,Recipient_02,Recipient,Spring,Rock,Potomac_River,Teloganopsis,0
Recipient_Cage_02,Recipient_02,Recipient,Spring,Rock,Potomac_River,Leptoceridae,0
Recipient_Cage_02,Recipient_02,Recipient,Spring,Rock,Potomac_River,Pycnopsyche,0
Recipient_Cage_02,Recipient_02,Recipient,Spring,Rock,Potomac_River,Triaenodes,0
Recipient_Cage_02,Recipient_02,Recipient,Spring,Rock,Potomac_River,Serratella,0
Recipient_Cage_02,Recipient_02,Recipient,Spring,Rock,Potomac_River,Optioservus,0
Recipient_Cage_02,Recipient_02,Recipient,Spring,Rock,Potomac_River,Hydrachnidia,0
Recipient_Cage_02,Recipient_02,Recipient,Spring,Rock,Potomac_River,Polymitarcyidae,0
Recipient_Cage_02,Recipient_02,Recipient,Spring,Rock,Potomac_River,Cambarus,0
Recipient_Cage_02,Recipient_02,Recipient,Spring,Rock,Potomac_River,Ancyronyx,0
Recipient_Cage_02,Recipient_02,Recipient,Spring,Rock,Potomac_River,Gammarus,0
Recipient_Cage_02,Recipient_02,Recipient,Spring,Rock,Potomac_River,Neoperla,0
Recipient_Cage_03,Recipient_02,Recipient,Spring,Rock,Potomac_River,Allocapnia,0
Recipient_Cage_03,Recipient_02,Recipient,Spring,Rock,Potomac_River,Maccaffertium,1
Recipient_Cage_03,Recipient_02,Recipient,Spring,Rock,Potomac_River,Chironomidae,19
Recipient_Cage_03,Recipient_02,Recipient,Spring,Rock,Potomac_River,Tipula,4
Recipient_Cage_03,Recipient_02,Recipient,Spring,Rock,Potomac_River,Dolophilodes,0
Recipient_Cage_03,Recipient_02,Recipient,Spring,Rock,Potomac_River,Cheumatopsyche,0
Recipient_Cage_03,Recipient_02,Recipient,Spring,Rock,Potomac_River,Isonychia,0
Recipient_Cage_03,Recipient_02,Recipient,Spring,Rock,Potomac_River,Plectrocnemia,0
Recipient_Cage_03,Recipient_02,Recipient,Spring,Rock,Potomac_River,Chimarra,0
Recipient_Cage_03,Recipient_02,Recipient,Spring,Rock,Potomac_River,Nigronia,0
Recipient_Cage_03,Recipient_02,Recipient,Spring,Rock,Potomac_River,Ameletus,0
Recipient_Cage_03,Recipient_02,Recipient,Spring,Rock,Potomac_River,Diplectrona,1
Recipient_Cage_03,Recipient_02,Recipient,Spring,Rock,Potomac_River,Eccoptura,0
Recipient_Cage_03,Recipient_02,Recipient,Spring,Rock,Potomac_River,Hydropsyche,0
Recipient_Cage_03,Recipient_02,Recipient,Spring,Rock,Potomac_River,Baetisca,0
Recipient_Cage_03,Recipient_02,Recipient,Spring,Rock,Potomac_River,Simulium,0
Recipient_Cage_03,Recipient_02,Recipient,Spring,Rock,Potomac_River,Isoperla,0
Recipient_Cage_03,Recipient_02,Recipient,Spring,Rock,Potomac_River,Dixa,0
Recipient_Cage_03,Recipient_02,Recipient,Spring,Rock,Potomac_River,Tropisternus,0
Recipient_Cage_03,Recipient_02,Recipient,Spring,Rock,Potomac_River,Anchytarsus,0
Recipient_Cage_03,Recipient_02,Recipient,Spring,Rock,Potomac_River,Psilotreta,0
Recipient_Cage_03,Recipient_02,Recipient,Spring,Rock,Potomac_River,Dubiraphia,0
Recipient_Cage_03,Recipient_02,Recipient,Spring,Rock,Potomac_River,Ptilostomis,0
Recipient_Cage_03,Recipient_02,Recipient,Spring,Rock,Potomac_River,Calopteryx,0
Recipient_Cage_03,Recipient_02,Recipient,Spring,Rock,Potomac_River,Molanna,0
Recipient_Cage_03,Recipient_02,Recipient,Spring,Rock,Potomac_River,Boyeria,0
Recipient_Cage_03,Recipient_02,Recipient,Spring,Rock,Potomac_River,Leptophlebia,0
Recipient_Cage_03,Recipient_02,Recipient,Spring,Rock,Potomac_River,Nyctiophylax,0
Recipient_Cage_03,Recipient_02,Recipient,Spring,Rock,Potomac_River,Argia,0
Recipient_Cage_03,Recipient_02,Recipient,Spring,Rock,Potomac_River,Rhyacophila,0
Recipient_Cage_03,Recipient_02,Recipient,Spring,Rock,Potomac_River,Probezzia,0
Recipient_Cage_03,Recipient_02,Recipient,Spring,Rock,Potomac_River,Neureclipsis,0
Recipient_Cage_03,Recipient_02,Recipient,Spring,Rock,Potomac_River,Eurylophella,0
Recipient_Cage_03,Recipient_02,Recipient,Spring,Rock,Potomac_River,Glossosoma,0
Recipient_Cage_03,Recipient_02,Recipient,Spring,Rock,Potomac_River,Rhagovelia,0
Recipient_Cage_03,Recipient_02,Recipient,Spring,Rock,Potomac_River,Neophylax,0
Recipient_Cage_03,Recipient_02,Recipient,Spring,Rock,Potomac_River,Microvelia,0
Recipient_Cage_03,Recipient_02,Recipient,Spring,Rock,Potomac_River,Hydatophylax,0
Recipient_Cage_03,Recipient_02,Recipient,Spring,Rock,Potomac_River,Antocha,0
Recipient_Cage_03,Recipient_02,Recipient,Spring,Rock,Potomac_River,Lepidostoma,0
Recipient_Cage_03,Recipient_02,Recipient,Spring,Rock,Potomac_River,Baetis,0
Recipient_Cage_03,Recipient_02,Recipient,Spring,Rock,Potomac_River,Oecetis,0
Recipient_Cage_03,Recipient_02,Recipient,Spring,Rock,Potomac_River,Ironoquia,0
Recipient_Cage_03,Recipient_02,Recipient,Spring,Rock,Potomac_River,Timpanoga,0
Recipient_Cage_03,Recipient_02,Recipient,Spring,Rock,Potomac_River,Polycentropus,3
Recipient_Cage_03,Recipient_02,Recipient,Spring,Rock,Potomac_River,Amphinemura,0
Recipient_Cage_03,Recipient_02,Recipient,Spring,Rock,Potomac_River,Penelomax,0
Recipient_Cage_03,Recipient_02,Recipient,Spring,Rock,Potomac_River,Ephemerella,0
Recipient_Cage_03,Recipient_02,Recipient,Spring,Rock,Potomac_River,Hemerodromia,0
Recipient_Cage_03,Recipient_02,Recipient,Spring,Rock,Potomac_River,Shipsa,0
Recipient_Cage_03,Recipient_02,Recipient,Spring,Rock,Potomac_River,Helichus,0
Recipient_Cage_03,Recipient_02,Recipient,Spring,Rock,Potomac_River,Neoleptophlebia,0
Recipient_Cage_03,Recipient_02,Recipient,Spring,Rock,Potomac_River,Attenella,0
Recipient_Cage_03,Recipient_02,Recipient,Spring,Rock,Potomac_River,Entomobryidae,0
Recipient_Cage_03,Recipient_02,Recipient,Spring,Rock,Potomac_River,Heptageniidae,0
Recipient_Cage_03,Recipient_02,Recipient,Spring,Rock,Potomac_River,Aeshna,0
Recipient_Cage_03,Recipient_02,Recipient,Spring,Rock,Potomac_River,Crambidae,0
Recipient_Cage_03,Recipient_02,Recipient,Spring,Rock,Potomac_River,Teloganopsis,0
Recipient_Cage_03,Recipient_02,Recipient,Spring,Rock,Potomac_River,Leptoceridae,0
Recipient_Cage_03,Recipient_02,Recipient,Spring,Rock,Potomac_River,Pycnopsyche,0
Recipient_Cage_03,Recipient_02,Recipient,Spring,Rock,Potomac_River,Triaenodes,0
Recipient_Cage_03,Recipient_02,Recipient,Spring,Rock,Potomac_River,Serratella,0
Recipient_Cage_03,Recipient_02,Recipient,Spring,Rock,Potomac_River,Optioservus,0
Recipient_Cage_03,Recipient_02,Recipient,Spring,Rock,Potomac_River,Hydrachnidia,0
Recipient_Cage_03,Recipient_02,Recipient,Spring,Rock,Potomac_River,Polymitarcyidae,0
Recipient_Cage_03,Recipient_02,Recipient,Spring,Rock,Potomac_River,Cambarus,0
Recipient_Cage_03,Recipient_02,Recipient,Spring,Rock,Potomac_River,Ancyronyx,0
Recipient_Cage_03,Recipient_02,Recipient,Spring,Rock,Potomac_River,Gammarus,0
Recipient_Cage_03,Recipient_02,Recipient,Spring,Rock,Potomac_River,Neoperla,0
Recipient_Cage_04,Recipient_02,Recipient,Spring,Rock,Potomac_River,Allocapnia,0
Recipient_Cage_04,Recipient_02,Recipient,Spring,Rock,Potomac_River,Maccaffertium,3
Recipient_Cage_04,Recipient_02,Recipient,Spring,Rock,Potomac_River,Chironomidae,31
Recipient_Cage_04,Recipient_02,Recipient,Spring,Rock,Potomac_River,Tipula,1
Recipient_Cage_04,Recipient_02,Recipient,Spring,Rock,Potomac_River,Dolophilodes,0
Recipient_Cage_04,Recipient_02,Recipient,Spring,Rock,Potomac_River,Cheumatopsyche,0
Recipient_Cage_04,Recipient_02,Recipient,Spring,Rock,Potomac_River,Isonychia,0
Recipient_Cage_04,Recipient_02,Recipient,Spring,Rock,Potomac_River,Plectrocnemia,1
Recipient_Cage_04,Recipient_02,Recipient,Spring,Rock,Potomac_River,Chimarra,0
Recipient_Cage_04,Recipient_02,Recipient,Spring,Rock,Potomac_River,Nigronia,0
Recipient_Cage_04,Recipient_02,Recipient,Spring,Rock,Potomac_River,Ameletus,0
Recipient_Cage_04,Recipient_02,Recipient,Spring,Rock,Potomac_River,Diplectrona,0
Recipient_Cage_04,Recipient_02,Recipient,Spring,Rock,Potomac_River,Eccoptura,0
Recipient_Cage_04,Recipient_02,Recipient,Spring,Rock,Potomac_River,Hydropsyche,0
Recipient_Cage_04,Recipient_02,Recipient,Spring,Rock,Potomac_River,Baetisca,0
Recipient_Cage_04,Recipient_02,Recipient,Spring,Rock,Potomac_River,Simulium,0
Recipient_Cage_04,Recipient_02,Recipient,Spring,Rock,Potomac_River,Isoperla,0
Recipient_Cage_04,Recipient_02,Recipient,Spring,Rock,Potomac_River,Dixa,0
Recipient_Cage_04,Recipient_02,Recipient,Spring,Rock,Potomac_River,Tropisternus,0
Recipient_Cage_04,Recipient_02,Recipient,Spring,Rock,Potomac_River,Anchytarsus,0
Recipient_Cage_04,Recipient_02,Recipient,Spring,Rock,Potomac_River,Psilotreta,0
Recipient_Cage_04,Recipient_02,Recipient,Spring,Rock,Potomac_River,Dubiraphia,0
Recipient_Cage_04,Recipient_02,Recipient,Spring,Rock,Potomac_River,Ptilostomis,0
Recipient_Cage_04,Recipient_02,Recipient,Spring,Rock,Potomac_River,Calopteryx,0
Recipient_Cage_04,Recipient_02,Recipient,Spring,Rock,Potomac_River,Molanna,0
Recipient_Cage_04,Recipient_02,Recipient,Spring,Rock,Potomac_River,Boyeria,0
Recipient_Cage_04,Recipient_02,Recipient,Spring,Rock,Potomac_River,Leptophlebia,0
Recipient_Cage_04,Recipient_02,Recipient,Spring,Rock,Potomac_River,Nyctiophylax,0
Recipient_Cage_04,Recipient_02,Recipient,Spring,Rock,Potomac_River,Argia,0
Recipient_Cage_04,Recipient_02,Recipient,Spring,Rock,Potomac_River,Rhyacophila,0
Recipient_Cage_04,Recipient_02,Recipient,Spring,Rock,Potomac_River,Probezzia,0
Recipient_Cage_04,Recipient_02,Recipient,Spring,Rock,Potomac_River,Neureclipsis,0
Recipient_Cage_04,Recipient_02,Recipient,Spring,Rock,Potomac_River,Eurylophella,0
Recipient_Cage_04,Recipient_02,Recipient,Spring,Rock,Potomac_River,Glossosoma,0
Recipient_Cage_04,Recipient_02,Recipient,Spring,Rock,Potomac_River,Rhagovelia,0
Recipient_Cage_04,Recipient_02,Recipient,Spring,Rock,Potomac_River,Neophylax,0
Recipient_Cage_04,Recipient_02,Recipient,Spring,Rock,Potomac_River,Microvelia,0
Recipient_Cage_04,Recipient_02,Recipient,Spring,Rock,Potomac_River,Hydatophylax,0
Recipient_Cage_04,Recipient_02,Recipient,Spring,Rock,Potomac_River,Antocha,0
Recipient_Cage_04,Recipient_02,Recipient,Spring,Rock,Potomac_River,Lepidostoma,0
Recipient_Cage_04,Recipient_02,Recipient,Spring,Rock,Potomac_River,Baetis,0
Recipient_Cage_04,Recipient_02,Recipient,Spring,Rock,Potomac_River,Oecetis,0
Recipient_Cage_04,Recipient_02,Recipient,Spring,Rock,Potomac_River,Ironoquia,0
Recipient_Cage_04,Recipient_02,Recipient,Spring,Rock,Potomac_River,Timpanoga,0
Recipient_Cage_04,Recipient_02,Recipient,Spring,Rock,Potomac_River,Polycentropus,4
Recipient_Cage_04,Recipient_02,Recipient,Spring,Rock,Potomac_River,Amphinemura,0
Recipient_Cage_04,Recipient_02,Recipient,Spring,Rock,Potomac_River,Penelomax,0
Recipient_Cage_04,Recipient_02,Recipient,Spring,Rock,Potomac_River,Ephemerella,0
Recipient_Cage_04,Recipient_02,Recipient,Spring,Rock,Potomac_River,Hemerodromia,0
Recipient_Cage_04,Recipient_02,Recipient,Spring,Rock,Potomac_River,Shipsa,0
Recipient_Cage_04,Recipient_02,Recipient,Spring,Rock,Potomac_River,Helichus,0
Recipient_Cage_04,Recipient_02,Recipient,Spring,Rock,Potomac_River,Neoleptophlebia,0
Recipient_Cage_04,Recipient_02,Recipient,Spring,Rock,Potomac_River,Attenella,0
Recipient_Cage_04,Recipient_02,Recipient,Spring,Rock,Potomac_River,Entomobryidae,0
Recipient_Cage_04,Recipient_02,Recipient,Spring,Rock,Potomac_River,Heptageniidae,0
Recipient_Cage_04,Recipient_02,Recipient,Spring,Rock,Potomac_River,Aeshna,0
Recipient_Cage_04,Recipient_02,Recipient,Spring,Rock,Potomac_River,Crambidae,0
Recipient_Cage_04,Recipient_02,Recipient,Spring,Rock,Potomac_River,Teloganopsis,0
Recipient_Cage_04,Recipient_02,Recipient,Spring,Rock,Potomac_River,Leptoceridae,0
Recipient_Cage_04,Recipient_02,Recipient,Spring,Rock,Potomac_River,Pycnopsyche,0
Recipient_Cage_04,Recipient_02,Recipient,Spring,Rock,Potomac_River,Triaenodes,0
Recipient_Cage_04,Recipient_02,Recipient,Spring,Rock,Potomac_River,Serratella,0
Recipient_Cage_04,Recipient_02,Recipient,Spring,Rock,Potomac_River,Optioservus,0
Recipient_Cage_04,Recipient_02,Recipient,Spring,Rock,Potomac_River,Hydrachnidia,0
Recipient_Cage_04,Recipient_02,Recipient,Spring,Rock,Potomac_River,Polymitarcyidae,0
Recipient_Cage_04,Recipient_02,Recipient,Spring,Rock,Potomac_River,Cambarus,0
Recipient_Cage_04,Recipient_02,Recipient,Spring,Rock,Potomac_River,Ancyronyx,0
Recipient_Cage_04,Recipient_02,Recipient,Spring,Rock,Potomac_River,Gammarus,0
Recipient_Cage_04,Recipient_02,Recipient,Spring,Rock,Potomac_River,Neoperla,0
Recipient_Cage_05,Recipient_02,Recipient,Spring,Rock,Potomac_River,Allocapnia,0
Recipient_Cage_05,Recipient_02,Recipient,Spring,Rock,Potomac_River,Maccaffertium,1
Recipient_Cage_05,Recipient_02,Recipient,Spring,Rock,Potomac_River,Chironomidae,23
Recipient_Cage_05,Recipient_02,Recipient,Spring,Rock,Potomac_River,Tipula,6
Recipient_Cage_05,Recipient_02,Recipient,Spring,Rock,Potomac_River,Dolophilodes,0
Recipient_Cage_05,Recipient_02,Recipient,Spring,Rock,Potomac_River,Cheumatopsyche,2
Recipient_Cage_05,Recipient_02,Recipient,Spring,Rock,Potomac_River,Isonychia,0
Recipient_Cage_05,Recipient_02,Recipient,Spring,Rock,Potomac_River,Plectrocnemia,1
Recipient_Cage_05,Recipient_02,Recipient,Spring,Rock,Potomac_River,Chimarra,0
Recipient_Cage_05,Recipient_02,Recipient,Spring,Rock,Potomac_River,Nigronia,0
Recipient_Cage_05,Recipient_02,Recipient,Spring,Rock,Potomac_River,Ameletus,0
Recipient_Cage_05,Recipient_02,Recipient,Spring,Rock,Potomac_River,Diplectrona,0
Recipient_Cage_05,Recipient_02,Recipient,Spring,Rock,Potomac_River,Eccoptura,0
Recipient_Cage_05,Recipient_02,Recipient,Spring,Rock,Potomac_River,Hydropsyche,0
Recipient_Cage_05,Recipient_02,Recipient,Spring,Rock,Potomac_River,Baetisca,0
Recipient_Cage_05,Recipient_02,Recipient,Spring,Rock,Potomac_River,Simulium,1
Recipient_Cage_05,Recipient_02,Recipient,Spring,Rock,Potomac_River,Isoperla,0
Recipient_Cage_05,Recipient_02,Recipient,Spring,Rock,Potomac_River,Dixa,0
Recipient_Cage_05,Recipient_02,Recipient,Spring,Rock,Potomac_River,Tropisternus,0
Recipient_Cage_05,Recipient_02,Recipient,Spring,Rock,Potomac_River,Anchytarsus,0
Recipient_Cage_05,Recipient_02,Recipient,Spring,Rock,Potomac_River,Psilotreta,0
Recipient_Cage_05,Recipient_02,Recipient,Spring,Rock,Potomac_River,Dubiraphia,0
Recipient_Cage_05,Recipient_02,Recipient,Spring,Rock,Potomac_River,Ptilostomis,0
Recipient_Cage_05,Recipient_02,Recipient,Spring,Rock,Potomac_River,Calopteryx,0
Recipient_Cage_05,Recipient_02,Recipient,Spring,Rock,Potomac_River,Molanna,0
Recipient_Cage_05,Recipient_02,Recipient,Spring,Rock,Potomac_River,Boyeria,0
Recipient_Cage_05,Recipient_02,Recipient,Spring,Rock,Potomac_River,Leptophlebia,0
Recipient_Cage_05,Recipient_02,Recipient,Spring,Rock,Potomac_River,Nyctiophylax,0
Recipient_Cage_05,Recipient_02,Recipient,Spring,Rock,Potomac_River,Argia,0
Recipient_Cage_05,Recipient_02,Recipient,Spring,Rock,Potomac_River,Rhyacophila,0
Recipient_Cage_05,Recipient_02,Recipient,Spring,Rock,Potomac_River,Probezzia,0
Recipient_Cage_05,Recipient_02,Recipient,Spring,Rock,Potomac_River,Neureclipsis,0
Recipient_Cage_05,Recipient_02,Recipient,Spring,Rock,Potomac_River,Eurylophella,0
Recipient_Cage_05,Recipient_02,Recipient,Spring,Rock,Potomac_River,Glossosoma,0
Recipient_Cage_05,Recipient_02,Recipient,Spring,Rock,Potomac_River,Rhagovelia,0
Recipient_Cage_05,Recipient_02,Recipient,Spring,Rock,Potomac_River,Neophylax,1
Recipient_Cage_05,Recipient_02,Recipient,Spring,Rock,Potomac_River,Microvelia,0
Recipient_Cage_05,Recipient_02,Recipient,Spring,Rock,Potomac_River,Hydatophylax,0
Recipient_Cage_05,Recipient_02,Recipient,Spring,Rock,Potomac_River,Antocha,0
Recipient_Cage_05,Recipient_02,Recipient,Spring,Rock,Potomac_River,Lepidostoma,0
Recipient_Cage_05,Recipient_02,Recipient,Spring,Rock,Potomac_River,Baetis,0
Recipient_Cage_05,Recipient_02,Recipient,Spring,Rock,Potomac_River,Oecetis,0
Recipient_Cage_05,Recipient_02,Recipient,Spring,Rock,Potomac_River,Ironoquia,0
Recipient_Cage_05,Recipient_02,Recipient,Spring,Rock,Potomac_River,Timpanoga,0
Recipient_Cage_05,Recipient_02,Recipient,Spring,Rock,Potomac_River,Polycentropus,3
Recipient_Cage_05,Recipient_02,Recipient,Spring,Rock,Potomac_River,Amphinemura,0
Recipient_Cage_05,Recipient_02,Recipient,Spring,Rock,Potomac_River,Penelomax,0
Recipient_Cage_05,Recipient_02,Recipient,Spring,Rock,Potomac_River,Ephemerella,0
Recipient_Cage_05,Recipient_02,Recipient,Spring,Rock,Potomac_River,Hemerodromia,0
Recipient_Cage_05,Recipient_02,Recipient,Spring,Rock,Potomac_River,Shipsa,0
Recipient_Cage_05,Recipient_02,Recipient,Spring,Rock,Potomac_River,Helichus,0
Recipient_Cage_05,Recipient_02,Recipient,Spring,Rock,Potomac_River,Neoleptophlebia,0
Recipient_Cage_05,Recipient_02,Recipient,Spring,Rock,Potomac_River,Attenella,0
Recipient_Cage_05,Recipient_02,Recipient,Spring,Rock,Potomac_River,Entomobryidae,0
Recipient_Cage_05,Recipient_02,Recipient,Spring,Rock,Potomac_River,Heptageniidae,0
Recipient_Cage_05,Recipient_02,Recipient,Spring,Rock,Potomac_River,Aeshna,0
Recipient_Cage_05,Recipient_02,Recipient,Spring,Rock,Potomac_River,Crambidae,0
Recipient_Cage_05,Recipient_02,Recipient,Spring,Rock,Potomac_River,Teloganopsis,0
Recipient_Cage_05,Recipient_02,Recipient,Spring,Rock,Potomac_River,Leptoceridae,0
Recipient_Cage_05,Recipient_02,Recipient,Spring,Rock,Potomac_River,Pycnopsyche,0
Recipient_Cage_05,Recipient_02,Recipient,Spring,Rock,Potomac_River,Triaenodes,0
Recipient_Cage_05,Recipient_02,Recipient,Spring,Rock,Potomac_River,Serratella,0
Recipient_Cage_05,Recipient_02,Recipient,Spring,Rock,Potomac_River,Optioservus,0
Recipient_Cage_05,Recipient_02,Recipient,Spring,Rock,Potomac_River,Hydrachnidia,0
Recipient_Cage_05,Recipient_02,Recipient,Spring,Rock,Potomac_River,Polymitarcyidae,0
Recipient_Cage_05,Recipient_02,Recipient,Spring,Rock,Potomac_River,Cambarus,0
Recipient_Cage_05,Recipient_02,Recipient,Spring,Rock,Potomac_River,Ancyronyx,0
Recipient_Cage_05,Recipient_02,Recipient,Spring,Rock,Potomac_River,Gammarus,0
Recipient_Cage_05,Recipient_02,Recipient,Spring,Rock,Potomac_River,Neoperla,0
Recipient_Cage_06,Recipient_10,Recipient,Spring,Leaf,Little_Patuxent,Allocapnia,0
Recipient_Cage_06,Recipient_10,Recipient,Spring,Leaf,Little_Patuxent,Maccaffertium,0
Recipient_Cage_06,Recipient_10,Recipient,Spring,Leaf,Little_Patuxent,Chironomidae,21
Recipient_Cage_06,Recipient_10,Recipient,Spring,Leaf,Little_Patuxent,Tipula,5
Recipient_Cage_06,Recipient_10,Recipient,Spring,Leaf,Little_Patuxent,Dolophilodes,0
Recipient_Cage_06,Recipient_10,Recipient,Spring,Leaf,Little_Patuxent,Cheumatopsyche,0
Recipient_Cage_06,Recipient_10,Recipient,Spring,Leaf,Little_Patuxent,Isonychia,0
Recipient_Cage_06,Recipient_10,Recipient,Spring,Leaf,Little_Patuxent,Plectrocnemia,8
Recipient_Cage_06,Recipient_10,Recipient,Spring,Leaf,Little_Patuxent,Chimarra,0
Recipient_Cage_06,Recipient_10,Recipient,Spring,Leaf,Little_Patuxent,Nigronia,1
Recipient_Cage_06,Recipient_10,Recipient,Spring,Leaf,Little_Patuxent,Ameletus,0
Recipient_Cage_06,Recipient_10,Recipient,Spring,Leaf,Little_Patuxent,Diplectrona,0
Recipient_Cage_06,Recipient_10,Recipient,Spring,Leaf,Little_Patuxent,Eccoptura,0
Recipient_Cage_06,Recipient_10,Recipient,Spring,Leaf,Little_Patuxent,Hydropsyche,0
Recipient_Cage_06,Recipient_10,Recipient,Spring,Leaf,Little_Patuxent,Baetisca,0
Recipient_Cage_06,Recipient_10,Recipient,Spring,Leaf,Little_Patuxent,Simulium,0
Recipient_Cage_06,Recipient_10,Recipient,Spring,Leaf,Little_Patuxent,Isoperla,0
Recipient_Cage_06,Recipient_10,Recipient,Spring,Leaf,Little_Patuxent,Dixa,0
Recipient_Cage_06,Recipient_10,Recipient,Spring,Leaf,Little_Patuxent,Tropisternus,0
Recipient_Cage_06,Recipient_10,Recipient,Spring,Leaf,Little_Patuxent,Anchytarsus,7
Recipient_Cage_06,Recipient_10,Recipient,Spring,Leaf,Little_Patuxent,Psilotreta,0
Recipient_Cage_06,Recipient_10,Recipient,Spring,Leaf,Little_Patuxent,Dubiraphia,0
Recipient_Cage_06,Recipient_10,Recipient,Spring,Leaf,Little_Patuxent,Ptilostomis,0
Recipient_Cage_06,Recipient_10,Recipient,Spring,Leaf,Little_Patuxent,Calopteryx,1
Recipient_Cage_06,Recipient_10,Recipient,Spring,Leaf,Little_Patuxent,Molanna,0
Recipient_Cage_06,Recipient_10,Recipient,Spring,Leaf,Little_Patuxent,Boyeria,0
Recipient_Cage_06,Recipient_10,Recipient,Spring,Leaf,Little_Patuxent,Leptophlebia,0
Recipient_Cage_06,Recipient_10,Recipient,Spring,Leaf,Little_Patuxent,Nyctiophylax,0
Recipient_Cage_06,Recipient_10,Recipient,Spring,Leaf,Little_Patuxent,Argia,0
Recipient_Cage_06,Recipient_10,Recipient,Spring,Leaf,Little_Patuxent,Rhyacophila,0
Recipient_Cage_06,Recipient_10,Recipient,Spring,Leaf,Little_Patuxent,Probezzia,0
Recipient_Cage_06,Recipient_10,Recipient,Spring,Leaf,Little_Patuxent,Neureclipsis,0
Recipient_Cage_06,Recipient_10,Recipient,Spring,Leaf,Little_Patuxent,Eurylophella,0
Recipient_Cage_06,Recipient_10,Recipient,Spring,Leaf,Little_Patuxent,Glossosoma,0
Recipient_Cage_06,Recipient_10,Recipient,Spring,Leaf,Little_Patuxent,Rhagovelia,0
Recipient_Cage_06,Recipient_10,Recipient,Spring,Leaf,Little_Patuxent,Neophylax,0
Recipient_Cage_06,Recipient_10,Recipient,Spring,Leaf,Little_Patuxent,Microvelia,0
Recipient_Cage_06,Recipient_10,Recipient,Spring,Leaf,Little_Patuxent,Hydatophylax,0
Recipient_Cage_06,Recipient_10,Recipient,Spring,Leaf,Little_Patuxent,Antocha,0
Recipient_Cage_06,Recipient_10,Recipient,Spring,Leaf,Little_Patuxent,Lepidostoma,0
Recipient_Cage_06,Recipient_10,Recipient,Spring,Leaf,Little_Patuxent,Baetis,0
Recipient_Cage_06,Recipient_10,Recipient,Spring,Leaf,Little_Patuxent,Oecetis,0
Recipient_Cage_06,Recipient_10,Recipient,Spring,Leaf,Little_Patuxent,Ironoquia,0
Recipient_Cage_06,Recipient_10,Recipient,Spring,Leaf,Little_Patuxent,Timpanoga,0
Recipient_Cage_06,Recipient_10,Recipient,Spring,Leaf,Little_Patuxent,Polycentropus,1
Recipient_Cage_06,Recipient_10,Recipient,Spring,Leaf,Little_Patuxent,Amphinemura,0
Recipient_Cage_06,Recipient_10,Recipient,Spring,Leaf,Little_Patuxent,Penelomax,0
Recipient_Cage_06,Recipient_10,Recipient,Spring,Leaf,Little_Patuxent,Ephemerella,0
Recipient_Cage_06,Recipient_10,Recipient,Spring,Leaf,Little_Patuxent,Hemerodromia,0
Recipient_Cage_06,Recipient_10,Recipient,Spring,Leaf,Little_Patuxent,Shipsa,0
Recipient_Cage_06,Recipient_10,Recipient,Spring,Leaf,Little_Patuxent,Helichus,0
Recipient_Cage_06,Recipient_10,Recipient,Spring,Leaf,Little_Patuxent,Neoleptophlebia,0
Recipient_Cage_06,Recipient_10,Recipient,Spring,Leaf,Little_Patuxent,Attenella,0
Recipient_Cage_06,Recipient_10,Recipient,Spring,Leaf,Little_Patuxent,Entomobryidae,0
Recipient_Cage_06,Recipient_10,Recipient,Spring,Leaf,Little_Patuxent,Heptageniidae,0
Recipient_Cage_06,Recipient_10,Recipient,Spring,Leaf,Little_Patuxent,Aeshna,0
Recipient_Cage_06,Recipient_10,Recipient,Spring,Leaf,Little_Patuxent,Crambidae,0
Recipient_Cage_06,Recipient_10,Recipient,Spring,Leaf,Little_Patuxent,Teloganopsis,0
Recipient_Cage_06,Recipient_10,Recipient,Spring,Leaf,Little_Patuxent,Leptoceridae,0
Recipient_Cage_06,Recipient_10,Recipient,Spring,Leaf,Little_Patuxent,Pycnopsyche,0
Recipient_Cage_06,Recipient_10,Recipient,Spring,Leaf,Little_Patuxent,Triaenodes,0
Recipient_Cage_06,Recipient_10,Recipient,Spring,Leaf,Little_Patuxent,Serratella,0
Recipient_Cage_06,Recipient_10,Recipient,Spring,Leaf,Little_Patuxent,Optioservus,0
Recipient_Cage_06,Recipient_10,Recipient,Spring,Leaf,Little_Patuxent,Hydrachnidia,0
Recipient_Cage_06,Recipient_10,Recipient,Spring,Leaf,Little_Patuxent,Polymitarcyidae,0
Recipient_Cage_06,Recipient_10,Recipient,Spring,Leaf,Little_Patuxent,Cambarus,0
Recipient_Cage_06,Recipient_10,Recipient,Spring,Leaf,Little_Patuxent,Ancyronyx,0
Recipient_Cage_06,Recipient_10,Recipient,Spring,Leaf,Little_Patuxent,Gammarus,0
Recipient_Cage_06,Recipient_10,Recipient,Spring,Leaf,Little_Patuxent,Neoperla,0
Recipient_Cage_07,Recipient_10,Recipient,Spring,Leaf,Little_Patuxent,Allocapnia,0
Recipient_Cage_07,Recipient_10,Recipient,Spring,Leaf,Little_Patuxent,Maccaffertium,0
Recipient_Cage_07,Recipient_10,Recipient,Spring,Leaf,Little_Patuxent,Chironomidae,66
Recipient_Cage_07,Recipient_10,Recipient,Spring,Leaf,Little_Patuxent,Tipula,2
Recipient_Cage_07,Recipient_10,Recipient,Spring,Leaf,Little_Patuxent,Dolophilodes,0
Recipient_Cage_07,Recipient_10,Recipient,Spring,Leaf,Little_Patuxent,Cheumatopsyche,0
Recipient_Cage_07,Recipient_10,Recipient,Spring,Leaf,Little_Patuxent,Isonychia,0
Recipient_Cage_07,Recipient_10,Recipient,Spring,Leaf,Little_Patuxent,Plectrocnemia,4
Recipient_Cage_07,Recipient_10,Recipient,Spring,Leaf,Little_Patuxent,Chimarra,0
Recipient_Cage_07,Recipient_10,Recipient,Spring,Leaf,Little_Patuxent,Nigronia,1
Recipient_Cage_07,Recipient_10,Recipient,Spring,Leaf,Little_Patuxent,Ameletus,0
Recipient_Cage_07,Recipient_10,Recipient,Spring,Leaf,Little_Patuxent,Diplectrona,2
Recipient_Cage_07,Recipient_10,Recipient,Spring,Leaf,Little_Patuxent,Eccoptura,0
Recipient_Cage_07,Recipient_10,Recipient,Spring,Leaf,Little_Patuxent,Hydropsyche,0
Recipient_Cage_07,Recipient_10,Recipient,Spring,Leaf,Little_Patuxent,Baetisca,0
Recipient_Cage_07,Recipient_10,Recipient,Spring,Leaf,Little_Patuxent,Simulium,0
Recipient_Cage_07,Recipient_10,Recipient,Spring,Leaf,Little_Patuxent,Isoperla,0
Recipient_Cage_07,Recipient_10,Recipient,Spring,Leaf,Little_Patuxent,Dixa,0
Recipient_Cage_07,Recipient_10,Recipient,Spring,Leaf,Little_Patuxent,Tropisternus,0
Recipient_Cage_07,Recipient_10,Recipient,Spring,Leaf,Little_Patuxent,Anchytarsus,4
Recipient_Cage_07,Recipient_10,Recipient,Spring,Leaf,Little_Patuxent,Psilotreta,2
Recipient_Cage_07,Recipient_10,Recipient,Spring,Leaf,Little_Patuxent,Dubiraphia,0
Recipient_Cage_07,Recipient_10,Recipient,Spring,Leaf,Little_Patuxent,Ptilostomis,0
Recipient_Cage_07,Recipient_10,Recipient,Spring,Leaf,Little_Patuxent,Calopteryx,0
Recipient_Cage_07,Recipient_10,Recipient,Spring,Leaf,Little_Patuxent,Molanna,0
Recipient_Cage_07,Recipient_10,Recipient,Spring,Leaf,Little_Patuxent,Boyeria,0
Recipient_Cage_07,Recipient_10,Recipient,Spring,Leaf,Little_Patuxent,Leptophlebia,0
Recipient_Cage_07,Recipient_10,Recipient,Spring,Leaf,Little_Patuxent,Nyctiophylax,0
Recipient_Cage_07,Recipient_10,Recipient,Spring,Leaf,Little_Patuxent,Argia,0
Recipient_Cage_07,Recipient_10,Recipient,Spring,Leaf,Little_Patuxent,Rhyacophila,0
Recipient_Cage_07,Recipient_10,Recipient,Spring,Leaf,Little_Patuxent,Probezzia,0
Recipient_Cage_07,Recipient_10,Recipient,Spring,Leaf,Little_Patuxent,Neureclipsis,0
Recipient_Cage_07,Recipient_10,Recipient,Spring,Leaf,Little_Patuxent,Eurylophella,0
Recipient_Cage_07,Recipient_10,Recipient,Spring,Leaf,Little_Patuxent,Glossosoma,0
Recipient_Cage_07,Recipient_10,Recipient,Spring,Leaf,Little_Patuxent,Rhagovelia,0
Recipient_Cage_07,Recipient_10,Recipient,Spring,Leaf,Little_Patuxent,Neophylax,0
Recipient_Cage_07,Recipient_10,Recipient,Spring,Leaf,Little_Patuxent,Microvelia,0
Recipient_Cage_07,Recipient_10,Recipient,Spring,Leaf,Little_Patuxent,Hydatophylax,0
Recipient_Cage_07,Recipient_10,Recipient,Spring,Leaf,Little_Patuxent,Antocha,0
Recipient_Cage_07,Recipient_10,Recipient,Spring,Leaf,Little_Patuxent,Lepidostoma,0
Recipient_Cage_07,Recipient_10,Recipient,Spring,Leaf,Little_Patuxent,Baetis,0
Recipient_Cage_07,Recipient_10,Recipient,Spring,Leaf,Little_Patuxent,Oecetis,0
Recipient_Cage_07,Recipient_10,Recipient,Spring,Leaf,Little_Patuxent,Ironoquia,0
Recipient_Cage_07,Recipient_10,Recipient,Spring,Leaf,Little_Patuxent,Timpanoga,0
Recipient_Cage_07,Recipient_10,Recipient,Spring,Leaf,Little_Patuxent,Polycentropus,4
Recipient_Cage_07,Recipient_10,Recipient,Spring,Leaf,Little_Patuxent,Amphinemura,0
Recipient_Cage_07,Recipient_10,Recipient,Spring,Leaf,Little_Patuxent,Penelomax,0
Recipient_Cage_07,Recipient_10,Recipient,Spring,Leaf,Little_Patuxent,Ephemerella,0
Recipient_Cage_07,Recipient_10,Recipient,Spring,Leaf,Little_Patuxent,Hemerodromia,0
Recipient_Cage_07,Recipient_10,Recipient,Spring,Leaf,Little_Patuxent,Shipsa,0
Recipient_Cage_07,Recipient_10,Recipient,Spring,Leaf,Little_Patuxent,Helichus,0
Recipient_Cage_07,Recipient_10,Recipient,Spring,Leaf,Little_Patuxent,Neoleptophlebia,0
Recipient_Cage_07,Recipient_10,Recipient,Spring,Leaf,Little_Patuxent,Attenella,0
Recipient_Cage_07,Recipient_10,Recipient,Spring,Leaf,Little_Patuxent,Entomobryidae,0
Recipient_Cage_07,Recipient_10,Recipient,Spring,Leaf,Little_Patuxent,Heptageniidae,0
Recipient_Cage_07,Recipient_10,Recipient,Spring,Leaf,Little_Patuxent,Aeshna,0
Recipient_Cage_07,Recipient_10,Recipient,Spring,Leaf,Little_Patuxent,Crambidae,0
Recipient_Cage_07,Recipient_10,Recipient,Spring,Leaf,Little_Patuxent,Teloganopsis,0
Recipient_Cage_07,Recipient_10,Recipient,Spring,Leaf,Little_Patuxent,Leptoceridae,0
Recipient_Cage_07,Recipient_10,Recipient,Spring,Leaf,Little_Patuxent,Pycnopsyche,0
Recipient_Cage_07,Recipient_10,Recipient,Spring,Leaf,Little_Patuxent,Triaenodes,0
Recipient_Cage_07,Recipient_10,Recipient,Spring,Leaf,Little_Patuxent,Serratella,0
Recipient_Cage_07,Recipient_10,Recipient,Spring,Leaf,Little_Patuxent,Optioservus,0
Recipient_Cage_07,Recipient_10,Recipient,Spring,Leaf,Little_Patuxent,Hydrachnidia,0
Recipient_Cage_07,Recipient_10,Recipient,Spring,Leaf,Little_Patuxent,Polymitarcyidae,0
Recipient_Cage_07,Recipient_10,Recipient,Spring,Leaf,Little_Patuxent,Cambarus,0
Recipient_Cage_07,Recipient_10,Recipient,Spring,Leaf,Little_Patuxent,Ancyronyx,0
Recipient_Cage_07,Recipient_10,Recipient,Spring,Leaf,Little_Patuxent,Gammarus,0
Recipient_Cage_07,Recipient_10,Recipient,Spring,Leaf,Little_Patuxent,Neoperla,0
Recipient_Cage_08,Recipient_10,Recipient,Spring,Leaf,Little_Patuxent,Allocapnia,0
Recipient_Cage_08,Recipient_10,Recipient,Spring,Leaf,Little_Patuxent,Maccaffertium,0
Recipient_Cage_08,Recipient_10,Recipient,Spring,Leaf,Little_Patuxent,Chironomidae,25
Recipient_Cage_08,Recipient_10,Recipient,Spring,Leaf,Little_Patuxent,Tipula,2
Recipient_Cage_08,Recipient_10,Recipient,Spring,Leaf,Little_Patuxent,Dolophilodes,0
Recipient_Cage_08,Recipient_10,Recipient,Spring,Leaf,Little_Patuxent,Cheumatopsyche,0
Recipient_Cage_08,Recipient_10,Recipient,Spring,Leaf,Little_Patuxent,Isonychia,0
Recipient_Cage_08,Recipient_10,Recipient,Spring,Leaf,Little_Patuxent,Plectrocnemia,0
Recipient_Cage_08,Recipient_10,Recipient,Spring,Leaf,Little_Patuxent,Chimarra,0
Recipient_Cage_08,Recipient_10,Recipient,Spring,Leaf,Little_Patuxent,Nigronia,1
Recipient_Cage_08,Recipient_10,Recipient,Spring,Leaf,Little_Patuxent,Ameletus,0
Recipient_Cage_08,Recipient_10,Recipient,Spring,Leaf,Little_Patuxent,Diplectrona,1
Recipient_Cage_08,Recipient_10,Recipient,Spring,Leaf,Little_Patuxent,Eccoptura,0
Recipient_Cage_08,Recipient_10,Recipient,Spring,Leaf,Little_Patuxent,Hydropsyche,0
Recipient_Cage_08,Recipient_10,Recipient,Spring,Leaf,Little_Patuxent,Baetisca,0
Recipient_Cage_08,Recipient_10,Recipient,Spring,Leaf,Little_Patuxent,Simulium,0
Recipient_Cage_08,Recipient_10,Recipient,Spring,Leaf,Little_Patuxent,Isoperla,0
Recipient_Cage_08,Recipient_10,Recipient,Spring,Leaf,Little_Patuxent,Dixa,0
Recipient_Cage_08,Recipient_10,Recipient,Spring,Leaf,Little_Patuxent,Tropisternus,0
Recipient_Cage_08,Recipient_10,Recipient,Spring,Leaf,Little_Patuxent,Anchytarsus,4
Recipient_Cage_08,Recipient_10,Recipient,Spring,Leaf,Little_Patuxent,Psilotreta,0
Recipient_Cage_08,Recipient_10,Recipient,Spring,Leaf,Little_Patuxent,Dubiraphia,0
Recipient_Cage_08,Recipient_10,Recipient,Spring,Leaf,Little_Patuxent,Ptilostomis,0
Recipient_Cage_08,Recipient_10,Recipient,Spring,Leaf,Little_Patuxent,Calopteryx,0
Recipient_Cage_08,Recipient_10,Recipient,Spring,Leaf,Little_Patuxent,Molanna,0
Recipient_Cage_08,Recipient_10,Recipient,Spring,Leaf,Little_Patuxent,Boyeria,0
Recipient_Cage_08,Recipient_10,Recipient,Spring,Leaf,Little_Patuxent,Leptophlebia,0
Recipient_Cage_08,Recipient_10,Recipient,Spring,Leaf,Little_Patuxent,Nyctiophylax,0
Recipient_Cage_08,Recipient_10,Recipient,Spring,Leaf,Little_Patuxent,Argia,0
Recipient_Cage_08,Recipient_10,Recipient,Spring,Leaf,Little_Patuxent,Rhyacophila,0
Recipient_Cage_08,Recipient_10,Recipient,Spring,Leaf,Little_Patuxent,Probezzia,0
Recipient_Cage_08,Recipient_10,Recipient,Spring,Leaf,Little_Patuxent,Neureclipsis,0
Recipient_Cage_08,Recipient_10,Recipient,Spring,Leaf,Little_Patuxent,Eurylophella,0
Recipient_Cage_08,Recipient_10,Recipient,Spring,Leaf,Little_Patuxent,Glossosoma,0
Recipient_Cage_08,Recipient_10,Recipient,Spring,Leaf,Little_Patuxent,Rhagovelia,0
Recipient_Cage_08,Recipient_10,Recipient,Spring,Leaf,Little_Patuxent,Neophylax,0
Recipient_Cage_08,Recipient_10,Recipient,Spring,Leaf,Little_Patuxent,Microvelia,0
Recipient_Cage_08,Recipient_10,Recipient,Spring,Leaf,Little_Patuxent,Hydatophylax,0
Recipient_Cage_08,Recipient_10,Recipient,Spring,Leaf,Little_Patuxent,Antocha,0
Recipient_Cage_08,Recipient_10,Recipient,Spring,Leaf,Little_Patuxent,Lepidostoma,0
Recipient_Cage_08,Recipient_10,Recipient,Spring,Leaf,Little_Patuxent,Baetis,0
Recipient_Cage_08,Recipient_10,Recipient,Spring,Leaf,Little_Patuxent,Oecetis,0
Recipient_Cage_08,Recipient_10,Recipient,Spring,Leaf,Little_Patuxent,Ironoquia,0
Recipient_Cage_08,Recipient_10,Recipient,Spring,Leaf,Little_Patuxent,Timpanoga,0
Recipient_Cage_08,Recipient_10,Recipient,Spring,Leaf,Little_Patuxent,Polycentropus,3
Recipient_Cage_08,Recipient_10,Recipient,Spring,Leaf,Little_Patuxent,Amphinemura,0
Recipient_Cage_08,Recipient_10,Recipient,Spring,Leaf,Little_Patuxent,Penelomax,0
Recipient_Cage_08,Recipient_10,Recipient,Spring,Leaf,Little_Patuxent,Ephemerella,0
Recipient_Cage_08,Recipient_10,Recipient,Spring,Leaf,Little_Patuxent,Hemerodromia,0
Recipient_Cage_08,Recipient_10,Recipient,Spring,Leaf,Little_Patuxent,Shipsa,0
Recipient_Cage_08,Recipient_10,Recipient,Spring,Leaf,Little_Patuxent,Helichus,0
Recipient_Cage_08,Recipient_10,Recipient,Spring,Leaf,Little_Patuxent,Neoleptophlebia,0
Recipient_Cage_08,Recipient_10,Recipient,Spring,Leaf,Little_Patuxent,Attenella,0
Recipient_Cage_08,Recipient_10,Recipient,Spring,Leaf,Little_Patuxent,Entomobryidae,0
Recipient_Cage_08,Recipient_10,Recipient,Spring,Leaf,Little_Patuxent,Heptageniidae,0
Recipient_Cage_08,Recipient_10,Recipient,Spring,Leaf,Little_Patuxent,Aeshna,0
Recipient_Cage_08,Recipient_10,Recipient,Spring,Leaf,Little_Patuxent,Crambidae,0
Recipient_Cage_08,Recipient_10,Recipient,Spring,Leaf,Little_Patuxent,Teloganopsis,0
Recipient_Cage_08,Recipient_10,Recipient,Spring,Leaf,Little_Patuxent,Leptoceridae,0
Recipient_Cage_08,Recipient_10,Recipient,Spring,Leaf,Little_Patuxent,Pycnopsyche,0
Recipient_Cage_08,Recipient_10,Recipient,Spring,Leaf,Little_Patuxent,Triaenodes,0
Recipient_Cage_08,Recipient_10,Recipient,Spring,Leaf,Little_Patuxent,Serratella,0
Recipient_Cage_08,Recipient_10,Recipient,Spring,Leaf,Little_Patuxent,Optioservus,0
Recipient_Cage_08,Recipient_10,Recipient,Spring,Leaf,Little_Patuxent,Hydrachnidia,0
Recipient_Cage_08,Recipient_10,Recipient,Spring,Leaf,Little_Patuxent,Polymitarcyidae,0
Recipient_Cage_08,Recipient_10,Recipient,Spring,Leaf,Little_Patuxent,Cambarus,0
Recipient_Cage_08,Recipient_10,Recipient,Spring,Leaf,Little_Patuxent,Ancyronyx,0
Recipient_Cage_08,Recipient_10,Recipient,Spring,Leaf,Little_Patuxent,Gammarus,0
Recipient_Cage_08,Recipient_10,Recipient,Spring,Leaf,Little_Patuxent,Neoperla,0
Recipient_Cage_09,Recipient_10,Recipient,Spring,Leaf,Little_Patuxent,Allocapnia,0
Recipient_Cage_09,Recipient_10,Recipient,Spring,Leaf,Little_Patuxent,Maccaffertium,0
Recipient_Cage_09,Recipient_10,Recipient,Spring,Leaf,Little_Patuxent,Chironomidae,66
Recipient_Cage_09,Recipient_10,Recipient,Spring,Leaf,Little_Patuxent,Tipula,0
Recipient_Cage_09,Recipient_10,Recipient,Spring,Leaf,Little_Patuxent,Dolophilodes,0
Recipient_Cage_09,Recipient_10,Recipient,Spring,Leaf,Little_Patuxent,Cheumatopsyche,0
Recipient_Cage_09,Recipient_10,Recipient,Spring,Leaf,Little_Patuxent,Isonychia,0
Recipient_Cage_09,Recipient_10,Recipient,Spring,Leaf,Little_Patuxent,Plectrocnemia,3
Recipient_Cage_09,Recipient_10,Recipient,Spring,Leaf,Little_Patuxent,Chimarra,0
Recipient_Cage_09,Recipient_10,Recipient,Spring,Leaf,Little_Patuxent,Nigronia,0
Recipient_Cage_09,Recipient_10,Recipient,Spring,Leaf,Little_Patuxent,Ameletus,0
Recipient_Cage_09,Recipient_10,Recipient,Spring,Leaf,Little_Patuxent,Diplectrona,0
Recipient_Cage_09,Recipient_10,Recipient,Spring,Leaf,Little_Patuxent,Eccoptura,0
Recipient_Cage_09,Recipient_10,Recipient,Spring,Leaf,Little_Patuxent,Hydropsyche,0
Recipient_Cage_09,Recipient_10,Recipient,Spring,Leaf,Little_Patuxent,Baetisca,0
Recipient_Cage_09,Recipient_10,Recipient,Spring,Leaf,Little_Patuxent,Simulium,0
Recipient_Cage_09,Recipient_10,Recipient,Spring,Leaf,Little_Patuxent,Isoperla,0
Recipient_Cage_09,Recipient_10,Recipient,Spring,Leaf,Little_Patuxent,Dixa,0
Recipient_Cage_09,Recipient_10,Recipient,Spring,Leaf,Little_Patuxent,Tropisternus,0
Recipient_Cage_09,Recipient_10,Recipient,Spring,Leaf,Little_Patuxent,Anchytarsus,0
Recipient_Cage_09,Recipient_10,Recipient,Spring,Leaf,Little_Patuxent,Psilotreta,0
Recipient_Cage_09,Recipient_10,Recipient,Spring,Leaf,Little_Patuxent,Dubiraphia,0
Recipient_Cage_09,Recipient_10,Recipient,Spring,Leaf,Little_Patuxent,Ptilostomis,2
Recipient_Cage_09,Recipient_10,Recipient,Spring,Leaf,Little_Patuxent,Calopteryx,0
Recipient_Cage_09,Recipient_10,Recipient,Spring,Leaf,Little_Patuxent,Molanna,0
Recipient_Cage_09,Recipient_10,Recipient,Spring,Leaf,Little_Patuxent,Boyeria,0
Recipient_Cage_09,Recipient_10,Recipient,Spring,Leaf,Little_Patuxent,Leptophlebia,0
Recipient_Cage_09,Recipient_10,Recipient,Spring,Leaf,Little_Patuxent,Nyctiophylax,0
Recipient_Cage_09,Recipient_10,Recipient,Spring,Leaf,Little_Patuxent,Argia,0
Recipient_Cage_09,Recipient_10,Recipient,Spring,Leaf,Little_Patuxent,Rhyacophila,0
Recipient_Cage_09,Recipient_10,Recipient,Spring,Leaf,Little_Patuxent,Probezzia,0
Recipient_Cage_09,Recipient_10,Recipient,Spring,Leaf,Little_Patuxent,Neureclipsis,0
Recipient_Cage_09,Recipient_10,Recipient,Spring,Leaf,Little_Patuxent,Eurylophella,0
Recipient_Cage_09,Recipient_10,Recipient,Spring,Leaf,Little_Patuxent,Glossosoma,0
Recipient_Cage_09,Recipient_10,Recipient,Spring,Leaf,Little_Patuxent,Rhagovelia,0
Recipient_Cage_09,Recipient_10,Recipient,Spring,Leaf,Little_Patuxent,Neophylax,0
Recipient_Cage_09,Recipient_10,Recipient,Spring,Leaf,Little_Patuxent,Microvelia,0
Recipient_Cage_09,Recipient_10,Recipient,Spring,Leaf,Little_Patuxent,Hydatophylax,0
Recipient_Cage_09,Recipient_10,Recipient,Spring,Leaf,Little_Patuxent,Antocha,0
Recipient_Cage_09,Recipient_10,Recipient,Spring,Leaf,Little_Patuxent,Lepidostoma,0
Recipient_Cage_09,Recipient_10,Recipient,Spring,Leaf,Little_Patuxent,Baetis,0
Recipient_Cage_09,Recipient_10,Recipient,Spring,Leaf,Little_Patuxent,Oecetis,0
Recipient_Cage_09,Recipient_10,Recipient,Spring,Leaf,Little_Patuxent,Ironoquia,0
Recipient_Cage_09,Recipient_10,Recipient,Spring,Leaf,Little_Patuxent,Timpanoga,0
Recipient_Cage_09,Recipient_10,Recipient,Spring,Leaf,Little_Patuxent,Polycentropus,0
Recipient_Cage_09,Recipient_10,Recipient,Spring,Leaf,Little_Patuxent,Amphinemura,0
Recipient_Cage_09,Recipient_10,Recipient,Spring,Leaf,Little_Patuxent,Penelomax,0
Recipient_Cage_09,Recipient_10,Recipient,Spring,Leaf,Little_Patuxent,Ephemerella,0
Recipient_Cage_09,Recipient_10,Recipient,Spring,Leaf,Little_Patuxent,Hemerodromia,0
Recipient_Cage_09,Recipient_10,Recipient,Spring,Leaf,Little_Patuxent,Shipsa,0
Recipient_Cage_09,Recipient_10,Recipient,Spring,Leaf,Little_Patuxent,Helichus,0
Recipient_Cage_09,Recipient_10,Recipient,Spring,Leaf,Little_Patuxent,Neoleptophlebia,0
Recipient_Cage_09,Recipient_10,Recipient,Spring,Leaf,Little_Patuxent,Attenella,0
Recipient_Cage_09,Recipient_10,Recipient,Spring,Leaf,Little_Patuxent,Entomobryidae,0
Recipient_Cage_09,Recipient_10,Recipient,Spring,Leaf,Little_Patuxent,Heptageniidae,0
Recipient_Cage_09,Recipient_10,Recipient,Spring,Leaf,Little_Patuxent,Aeshna,0
Recipient_Cage_09,Recipient_10,Recipient,Spring,Leaf,Little_Patuxent,Crambidae,0
Recipient_Cage_09,Recipient_10,Recipient,Spring,Leaf,Little_Patuxent,Teloganopsis,0
Recipient_Cage_09,Recipient_10,Recipient,Spring,Leaf,Little_Patuxent,Leptoceridae,0
Recipient_Cage_09,Recipient_10,Recipient,Spring,Leaf,Little_Patuxent,Pycnopsyche,0
Recipient_Cage_09,Recipient_10,Recipient,Spring,Leaf,Little_Patuxent,Triaenodes,0
Recipient_Cage_09,Recipient_10,Recipient,Spring,Leaf,Little_Patuxent,Serratella,0
Recipient_Cage_09,Recipient_10,Recipient,Spring,Leaf,Little_Patuxent,Optioservus,0
Recipient_Cage_09,Recipient_10,Recipient,Spring,Leaf,Little_Patuxent,Hydrachnidia,0
Recipient_Cage_09,Recipient_10,Recipient,Spring,Leaf,Little_Patuxent,Polymitarcyidae,0
Recipient_Cage_09,Recipient_10,Recipient,Spring,Leaf,Little_Patuxent,Cambarus,0
Recipient_Cage_09,Recipient_10,Recipient,Spring,Leaf,Little_Patuxent,Ancyronyx,0
Recipient_Cage_09,Recipient_10,Recipient,Spring,Leaf,Little_Patuxent,Gammarus,0
Recipient_Cage_09,Recipient_10,Recipient,Spring,Leaf,Little_Patuxent,Neoperla,0
Recipient_Cage_10,Recipient_10,Recipient,Spring,Leaf,Little_Patuxent,Allocapnia,0
Recipient_Cage_10,Recipient_10,Recipient,Spring,Leaf,Little_Patuxent,Maccaffertium,0
Recipient_Cage_10,Recipient_10,Recipient,Spring,Leaf,Little_Patuxent,Chironomidae,61
Recipient_Cage_10,Recipient_10,Recipient,Spring,Leaf,Little_Patuxent,Tipula,0
Recipient_Cage_10,Recipient_10,Recipient,Spring,Leaf,Little_Patuxent,Dolophilodes,0
Recipient_Cage_10,Recipient_10,Recipient,Spring,Leaf,Little_Patuxent,Cheumatopsyche,0
Recipient_Cage_10,Recipient_10,Recipient,Spring,Leaf,Little_Patuxent,Isonychia,0
Recipient_Cage_10,Recipient_10,Recipient,Spring,Leaf,Little_Patuxent,Plectrocnemia,2
Recipient_Cage_10,Recipient_10,Recipient,Spring,Leaf,Little_Patuxent,Chimarra,0
Recipient_Cage_10,Recipient_10,Recipient,Spring,Leaf,Little_Patuxent,Nigronia,0
Recipient_Cage_10,Recipient_10,Recipient,Spring,Leaf,Little_Patuxent,Ameletus,0
Recipient_Cage_10,Recipient_10,Recipient,Spring,Leaf,Little_Patuxent,Diplectrona,0
Recipient_Cage_10,Recipient_10,Recipient,Spring,Leaf,Little_Patuxent,Eccoptura,0
Recipient_Cage_10,Recipient_10,Recipient,Spring,Leaf,Little_Patuxent,Hydropsyche,0
Recipient_Cage_10,Recipient_10,Recipient,Spring,Leaf,Little_Patuxent,Baetisca,0
Recipient_Cage_10,Recipient_10,Recipient,Spring,Leaf,Little_Patuxent,Simulium,0
Recipient_Cage_10,Recipient_10,Recipient,Spring,Leaf,Little_Patuxent,Isoperla,0
Recipient_Cage_10,Recipient_10,Recipient,Spring,Leaf,Little_Patuxent,Dixa,0
Recipient_Cage_10,Recipient_10,Recipient,Spring,Leaf,Little_Patuxent,Tropisternus,0
Recipient_Cage_10,Recipient_10,Recipient,Spring,Leaf,Little_Patuxent,Anchytarsus,0
Recipient_Cage_10,Recipient_10,Recipient,Spring,Leaf,Little_Patuxent,Psilotreta,0
Recipient_Cage_10,Recipient_10,Recipient,Spring,Leaf,Little_Patuxent,Dubiraphia,0
Recipient_Cage_10,Recipient_10,Recipient,Spring,Leaf,Little_Patuxent,Ptilostomis,0
Recipient_Cage_10,Recipient_10,Recipient,Spring,Leaf,Little_Patuxent,Calopteryx,1
Recipient_Cage_10,Recipient_10,Recipient,Spring,Leaf,Little_Patuxent,Molanna,0
Recipient_Cage_10,Recipient_10,Recipient,Spring,Leaf,Little_Patuxent,Boyeria,0
Recipient_Cage_10,Recipient_10,Recipient,Spring,Leaf,Little_Patuxent,Leptophlebia,0
Recipient_Cage_10,Recipient_10,Recipient,Spring,Leaf,Little_Patuxent,Nyctiophylax,0
Recipient_Cage_10,Recipient_10,Recipient,Spring,Leaf,Little_Patuxent,Argia,0
Recipient_Cage_10,Recipient_10,Recipient,Spring,Leaf,Little_Patuxent,Rhyacophila,0
Recipient_Cage_10,Recipient_10,Recipient,Spring,Leaf,Little_Patuxent,Probezzia,0
Recipient_Cage_10,Recipient_10,Recipient,Spring,Leaf,Little_Patuxent,Neureclipsis,0
Recipient_Cage_10,Recipient_10,Recipient,Spring,Leaf,Little_Patuxent,Eurylophella,0
Recipient_Cage_10,Recipient_10,Recipient,Spring,Leaf,Little_Patuxent,Glossosoma,0
Recipient_Cage_10,Recipient_10,Recipient,Spring,Leaf,Little_Patuxent,Rhagovelia,0
Recipient_Cage_10,Recipient_10,Recipient,Spring,Leaf,Little_Patuxent,Neophylax,0
Recipient_Cage_10,Recipient_10,Recipient,Spring,Leaf,Little_Patuxent,Microvelia,0
Recipient_Cage_10,Recipient_10,Recipient,Spring,Leaf,Little_Patuxent,Hydatophylax,0
Recipient_Cage_10,Recipient_10,Recipient,Spring,Leaf,Little_Patuxent,Antocha,0
Recipient_Cage_10,Recipient_10,Recipient,Spring,Leaf,Little_Patuxent,Lepidostoma,0
Recipient_Cage_10,Recipient_10,Recipient,Spring,Leaf,Little_Patuxent,Baetis,0
Recipient_Cage_10,Recipient_10,Recipient,Spring,Leaf,Little_Patuxent,Oecetis,0
Recipient_Cage_10,Recipient_10,Recipient,Spring,Leaf,Little_Patuxent,Ironoquia,0
Recipient_Cage_10,Recipient_10,Recipient,Spring,Leaf,Little_Patuxent,Timpanoga,0
Recipient_Cage_10,Recipient_10,Recipient,Spring,Leaf,Little_Patuxent,Polycentropus,0
Recipient_Cage_10,Recipient_10,Recipient,Spring,Leaf,Little_Patuxent,Amphinemura,0
Recipient_Cage_10,Recipient_10,Recipient,Spring,Leaf,Little_Patuxent,Penelomax,0
Recipient_Cage_10,Recipient_10,Recipient,Spring,Leaf,Little_Patuxent,Ephemerella,0
Recipient_Cage_10,Recipient_10,Recipient,Spring,Leaf,Little_Patuxent,Hemerodromia,0
Recipient_Cage_10,Recipient_10,Recipient,Spring,Leaf,Little_Patuxent,Shipsa,0
Recipient_Cage_10,Recipient_10,Recipient,Spring,Leaf,Little_Patuxent,Helichus,0
Recipient_Cage_10,Recipient_10,Recipient,Spring,Leaf,Little_Patuxent,Neoleptophlebia,0
Recipient_Cage_10,Recipient_10,Recipient,Spring,Leaf,Little_Patuxent,Attenella,0
Recipient_Cage_10,Recipient_10,Recipient,Spring,Leaf,Little_Patuxent,Entomobryidae,0
Recipient_Cage_10,Recipient_10,Recipient,Spring,Leaf,Little_Patuxent,Heptageniidae,0
Recipient_Cage_10,Recipient_10,Recipient,Spring,Leaf,Little_Patuxent,Aeshna,0
Recipient_Cage_10,Recipient_10,Recipient,Spring,Leaf,Little_Patuxent,Crambidae,0
Recipient_Cage_10,Recipient_10,Recipient,Spring,Leaf,Little_Patuxent,Teloganopsis,0
Recipient_Cage_10,Recipient_10,Recipient,Spring,Leaf,Little_Patuxent,Leptoceridae,0
Recipient_Cage_10,Recipient_10,Recipient,Spring,Leaf,Little_Patuxent,Pycnopsyche,0
Recipient_Cage_10,Recipient_10,Recipient,Spring,Leaf,Little_Patuxent,Triaenodes,0
Recipient_Cage_10,Recipient_10,Recipient,Spring,Leaf,Little_Patuxent,Serratella,0
Recipient_Cage_10,Recipient_10,Recipient,Spring,Leaf,Little_Patuxent,Optioservus,0
Recipient_Cage_10,Recipient_10,Recipient,Spring,Leaf,Little_Patuxent,Hydrachnidia,0
Recipient_Cage_10,Recipient_10,Recipient,Spring,Leaf,Little_Patuxent,Polymitarcyidae,0
Recipient_Cage_10,Recipient_10,Recipient,Spring,Leaf,Little_Patuxent,Cambarus,0
Recipient_Cage_10,Recipient_10,Recipient,Spring,Leaf,Little_Patuxent,Ancyronyx,0
Recipient_Cage_10,Recipient_10,Recipient,Spring,Leaf,Little_Patuxent,Gammarus,0
Recipient_Cage_10,Recipient_10,Recipient,Spring,Leaf,Little_Patuxent,Neoperla,0
Recipient_Cage_06,Recipient_10,Recipient,Spring,Rock,Little_Patuxent,Allocapnia,0
Recipient_Cage_06,Recipient_10,Recipient,Spring,Rock,Little_Patuxent,Maccaffertium,0
Recipient_Cage_06,Recipient_10,Recipient,Spring,Rock,Little_Patuxent,Chironomidae,31
Recipient_Cage_06,Recipient_10,Recipient,Spring,Rock,Little_Patuxent,Tipula,0
Recipient_Cage_06,Recipient_10,Recipient,Spring,Rock,Little_Patuxent,Dolophilodes,0
Recipient_Cage_06,Recipient_10,Recipient,Spring,Rock,Little_Patuxent,Cheumatopsyche,2
Recipient_Cage_06,Recipient_10,Recipient,Spring,Rock,Little_Patuxent,Isonychia,0
Recipient_Cage_06,Recipient_10,Recipient,Spring,Rock,Little_Patuxent,Plectrocnemia,3
Recipient_Cage_06,Recipient_10,Recipient,Spring,Rock,Little_Patuxent,Chimarra,0
Recipient_Cage_06,Recipient_10,Recipient,Spring,Rock,Little_Patuxent,Nigronia,2
Recipient_Cage_06,Recipient_10,Recipient,Spring,Rock,Little_Patuxent,Ameletus,0
Recipient_Cage_06,Recipient_10,Recipient,Spring,Rock,Little_Patuxent,Diplectrona,0
Recipient_Cage_06,Recipient_10,Recipient,Spring,Rock,Little_Patuxent,Eccoptura,0
Recipient_Cage_06,Recipient_10,Recipient,Spring,Rock,Little_Patuxent,Hydropsyche,0
Recipient_Cage_06,Recipient_10,Recipient,Spring,Rock,Little_Patuxent,Baetisca,0
Recipient_Cage_06,Recipient_10,Recipient,Spring,Rock,Little_Patuxent,Simulium,0
Recipient_Cage_06,Recipient_10,Recipient,Spring,Rock,Little_Patuxent,Isoperla,0
Recipient_Cage_06,Recipient_10,Recipient,Spring,Rock,Little_Patuxent,Dixa,0
Recipient_Cage_06,Recipient_10,Recipient,Spring,Rock,Little_Patuxent,Tropisternus,0
Recipient_Cage_06,Recipient_10,Recipient,Spring,Rock,Little_Patuxent,Anchytarsus,0
Recipient_Cage_06,Recipient_10,Recipient,Spring,Rock,Little_Patuxent,Psilotreta,0
Recipient_Cage_06,Recipient_10,Recipient,Spring,Rock,Little_Patuxent,Dubiraphia,0
Recipient_Cage_06,Recipient_10,Recipient,Spring,Rock,Little_Patuxent,Ptilostomis,0
Recipient_Cage_06,Recipient_10,Recipient,Spring,Rock,Little_Patuxent,Calopteryx,4
Recipient_Cage_06,Recipient_10,Recipient,Spring,Rock,Little_Patuxent,Molanna,0
Recipient_Cage_06,Recipient_10,Recipient,Spring,Rock,Little_Patuxent,Boyeria,0
Recipient_Cage_06,Recipient_10,Recipient,Spring,Rock,Little_Patuxent,Leptophlebia,0
Recipient_Cage_06,Recipient_10,Recipient,Spring,Rock,Little_Patuxent,Nyctiophylax,0
Recipient_Cage_06,Recipient_10,Recipient,Spring,Rock,Little_Patuxent,Argia,0
Recipient_Cage_06,Recipient_10,Recipient,Spring,Rock,Little_Patuxent,Rhyacophila,0
Recipient_Cage_06,Recipient_10,Recipient,Spring,Rock,Little_Patuxent,Probezzia,0
Recipient_Cage_06,Recipient_10,Recipient,Spring,Rock,Little_Patuxent,Neureclipsis,0
Recipient_Cage_06,Recipient_10,Recipient,Spring,Rock,Little_Patuxent,Eurylophella,0
Recipient_Cage_06,Recipient_10,Recipient,Spring,Rock,Little_Patuxent,Glossosoma,0
Recipient_Cage_06,Recipient_10,Recipient,Spring,Rock,Little_Patuxent,Rhagovelia,0
Recipient_Cage_06,Recipient_10,Recipient,Spring,Rock,Little_Patuxent,Neophylax,0
Recipient_Cage_06,Recipient_10,Recipient,Spring,Rock,Little_Patuxent,Microvelia,0
Recipient_Cage_06,Recipient_10,Recipient,Spring,Rock,Little_Patuxent,Hydatophylax,0
Recipient_Cage_06,Recipient_10,Recipient,Spring,Rock,Little_Patuxent,Antocha,0
Recipient_Cage_06,Recipient_10,Recipient,Spring,Rock,Little_Patuxent,Lepidostoma,0
Recipient_Cage_06,Recipient_10,Recipient,Spring,Rock,Little_Patuxent,Baetis,0
Recipient_Cage_06,Recipient_10,Recipient,Spring,Rock,Little_Patuxent,Oecetis,0
Recipient_Cage_06,Recipient_10,Recipient,Spring,Rock,Little_Patuxent,Ironoquia,0
Recipient_Cage_06,Recipient_10,Recipient,Spring,Rock,Little_Patuxent,Timpanoga,0
Recipient_Cage_06,Recipient_10,Recipient,Spring,Rock,Little_Patuxent,Polycentropus,6
Recipient_Cage_06,Recipient_10,Recipient,Spring,Rock,Little_Patuxent,Amphinemura,0
Recipient_Cage_06,Recipient_10,Recipient,Spring,Rock,Little_Patuxent,Penelomax,0
Recipient_Cage_06,Recipient_10,Recipient,Spring,Rock,Little_Patuxent,Ephemerella,0
Recipient_Cage_06,Recipient_10,Recipient,Spring,Rock,Little_Patuxent,Hemerodromia,0
Recipient_Cage_06,Recipient_10,Recipient,Spring,Rock,Little_Patuxent,Shipsa,0
Recipient_Cage_06,Recipient_10,Recipient,Spring,Rock,Little_Patuxent,Helichus,0
Recipient_Cage_06,Recipient_10,Recipient,Spring,Rock,Little_Patuxent,Neoleptophlebia,0
Recipient_Cage_06,Recipient_10,Recipient,Spring,Rock,Little_Patuxent,Attenella,0
Recipient_Cage_06,Recipient_10,Recipient,Spring,Rock,Little_Patuxent,Entomobryidae,0
Recipient_Cage_06,Recipient_10,Recipient,Spring,Rock,Little_Patuxent,Heptageniidae,0
Recipient_Cage_06,Recipient_10,Recipient,Spring,Rock,Little_Patuxent,Aeshna,0
Recipient_Cage_06,Recipient_10,Recipient,Spring,Rock,Little_Patuxent,Crambidae,0
Recipient_Cage_06,Recipient_10,Recipient,Spring,Rock,Little_Patuxent,Teloganopsis,0
Recipient_Cage_06,Recipient_10,Recipient,Spring,Rock,Little_Patuxent,Leptoceridae,0
Recipient_Cage_06,Recipient_10,Recipient,Spring,Rock,Little_Patuxent,Pycnopsyche,0
Recipient_Cage_06,Recipient_10,Recipient,Spring,Rock,Little_Patuxent,Triaenodes,0
Recipient_Cage_06,Recipient_10,Recipient,Spring,Rock,Little_Patuxent,Serratella,0
Recipient_Cage_06,Recipient_10,Recipient,Spring,Rock,Little_Patuxent,Optioservus,0
Recipient_Cage_06,Recipient_10,Recipient,Spring,Rock,Little_Patuxent,Hydrachnidia,0
Recipient_Cage_06,Recipient_10,Recipient,Spring,Rock,Little_Patuxent,Polymitarcyidae,0
Recipient_Cage_06,Recipient_10,Recipient,Spring,Rock,Little_Patuxent,Cambarus,0
Recipient_Cage_06,Recipient_10,Recipient,Spring,Rock,Little_Patuxent,Ancyronyx,0
Recipient_Cage_06,Recipient_10,Recipient,Spring,Rock,Little_Patuxent,Gammarus,0
Recipient_Cage_06,Recipient_10,Recipient,Spring,Rock,Little_Patuxent,Neoperla,0
Recipient_Cage_07,Recipient_10,Recipient,Spring,Rock,Little_Patuxent,Allocapnia,0
Recipient_Cage_07,Recipient_10,Recipient,Spring,Rock,Little_Patuxent,Maccaffertium,0
Recipient_Cage_07,Recipient_10,Recipient,Spring,Rock,Little_Patuxent,Chironomidae,107
Recipient_Cage_07,Recipient_10,Recipient,Spring,Rock,Little_Patuxent,Tipula,0
Recipient_Cage_07,Recipient_10,Recipient,Spring,Rock,Little_Patuxent,Dolophilodes,0
Recipient_Cage_07,Recipient_10,Recipient,Spring,Rock,Little_Patuxent,Cheumatopsyche,2
Recipient_Cage_07,Recipient_10,Recipient,Spring,Rock,Little_Patuxent,Isonychia,0
Recipient_Cage_07,Recipient_10,Recipient,Spring,Rock,Little_Patuxent,Plectrocnemia,3
Recipient_Cage_07,Recipient_10,Recipient,Spring,Rock,Little_Patuxent,Chimarra,0
Recipient_Cage_07,Recipient_10,Recipient,Spring,Rock,Little_Patuxent,Nigronia,0
Recipient_Cage_07,Recipient_10,Recipient,Spring,Rock,Little_Patuxent,Ameletus,0
Recipient_Cage_07,Recipient_10,Recipient,Spring,Rock,Little_Patuxent,Diplectrona,0
Recipient_Cage_07,Recipient_10,Recipient,Spring,Rock,Little_Patuxent,Eccoptura,0
Recipient_Cage_07,Recipient_10,Recipient,Spring,Rock,Little_Patuxent,Hydropsyche,1
Recipient_Cage_07,Recipient_10,Recipient,Spring,Rock,Little_Patuxent,Baetisca,0
Recipient_Cage_07,Recipient_10,Recipient,Spring,Rock,Little_Patuxent,Simulium,0
Recipient_Cage_07,Recipient_10,Recipient,Spring,Rock,Little_Patuxent,Isoperla,0
Recipient_Cage_07,Recipient_10,Recipient,Spring,Rock,Little_Patuxent,Dixa,0
Recipient_Cage_07,Recipient_10,Recipient,Spring,Rock,Little_Patuxent,Tropisternus,0
Recipient_Cage_07,Recipient_10,Recipient,Spring,Rock,Little_Patuxent,Anchytarsus,6
Recipient_Cage_07,Recipient_10,Recipient,Spring,Rock,Little_Patuxent,Psilotreta,0
Recipient_Cage_07,Recipient_10,Recipient,Spring,Rock,Little_Patuxent,Dubiraphia,0
Recipient_Cage_07,Recipient_10,Recipient,Spring,Rock,Little_Patuxent,Ptilostomis,0
Recipient_Cage_07,Recipient_10,Recipient,Spring,Rock,Little_Patuxent,Calopteryx,0
Recipient_Cage_07,Recipient_10,Recipient,Spring,Rock,Little_Patuxent,Molanna,0
Recipient_Cage_07,Recipient_10,Recipient,Spring,Rock,Little_Patuxent,Boyeria,0
Recipient_Cage_07,Recipient_10,Recipient,Spring,Rock,Little_Patuxent,Leptophlebia,0
Recipient_Cage_07,Recipient_10,Recipient,Spring,Rock,Little_Patuxent,Nyctiophylax,0
Recipient_Cage_07,Recipient_10,Recipient,Spring,Rock,Little_Patuxent,Argia,0
Recipient_Cage_07,Recipient_10,Recipient,Spring,Rock,Little_Patuxent,Rhyacophila,0
Recipient_Cage_07,Recipient_10,Recipient,Spring,Rock,Little_Patuxent,Probezzia,0
Recipient_Cage_07,Recipient_10,Recipient,Spring,Rock,Little_Patuxent,Neureclipsis,0
Recipient_Cage_07,Recipient_10,Recipient,Spring,Rock,Little_Patuxent,Eurylophella,0
Recipient_Cage_07,Recipient_10,Recipient,Spring,Rock,Little_Patuxent,Glossosoma,0
Recipient_Cage_07,Recipient_10,Recipient,Spring,Rock,Little_Patuxent,Rhagovelia,0
Recipient_Cage_07,Recipient_10,Recipient,Spring,Rock,Little_Patuxent,Neophylax,0
Recipient_Cage_07,Recipient_10,Recipient,Spring,Rock,Little_Patuxent,Microvelia,0
Recipient_Cage_07,Recipient_10,Recipient,Spring,Rock,Little_Patuxent,Hydatophylax,0
Recipient_Cage_07,Recipient_10,Recipient,Spring,Rock,Little_Patuxent,Antocha,0
Recipient_Cage_07,Recipient_10,Recipient,Spring,Rock,Little_Patuxent,Lepidostoma,0
Recipient_Cage_07,Recipient_10,Recipient,Spring,Rock,Little_Patuxent,Baetis,0
Recipient_Cage_07,Recipient_10,Recipient,Spring,Rock,Little_Patuxent,Oecetis,0
Recipient_Cage_07,Recipient_10,Recipient,Spring,Rock,Little_Patuxent,Ironoquia,0
Recipient_Cage_07,Recipient_10,Recipient,Spring,Rock,Little_Patuxent,Timpanoga,0
Recipient_Cage_07,Recipient_10,Recipient,Spring,Rock,Little_Patuxent,Polycentropus,1
Recipient_Cage_07,Recipient_10,Recipient,Spring,Rock,Little_Patuxent,Amphinemura,0
Recipient_Cage_07,Recipient_10,Recipient,Spring,Rock,Little_Patuxent,Penelomax,0
Recipient_Cage_07,Recipient_10,Recipient,Spring,Rock,Little_Patuxent,Ephemerella,0
Recipient_Cage_07,Recipient_10,Recipient,Spring,Rock,Little_Patuxent,Hemerodromia,0
Recipient_Cage_07,Recipient_10,Recipient,Spring,Rock,Little_Patuxent,Shipsa,0
Recipient_Cage_07,Recipient_10,Recipient,Spring,Rock,Little_Patuxent,Helichus,0
Recipient_Cage_07,Recipient_10,Recipient,Spring,Rock,Little_Patuxent,Neoleptophlebia,0
Recipient_Cage_07,Recipient_10,Recipient,Spring,Rock,Little_Patuxent,Attenella,0
Recipient_Cage_07,Recipient_10,Recipient,Spring,Rock,Little_Patuxent,Entomobryidae,0
Recipient_Cage_07,Recipient_10,Recipient,Spring,Rock,Little_Patuxent,Heptageniidae,0
Recipient_Cage_07,Recipient_10,Recipient,Spring,Rock,Little_Patuxent,Aeshna,0
Recipient_Cage_07,Recipient_10,Recipient,Spring,Rock,Little_Patuxent,Crambidae,0
Recipient_Cage_07,Recipient_10,Recipient,Spring,Rock,Little_Patuxent,Teloganopsis,0
Recipient_Cage_07,Recipient_10,Recipient,Spring,Rock,Little_Patuxent,Leptoceridae,0
Recipient_Cage_07,Recipient_10,Recipient,Spring,Rock,Little_Patuxent,Pycnopsyche,0
Recipient_Cage_07,Recipient_10,Recipient,Spring,Rock,Little_Patuxent,Triaenodes,0
Recipient_Cage_07,Recipient_10,Recipient,Spring,Rock,Little_Patuxent,Serratella,0
Recipient_Cage_07,Recipient_10,Recipient,Spring,Rock,Little_Patuxent,Optioservus,0
Recipient_Cage_07,Recipient_10,Recipient,Spring,Rock,Little_Patuxent,Hydrachnidia,0
Recipient_Cage_07,Recipient_10,Recipient,Spring,Rock,Little_Patuxent,Polymitarcyidae,0
Recipient_Cage_07,Recipient_10,Recipient,Spring,Rock,Little_Patuxent,Cambarus,0
Recipient_Cage_07,Recipient_10,Recipient,Spring,Rock,Little_Patuxent,Ancyronyx,0
Recipient_Cage_07,Recipient_10,Recipient,Spring,Rock,Little_Patuxent,Gammarus,0
Recipient_Cage_07,Recipient_10,Recipient,Spring,Rock,Little_Patuxent,Neoperla,0
Recipient_Cage_08,Recipient_10,Recipient,Spring,Rock,Little_Patuxent,Allocapnia,0
Recipient_Cage_08,Recipient_10,Recipient,Spring,Rock,Little_Patuxent,Maccaffertium,0
Recipient_Cage_08,Recipient_10,Recipient,Spring,Rock,Little_Patuxent,Chironomidae,201
Recipient_Cage_08,Recipient_10,Recipient,Spring,Rock,Little_Patuxent,Tipula,5
Recipient_Cage_08,Recipient_10,Recipient,Spring,Rock,Little_Patuxent,Dolophilodes,0
Recipient_Cage_08,Recipient_10,Recipient,Spring,Rock,Little_Patuxent,Cheumatopsyche,4
Recipient_Cage_08,Recipient_10,Recipient,Spring,Rock,Little_Patuxent,Isonychia,0
Recipient_Cage_08,Recipient_10,Recipient,Spring,Rock,Little_Patuxent,Plectrocnemia,0
Recipient_Cage_08,Recipient_10,Recipient,Spring,Rock,Little_Patuxent,Chimarra,0
Recipient_Cage_08,Recipient_10,Recipient,Spring,Rock,Little_Patuxent,Nigronia,0
Recipient_Cage_08,Recipient_10,Recipient,Spring,Rock,Little_Patuxent,Ameletus,0
Recipient_Cage_08,Recipient_10,Recipient,Spring,Rock,Little_Patuxent,Diplectrona,0
Recipient_Cage_08,Recipient_10,Recipient,Spring,Rock,Little_Patuxent,Eccoptura,0
Recipient_Cage_08,Recipient_10,Recipient,Spring,Rock,Little_Patuxent,Hydropsyche,0
Recipient_Cage_08,Recipient_10,Recipient,Spring,Rock,Little_Patuxent,Baetisca,0
Recipient_Cage_08,Recipient_10,Recipient,Spring,Rock,Little_Patuxent,Simulium,0
Recipient_Cage_08,Recipient_10,Recipient,Spring,Rock,Little_Patuxent,Isoperla,0
Recipient_Cage_08,Recipient_10,Recipient,Spring,Rock,Little_Patuxent,Dixa,0
Recipient_Cage_08,Recipient_10,Recipient,Spring,Rock,Little_Patuxent,Tropisternus,0
Recipient_Cage_08,Recipient_10,Recipient,Spring,Rock,Little_Patuxent,Anchytarsus,1
Recipient_Cage_08,Recipient_10,Recipient,Spring,Rock,Little_Patuxent,Psilotreta,0
Recipient_Cage_08,Recipient_10,Recipient,Spring,Rock,Little_Patuxent,Dubiraphia,0
Recipient_Cage_08,Recipient_10,Recipient,Spring,Rock,Little_Patuxent,Ptilostomis,0
Recipient_Cage_08,Recipient_10,Recipient,Spring,Rock,Little_Patuxent,Calopteryx,0
Recipient_Cage_08,Recipient_10,Recipient,Spring,Rock,Little_Patuxent,Molanna,0
Recipient_Cage_08,Recipient_10,Recipient,Spring,Rock,Little_Patuxent,Boyeria,1
Recipient_Cage_08,Recipient_10,Recipient,Spring,Rock,Little_Patuxent,Leptophlebia,0
Recipient_Cage_08,Recipient_10,Recipient,Spring,Rock,Little_Patuxent,Nyctiophylax,0
Recipient_Cage_08,Recipient_10,Recipient,Spring,Rock,Little_Patuxent,Argia,1
Recipient_Cage_08,Recipient_10,Recipient,Spring,Rock,Little_Patuxent,Rhyacophila,0
Recipient_Cage_08,Recipient_10,Recipient,Spring,Rock,Little_Patuxent,Probezzia,0
Recipient_Cage_08,Recipient_10,Recipient,Spring,Rock,Little_Patuxent,Neureclipsis,0
Recipient_Cage_08,Recipient_10,Recipient,Spring,Rock,Little_Patuxent,Eurylophella,0
Recipient_Cage_08,Recipient_10,Recipient,Spring,Rock,Little_Patuxent,Glossosoma,0
Recipient_Cage_08,Recipient_10,Recipient,Spring,Rock,Little_Patuxent,Rhagovelia,0
Recipient_Cage_08,Recipient_10,Recipient,Spring,Rock,Little_Patuxent,Neophylax,0
Recipient_Cage_08,Recipient_10,Recipient,Spring,Rock,Little_Patuxent,Microvelia,0
Recipient_Cage_08,Recipient_10,Recipient,Spring,Rock,Little_Patuxent,Hydatophylax,0
Recipient_Cage_08,Recipient_10,Recipient,Spring,Rock,Little_Patuxent,Antocha,0
Recipient_Cage_08,Recipient_10,Recipient,Spring,Rock,Little_Patuxent,Lepidostoma,0
Recipient_Cage_08,Recipient_10,Recipient,Spring,Rock,Little_Patuxent,Baetis,0
Recipient_Cage_08,Recipient_10,Recipient,Spring,Rock,Little_Patuxent,Oecetis,0
Recipient_Cage_08,Recipient_10,Recipient,Spring,Rock,Little_Patuxent,Ironoquia,0
Recipient_Cage_08,Recipient_10,Recipient,Spring,Rock,Little_Patuxent,Timpanoga,0
Recipient_Cage_08,Recipient_10,Recipient,Spring,Rock,Little_Patuxent,Polycentropus,1
Recipient_Cage_08,Recipient_10,Recipient,Spring,Rock,Little_Patuxent,Amphinemura,0
Recipient_Cage_08,Recipient_10,Recipient,Spring,Rock,Little_Patuxent,Penelomax,0
Recipient_Cage_08,Recipient_10,Recipient,Spring,Rock,Little_Patuxent,Ephemerella,3
Recipient_Cage_08,Recipient_10,Recipient,Spring,Rock,Little_Patuxent,Hemerodromia,0
Recipient_Cage_08,Recipient_10,Recipient,Spring,Rock,Little_Patuxent,Shipsa,0
Recipient_Cage_08,Recipient_10,Recipient,Spring,Rock,Little_Patuxent,Helichus,0
Recipient_Cage_08,Recipient_10,Recipient,Spring,Rock,Little_Patuxent,Neoleptophlebia,0
Recipient_Cage_08,Recipient_10,Recipient,Spring,Rock,Little_Patuxent,Attenella,0
Recipient_Cage_08,Recipient_10,Recipient,Spring,Rock,Little_Patuxent,Entomobryidae,0
Recipient_Cage_08,Recipient_10,Recipient,Spring,Rock,Little_Patuxent,Heptageniidae,0
Recipient_Cage_08,Recipient_10,Recipient,Spring,Rock,Little_Patuxent,Aeshna,0
Recipient_Cage_08,Recipient_10,Recipient,Spring,Rock,Little_Patuxent,Crambidae,0
Recipient_Cage_08,Recipient_10,Recipient,Spring,Rock,Little_Patuxent,Teloganopsis,0
Recipient_Cage_08,Recipient_10,Recipient,Spring,Rock,Little_Patuxent,Leptoceridae,0
Recipient_Cage_08,Recipient_10,Recipient,Spring,Rock,Little_Patuxent,Pycnopsyche,0
Recipient_Cage_08,Recipient_10,Recipient,Spring,Rock,Little_Patuxent,Triaenodes,0
Recipient_Cage_08,Recipient_10,Recipient,Spring,Rock,Little_Patuxent,Serratella,0
Recipient_Cage_08,Recipient_10,Recipient,Spring,Rock,Little_Patuxent,Optioservus,0
Recipient_Cage_08,Recipient_10,Recipient,Spring,Rock,Little_Patuxent,Hydrachnidia,0
Recipient_Cage_08,Recipient_10,Recipient,Spring,Rock,Little_Patuxent,Polymitarcyidae,0
Recipient_Cage_08,Recipient_10,Recipient,Spring,Rock,Little_Patuxent,Cambarus,0
Recipient_Cage_08,Recipient_10,Recipient,Spring,Rock,Little_Patuxent,Ancyronyx,0
Recipient_Cage_08,Recipient_10,Recipient,Spring,Rock,Little_Patuxent,Gammarus,2
Recipient_Cage_08,Recipient_10,Recipient,Spring,Rock,Little_Patuxent,Neoperla,0
Recipient_Cage_09,Recipient_10,Recipient,Spring,Rock,Little_Patuxent,Allocapnia,0
Recipient_Cage_09,Recipient_10,Recipient,Spring,Rock,Little_Patuxent,Maccaffertium,0
Recipient_Cage_09,Recipient_10,Recipient,Spring,Rock,Little_Patuxent,Chironomidae,57
Recipient_Cage_09,Recipient_10,Recipient,Spring,Rock,Little_Patuxent,Tipula,0
Recipient_Cage_09,Recipient_10,Recipient,Spring,Rock,Little_Patuxent,Dolophilodes,0
Recipient_Cage_09,Recipient_10,Recipient,Spring,Rock,Little_Patuxent,Cheumatopsyche,3
Recipient_Cage_09,Recipient_10,Recipient,Spring,Rock,Little_Patuxent,Isonychia,0
Recipient_Cage_09,Recipient_10,Recipient,Spring,Rock,Little_Patuxent,Plectrocnemia,0
Recipient_Cage_09,Recipient_10,Recipient,Spring,Rock,Little_Patuxent,Chimarra,0
Recipient_Cage_09,Recipient_10,Recipient,Spring,Rock,Little_Patuxent,Nigronia,0
Recipient_Cage_09,Recipient_10,Recipient,Spring,Rock,Little_Patuxent,Ameletus,0
Recipient_Cage_09,Recipient_10,Recipient,Spring,Rock,Little_Patuxent,Diplectrona,1
Recipient_Cage_09,Recipient_10,Recipient,Spring,Rock,Little_Patuxent,Eccoptura,0
Recipient_Cage_09,Recipient_10,Recipient,Spring,Rock,Little_Patuxent,Hydropsyche,0
Recipient_Cage_09,Recipient_10,Recipient,Spring,Rock,Little_Patuxent,Baetisca,0
Recipient_Cage_09,Recipient_10,Recipient,Spring,Rock,Little_Patuxent,Simulium,0
Recipient_Cage_09,Recipient_10,Recipient,Spring,Rock,Little_Patuxent,Isoperla,0
Recipient_Cage_09,Recipient_10,Recipient,Spring,Rock,Little_Patuxent,Dixa,0
Recipient_Cage_09,Recipient_10,Recipient,Spring,Rock,Little_Patuxent,Tropisternus,0
Recipient_Cage_09,Recipient_10,Recipient,Spring,Rock,Little_Patuxent,Anchytarsus,0
Recipient_Cage_09,Recipient_10,Recipient,Spring,Rock,Little_Patuxent,Psilotreta,2
Recipient_Cage_09,Recipient_10,Recipient,Spring,Rock,Little_Patuxent,Dubiraphia,0
Recipient_Cage_09,Recipient_10,Recipient,Spring,Rock,Little_Patuxent,Ptilostomis,0
Recipient_Cage_09,Recipient_10,Recipient,Spring,Rock,Little_Patuxent,Calopteryx,1
Recipient_Cage_09,Recipient_10,Recipient,Spring,Rock,Little_Patuxent,Molanna,0
Recipient_Cage_09,Recipient_10,Recipient,Spring,Rock,Little_Patuxent,Boyeria,0
Recipient_Cage_09,Recipient_10,Recipient,Spring,Rock,Little_Patuxent,Leptophlebia,0
Recipient_Cage_09,Recipient_10,Recipient,Spring,Rock,Little_Patuxent,Nyctiophylax,0
Recipient_Cage_09,Recipient_10,Recipient,Spring,Rock,Little_Patuxent,Argia,0
Recipient_Cage_09,Recipient_10,Recipient,Spring,Rock,Little_Patuxent,Rhyacophila,0
Recipient_Cage_09,Recipient_10,Recipient,Spring,Rock,Little_Patuxent,Probezzia,0
Recipient_Cage_09,Recipient_10,Recipient,Spring,Rock,Little_Patuxent,Neureclipsis,0
Recipient_Cage_09,Recipient_10,Recipient,Spring,Rock,Little_Patuxent,Eurylophella,0
Recipient_Cage_09,Recipient_10,Recipient,Spring,Rock,Little_Patuxent,Glossosoma,0
Recipient_Cage_09,Recipient_10,Recipient,Spring,Rock,Little_Patuxent,Rhagovelia,0
Recipient_Cage_09,Recipient_10,Recipient,Spring,Rock,Little_Patuxent,Neophylax,0
Recipient_Cage_09,Recipient_10,Recipient,Spring,Rock,Little_Patuxent,Microvelia,0
Recipient_Cage_09,Recipient_10,Recipient,Spring,Rock,Little_Patuxent,Hydatophylax,0
Recipient_Cage_09,Recipient_10,Recipient,Spring,Rock,Little_Patuxent,Antocha,0
Recipient_Cage_09,Recipient_10,Recipient,Spring,Rock,Little_Patuxent,Lepidostoma,0
Recipient_Cage_09,Recipient_10,Recipient,Spring,Rock,Little_Patuxent,Baetis,0
Recipient_Cage_09,Recipient_10,Recipient,Spring,Rock,Little_Patuxent,Oecetis,0
Recipient_Cage_09,Recipient_10,Recipient,Spring,Rock,Little_Patuxent,Ironoquia,0
Recipient_Cage_09,Recipient_10,Recipient,Spring,Rock,Little_Patuxent,Timpanoga,0
Recipient_Cage_09,Recipient_10,Recipient,Spring,Rock,Little_Patuxent,Polycentropus,0
Recipient_Cage_09,Recipient_10,Recipient,Spring,Rock,Little_Patuxent,Amphinemura,0
Recipient_Cage_09,Recipient_10,Recipient,Spring,Rock,Little_Patuxent,Penelomax,0
Recipient_Cage_09,Recipient_10,Recipient,Spring,Rock,Little_Patuxent,Ephemerella,0
Recipient_Cage_09,Recipient_10,Recipient,Spring,Rock,Little_Patuxent,Hemerodromia,0
Recipient_Cage_09,Recipient_10,Recipient,Spring,Rock,Little_Patuxent,Shipsa,0
Recipient_Cage_09,Recipient_10,Recipient,Spring,Rock,Little_Patuxent,Helichus,1
Recipient_Cage_09,Recipient_10,Recipient,Spring,Rock,Little_Patuxent,Neoleptophlebia,0
Recipient_Cage_09,Recipient_10,Recipient,Spring,Rock,Little_Patuxent,Attenella,0
Recipient_Cage_09,Recipient_10,Recipient,Spring,Rock,Little_Patuxent,Entomobryidae,0
Recipient_Cage_09,Recipient_10,Recipient,Spring,Rock,Little_Patuxent,Heptageniidae,0
Recipient_Cage_09,Recipient_10,Recipient,Spring,Rock,Little_Patuxent,Aeshna,0
Recipient_Cage_09,Recipient_10,Recipient,Spring,Rock,Little_Patuxent,Crambidae,0
Recipient_Cage_09,Recipient_10,Recipient,Spring,Rock,Little_Patuxent,Teloganopsis,0
Recipient_Cage_09,Recipient_10,Recipient,Spring,Rock,Little_Patuxent,Leptoceridae,0
Recipient_Cage_09,Recipient_10,Recipient,Spring,Rock,Little_Patuxent,Pycnopsyche,0
Recipient_Cage_09,Recipient_10,Recipient,Spring,Rock,Little_Patuxent,Triaenodes,0
Recipient_Cage_09,Recipient_10,Recipient,Spring,Rock,Little_Patuxent,Serratella,0
Recipient_Cage_09,Recipient_10,Recipient,Spring,Rock,Little_Patuxent,Optioservus,0
Recipient_Cage_09,Recipient_10,Recipient,Spring,Rock,Little_Patuxent,Hydrachnidia,0
Recipient_Cage_09,Recipient_10,Recipient,Spring,Rock,Little_Patuxent,Polymitarcyidae,0
Recipient_Cage_09,Recipient_10,Recipient,Spring,Rock,Little_Patuxent,Cambarus,0
Recipient_Cage_09,Recipient_10,Recipient,Spring,Rock,Little_Patuxent,Ancyronyx,0
Recipient_Cage_09,Recipient_10,Recipient,Spring,Rock,Little_Patuxent,Gammarus,0
Recipient_Cage_09,Recipient_10,Recipient,Spring,Rock,Little_Patuxent,Neoperla,0
Recipient_Cage_10,Recipient_10,Recipient,Spring,Rock,Little_Patuxent,Allocapnia,0
Recipient_Cage_10,Recipient_10,Recipient,Spring,Rock,Little_Patuxent,Maccaffertium,0
Recipient_Cage_10,Recipient_10,Recipient,Spring,Rock,Little_Patuxent,Chironomidae,33
Recipient_Cage_10,Recipient_10,Recipient,Spring,Rock,Little_Patuxent,Tipula,0
Recipient_Cage_10,Recipient_10,Recipient,Spring,Rock,Little_Patuxent,Dolophilodes,0
Recipient_Cage_10,Recipient_10,Recipient,Spring,Rock,Little_Patuxent,Cheumatopsyche,1
Recipient_Cage_10,Recipient_10,Recipient,Spring,Rock,Little_Patuxent,Isonychia,0
Recipient_Cage_10,Recipient_10,Recipient,Spring,Rock,Little_Patuxent,Plectrocnemia,0
Recipient_Cage_10,Recipient_10,Recipient,Spring,Rock,Little_Patuxent,Chimarra,0
Recipient_Cage_10,Recipient_10,Recipient,Spring,Rock,Little_Patuxent,Nigronia,0
Recipient_Cage_10,Recipient_10,Recipient,Spring,Rock,Little_Patuxent,Ameletus,0
Recipient_Cage_10,Recipient_10,Recipient,Spring,Rock,Little_Patuxent,Diplectrona,0
Recipient_Cage_10,Recipient_10,Recipient,Spring,Rock,Little_Patuxent,Eccoptura,0
Recipient_Cage_10,Recipient_10,Recipient,Spring,Rock,Little_Patuxent,Hydropsyche,0
Recipient_Cage_10,Recipient_10,Recipient,Spring,Rock,Little_Patuxent,Baetisca,0
Recipient_Cage_10,Recipient_10,Recipient,Spring,Rock,Little_Patuxent,Simulium,0
Recipient_Cage_10,Recipient_10,Recipient,Spring,Rock,Little_Patuxent,Isoperla,0
Recipient_Cage_10,Recipient_10,Recipient,Spring,Rock,Little_Patuxent,Dixa,0
Recipient_Cage_10,Recipient_10,Recipient,Spring,Rock,Little_Patuxent,Tropisternus,0
Recipient_Cage_10,Recipient_10,Recipient,Spring,Rock,Little_Patuxent,Anchytarsus,3
Recipient_Cage_10,Recipient_10,Recipient,Spring,Rock,Little_Patuxent,Psilotreta,0
Recipient_Cage_10,Recipient_10,Recipient,Spring,Rock,Little_Patuxent,Dubiraphia,0
Recipient_Cage_10,Recipient_10,Recipient,Spring,Rock,Little_Patuxent,Ptilostomis,0
Recipient_Cage_10,Recipient_10,Recipient,Spring,Rock,Little_Patuxent,Calopteryx,0
Recipient_Cage_10,Recipient_10,Recipient,Spring,Rock,Little_Patuxent,Molanna,0
Recipient_Cage_10,Recipient_10,Recipient,Spring,Rock,Little_Patuxent,Boyeria,0
Recipient_Cage_10,Recipient_10,Recipient,Spring,Rock,Little_Patuxent,Leptophlebia,0
Recipient_Cage_10,Recipient_10,Recipient,Spring,Rock,Little_Patuxent,Nyctiophylax,0
Recipient_Cage_10,Recipient_10,Recipient,Spring,Rock,Little_Patuxent,Argia,0
Recipient_Cage_10,Recipient_10,Recipient,Spring,Rock,Little_Patuxent,Rhyacophila,0
Recipient_Cage_10,Recipient_10,Recipient,Spring,Rock,Little_Patuxent,Probezzia,0
Recipient_Cage_10,Recipient_10,Recipient,Spring,Rock,Little_Patuxent,Neureclipsis,0
Recipient_Cage_10,Recipient_10,Recipient,Spring,Rock,Little_Patuxent,Eurylophella,0
Recipient_Cage_10,Recipient_10,Recipient,Spring,Rock,Little_Patuxent,Glossosoma,0
Recipient_Cage_10,Recipient_10,Recipient,Spring,Rock,Little_Patuxent,Rhagovelia,0
Recipient_Cage_10,Recipient_10,Recipient,Spring,Rock,Little_Patuxent,Neophylax,0
Recipient_Cage_10,Recipient_10,Recipient,Spring,Rock,Little_Patuxent,Microvelia,0
Recipient_Cage_10,Recipient_10,Recipient,Spring,Rock,Little_Patuxent,Hydatophylax,0
Recipient_Cage_10,Recipient_10,Recipient,Spring,Rock,Little_Patuxent,Antocha,0
Recipient_Cage_10,Recipient_10,Recipient,Spring,Rock,Little_Patuxent,Lepidostoma,0
Recipient_Cage_10,Recipient_10,Recipient,Spring,Rock,Little_Patuxent,Baetis,0
Recipient_Cage_10,Recipient_10,Recipient,Spring,Rock,Little_Patuxent,Oecetis,0
Recipient_Cage_10,Recipient_10,Recipient,Spring,Rock,Little_Patuxent,Ironoquia,0
Recipient_Cage_10,Recipient_10,Recipient,Spring,Rock,Little_Patuxent,Timpanoga,0
Recipient_Cage_10,Recipient_10,Recipient,Spring,Rock,Little_Patuxent,Polycentropus,0
Recipient_Cage_10,Recipient_10,Recipient,Spring,Rock,Little_Patuxent,Amphinemura,0
Recipient_Cage_10,Recipient_10,Recipient,Spring,Rock,Little_Patuxent,Penelomax,0
Recipient_Cage_10,Recipient_10,Recipient,Spring,Rock,Little_Patuxent,Ephemerella,0
Recipient_Cage_10,Recipient_10,Recipient,Spring,Rock,Little_Patuxent,Hemerodromia,0
Recipient_Cage_10,Recipient_10,Recipient,Spring,Rock,Little_Patuxent,Shipsa,0
Recipient_Cage_10,Recipient_10,Recipient,Spring,Rock,Little_Patuxent,Helichus,0
Recipient_Cage_10,Recipient_10,Recipient,Spring,Rock,Little_Patuxent,Neoleptophlebia,0
Recipient_Cage_10,Recipient_10,Recipient,Spring,Rock,Little_Patuxent,Attenella,0
Recipient_Cage_10,Recipient_10,Recipient,Spring,Rock,Little_Patuxent,Entomobryidae,0
Recipient_Cage_10,Recipient_10,Recipient,Spring,Rock,Little_Patuxent,Heptageniidae,0
Recipient_Cage_10,Recipient_10,Recipient,Spring,Rock,Little_Patuxent,Aeshna,0
Recipient_Cage_10,Recipient_10,Recipient,Spring,Rock,Little_Patuxent,Crambidae,0
Recipient_Cage_10,Recipient_10,Recipient,Spring,Rock,Little_Patuxent,Teloganopsis,0
Recipient_Cage_10,Recipient_10,Recipient,Spring,Rock,Little_Patuxent,Leptoceridae,0
Recipient_Cage_10,Recipient_10,Recipient,Spring,Rock,Little_Patuxent,Pycnopsyche,0
Recipient_Cage_10,Recipient_10,Recipient,Spring,Rock,Little_Patuxent,Triaenodes,0
Recipient_Cage_10,Recipient_10,Recipient,Spring,Rock,Little_Patuxent,Serratella,0
Recipient_Cage_10,Recipient_10,Recipient,Spring,Rock,Little_Patuxent,Optioservus,0
Recipient_Cage_10,Recipient_10,Recipient,Spring,Rock,Little_Patuxent,Hydrachnidia,0
Recipient_Cage_10,Recipient_10,Recipient,Spring,Rock,Little_Patuxent,Polymitarcyidae,0
Recipient_Cage_10,Recipient_10,Recipient,Spring,Rock,Little_Patuxent,Cambarus,0
Recipient_Cage_10,Recipient_10,Recipient,Spring,Rock,Little_Patuxent,Ancyronyx,0
Recipient_Cage_10,Recipient_10,Recipient,Spring,Rock,Little_Patuxent,Gammarus,0
Recipient_Cage_10,Recipient_10,Recipient,Spring,Rock,Little_Patuxent,Neoperla,0
Recipient_Cage_11,Recipient_11,Recipient,Spring,Leaf,Loch_Raven,Allocapnia,0
Recipient_Cage_11,Recipient_11,Recipient,Spring,Leaf,Loch_Raven,Maccaffertium,21
Recipient_Cage_11,Recipient_11,Recipient,Spring,Leaf,Loch_Raven,Chironomidae,23
Recipient_Cage_11,Recipient_11,Recipient,Spring,Leaf,Loch_Raven,Tipula,0
Recipient_Cage_11,Recipient_11,Recipient,Spring,Leaf,Loch_Raven,Dolophilodes,0
Recipient_Cage_11,Recipient_11,Recipient,Spring,Leaf,Loch_Raven,Cheumatopsyche,2
Recipient_Cage_11,Recipient_11,Recipient,Spring,Leaf,Loch_Raven,Isonychia,3
Recipient_Cage_11,Recipient_11,Recipient,Spring,Leaf,Loch_Raven,Plectrocnemia,0
Recipient_Cage_11,Recipient_11,Recipient,Spring,Leaf,Loch_Raven,Chimarra,0
Recipient_Cage_11,Recipient_11,Recipient,Spring,Leaf,Loch_Raven,Nigronia,0
Recipient_Cage_11,Recipient_11,Recipient,Spring,Leaf,Loch_Raven,Ameletus,0
Recipient_Cage_11,Recipient_11,Recipient,Spring,Leaf,Loch_Raven,Diplectrona,0
Recipient_Cage_11,Recipient_11,Recipient,Spring,Leaf,Loch_Raven,Eccoptura,0
Recipient_Cage_11,Recipient_11,Recipient,Spring,Leaf,Loch_Raven,Hydropsyche,0
Recipient_Cage_11,Recipient_11,Recipient,Spring,Leaf,Loch_Raven,Baetisca,0
Recipient_Cage_11,Recipient_11,Recipient,Spring,Leaf,Loch_Raven,Simulium,0
Recipient_Cage_11,Recipient_11,Recipient,Spring,Leaf,Loch_Raven,Isoperla,0
Recipient_Cage_11,Recipient_11,Recipient,Spring,Leaf,Loch_Raven,Dixa,0
Recipient_Cage_11,Recipient_11,Recipient,Spring,Leaf,Loch_Raven,Tropisternus,0
Recipient_Cage_11,Recipient_11,Recipient,Spring,Leaf,Loch_Raven,Anchytarsus,0
Recipient_Cage_11,Recipient_11,Recipient,Spring,Leaf,Loch_Raven,Psilotreta,0
Recipient_Cage_11,Recipient_11,Recipient,Spring,Leaf,Loch_Raven,Dubiraphia,0
Recipient_Cage_11,Recipient_11,Recipient,Spring,Leaf,Loch_Raven,Ptilostomis,0
Recipient_Cage_11,Recipient_11,Recipient,Spring,Leaf,Loch_Raven,Calopteryx,0
Recipient_Cage_11,Recipient_11,Recipient,Spring,Leaf,Loch_Raven,Molanna,0
Recipient_Cage_11,Recipient_11,Recipient,Spring,Leaf,Loch_Raven,Boyeria,0
Recipient_Cage_11,Recipient_11,Recipient,Spring,Leaf,Loch_Raven,Leptophlebia,0
Recipient_Cage_11,Recipient_11,Recipient,Spring,Leaf,Loch_Raven,Nyctiophylax,0
Recipient_Cage_11,Recipient_11,Recipient,Spring,Leaf,Loch_Raven,Argia,0
Recipient_Cage_11,Recipient_11,Recipient,Spring,Leaf,Loch_Raven,Rhyacophila,0
Recipient_Cage_11,Recipient_11,Recipient,Spring,Leaf,Loch_Raven,Probezzia,0
Recipient_Cage_11,Recipient_11,Recipient,Spring,Leaf,Loch_Raven,Neureclipsis,0
Recipient_Cage_11,Recipient_11,Recipient,Spring,Leaf,Loch_Raven,Eurylophella,0
Recipient_Cage_11,Recipient_11,Recipient,Spring,Leaf,Loch_Raven,Glossosoma,0
Recipient_Cage_11,Recipient_11,Recipient,Spring,Leaf,Loch_Raven,Rhagovelia,0
Recipient_Cage_11,Recipient_11,Recipient,Spring,Leaf,Loch_Raven,Neophylax,0
Recipient_Cage_11,Recipient_11,Recipient,Spring,Leaf,Loch_Raven,Microvelia,0
Recipient_Cage_11,Recipient_11,Recipient,Spring,Leaf,Loch_Raven,Hydatophylax,0
Recipient_Cage_11,Recipient_11,Recipient,Spring,Leaf,Loch_Raven,Antocha,0
Recipient_Cage_11,Recipient_11,Recipient,Spring,Leaf,Loch_Raven,Lepidostoma,0
Recipient_Cage_11,Recipient_11,Recipient,Spring,Leaf,Loch_Raven,Baetis,0
Recipient_Cage_11,Recipient_11,Recipient,Spring,Leaf,Loch_Raven,Oecetis,0
Recipient_Cage_11,Recipient_11,Recipient,Spring,Leaf,Loch_Raven,Ironoquia,0
Recipient_Cage_11,Recipient_11,Recipient,Spring,Leaf,Loch_Raven,Timpanoga,3
Recipient_Cage_11,Recipient_11,Recipient,Spring,Leaf,Loch_Raven,Polycentropus,0
Recipient_Cage_11,Recipient_11,Recipient,Spring,Leaf,Loch_Raven,Amphinemura,0
Recipient_Cage_11,Recipient_11,Recipient,Spring,Leaf,Loch_Raven,Penelomax,1
Recipient_Cage_11,Recipient_11,Recipient,Spring,Leaf,Loch_Raven,Ephemerella,4
Recipient_Cage_11,Recipient_11,Recipient,Spring,Leaf,Loch_Raven,Hemerodromia,0
Recipient_Cage_11,Recipient_11,Recipient,Spring,Leaf,Loch_Raven,Shipsa,0
Recipient_Cage_11,Recipient_11,Recipient,Spring,Leaf,Loch_Raven,Helichus,0
Recipient_Cage_11,Recipient_11,Recipient,Spring,Leaf,Loch_Raven,Neoleptophlebia,0
Recipient_Cage_11,Recipient_11,Recipient,Spring,Leaf,Loch_Raven,Attenella,0
Recipient_Cage_11,Recipient_11,Recipient,Spring,Leaf,Loch_Raven,Entomobryidae,0
Recipient_Cage_11,Recipient_11,Recipient,Spring,Leaf,Loch_Raven,Heptageniidae,0
Recipient_Cage_11,Recipient_11,Recipient,Spring,Leaf,Loch_Raven,Aeshna,0
Recipient_Cage_11,Recipient_11,Recipient,Spring,Leaf,Loch_Raven,Crambidae,0
Recipient_Cage_11,Recipient_11,Recipient,Spring,Leaf,Loch_Raven,Teloganopsis,0
Recipient_Cage_11,Recipient_11,Recipient,Spring,Leaf,Loch_Raven,Leptoceridae,0
Recipient_Cage_11,Recipient_11,Recipient,Spring,Leaf,Loch_Raven,Pycnopsyche,0
Recipient_Cage_11,Recipient_11,Recipient,Spring,Leaf,Loch_Raven,Triaenodes,0
Recipient_Cage_11,Recipient_11,Recipient,Spring,Leaf,Loch_Raven,Serratella,0
Recipient_Cage_11,Recipient_11,Recipient,Spring,Leaf,Loch_Raven,Optioservus,0
Recipient_Cage_11,Recipient_11,Recipient,Spring,Leaf,Loch_Raven,Hydrachnidia,0
Recipient_Cage_11,Recipient_11,Recipient,Spring,Leaf,Loch_Raven,Polymitarcyidae,0
Recipient_Cage_11,Recipient_11,Recipient,Spring,Leaf,Loch_Raven,Cambarus,0
Recipient_Cage_11,Recipient_11,Recipient,Spring,Leaf,Loch_Raven,Ancyronyx,0
Recipient_Cage_11,Recipient_11,Recipient,Spring,Leaf,Loch_Raven,Gammarus,0
Recipient_Cage_11,Recipient_11,Recipient,Spring,Leaf,Loch_Raven,Neoperla,0
Recipient_Cage_12,Recipient_11,Recipient,Spring,Leaf,Loch_Raven,Allocapnia,0
Recipient_Cage_12,Recipient_11,Recipient,Spring,Leaf,Loch_Raven,Maccaffertium,13
Recipient_Cage_12,Recipient_11,Recipient,Spring,Leaf,Loch_Raven,Chironomidae,31
Recipient_Cage_12,Recipient_11,Recipient,Spring,Leaf,Loch_Raven,Tipula,0
Recipient_Cage_12,Recipient_11,Recipient,Spring,Leaf,Loch_Raven,Dolophilodes,0
Recipient_Cage_12,Recipient_11,Recipient,Spring,Leaf,Loch_Raven,Cheumatopsyche,0
Recipient_Cage_12,Recipient_11,Recipient,Spring,Leaf,Loch_Raven,Isonychia,0
Recipient_Cage_12,Recipient_11,Recipient,Spring,Leaf,Loch_Raven,Plectrocnemia,1
Recipient_Cage_12,Recipient_11,Recipient,Spring,Leaf,Loch_Raven,Chimarra,0
Recipient_Cage_12,Recipient_11,Recipient,Spring,Leaf,Loch_Raven,Nigronia,0
Recipient_Cage_12,Recipient_11,Recipient,Spring,Leaf,Loch_Raven,Ameletus,0
Recipient_Cage_12,Recipient_11,Recipient,Spring,Leaf,Loch_Raven,Diplectrona,0
Recipient_Cage_12,Recipient_11,Recipient,Spring,Leaf,Loch_Raven,Eccoptura,0
Recipient_Cage_12,Recipient_11,Recipient,Spring,Leaf,Loch_Raven,Hydropsyche,0
Recipient_Cage_12,Recipient_11,Recipient,Spring,Leaf,Loch_Raven,Baetisca,0
Recipient_Cage_12,Recipient_11,Recipient,Spring,Leaf,Loch_Raven,Simulium,0
Recipient_Cage_12,Recipient_11,Recipient,Spring,Leaf,Loch_Raven,Isoperla,0
Recipient_Cage_12,Recipient_11,Recipient,Spring,Leaf,Loch_Raven,Dixa,0
Recipient_Cage_12,Recipient_11,Recipient,Spring,Leaf,Loch_Raven,Tropisternus,0
Recipient_Cage_12,Recipient_11,Recipient,Spring,Leaf,Loch_Raven,Anchytarsus,0
Recipient_Cage_12,Recipient_11,Recipient,Spring,Leaf,Loch_Raven,Psilotreta,0
Recipient_Cage_12,Recipient_11,Recipient,Spring,Leaf,Loch_Raven,Dubiraphia,0
Recipient_Cage_12,Recipient_11,Recipient,Spring,Leaf,Loch_Raven,Ptilostomis,0
Recipient_Cage_12,Recipient_11,Recipient,Spring,Leaf,Loch_Raven,Calopteryx,2
Recipient_Cage_12,Recipient_11,Recipient,Spring,Leaf,Loch_Raven,Molanna,0
Recipient_Cage_12,Recipient_11,Recipient,Spring,Leaf,Loch_Raven,Boyeria,0
Recipient_Cage_12,Recipient_11,Recipient,Spring,Leaf,Loch_Raven,Leptophlebia,0
Recipient_Cage_12,Recipient_11,Recipient,Spring,Leaf,Loch_Raven,Nyctiophylax,0
Recipient_Cage_12,Recipient_11,Recipient,Spring,Leaf,Loch_Raven,Argia,0
Recipient_Cage_12,Recipient_11,Recipient,Spring,Leaf,Loch_Raven,Rhyacophila,0
Recipient_Cage_12,Recipient_11,Recipient,Spring,Leaf,Loch_Raven,Probezzia,0
Recipient_Cage_12,Recipient_11,Recipient,Spring,Leaf,Loch_Raven,Neureclipsis,0
Recipient_Cage_12,Recipient_11,Recipient,Spring,Leaf,Loch_Raven,Eurylophella,0
Recipient_Cage_12,Recipient_11,Recipient,Spring,Leaf,Loch_Raven,Glossosoma,0
Recipient_Cage_12,Recipient_11,Recipient,Spring,Leaf,Loch_Raven,Rhagovelia,0
Recipient_Cage_12,Recipient_11,Recipient,Spring,Leaf,Loch_Raven,Neophylax,0
Recipient_Cage_12,Recipient_11,Recipient,Spring,Leaf,Loch_Raven,Microvelia,0
Recipient_Cage_12,Recipient_11,Recipient,Spring,Leaf,Loch_Raven,Hydatophylax,0
Recipient_Cage_12,Recipient_11,Recipient,Spring,Leaf,Loch_Raven,Antocha,0
Recipient_Cage_12,Recipient_11,Recipient,Spring,Leaf,Loch_Raven,Lepidostoma,0
Recipient_Cage_12,Recipient_11,Recipient,Spring,Leaf,Loch_Raven,Baetis,0
Recipient_Cage_12,Recipient_11,Recipient,Spring,Leaf,Loch_Raven,Oecetis,0
Recipient_Cage_12,Recipient_11,Recipient,Spring,Leaf,Loch_Raven,Ironoquia,0
Recipient_Cage_12,Recipient_11,Recipient,Spring,Leaf,Loch_Raven,Timpanoga,10
Recipient_Cage_12,Recipient_11,Recipient,Spring,Leaf,Loch_Raven,Polycentropus,0
Recipient_Cage_12,Recipient_11,Recipient,Spring,Leaf,Loch_Raven,Amphinemura,0
Recipient_Cage_12,Recipient_11,Recipient,Spring,Leaf,Loch_Raven,Penelomax,0
Recipient_Cage_12,Recipient_11,Recipient,Spring,Leaf,Loch_Raven,Ephemerella,6
Recipient_Cage_12,Recipient_11,Recipient,Spring,Leaf,Loch_Raven,Hemerodromia,0
Recipient_Cage_12,Recipient_11,Recipient,Spring,Leaf,Loch_Raven,Shipsa,0
Recipient_Cage_12,Recipient_11,Recipient,Spring,Leaf,Loch_Raven,Helichus,0
Recipient_Cage_12,Recipient_11,Recipient,Spring,Leaf,Loch_Raven,Neoleptophlebia,0
Recipient_Cage_12,Recipient_11,Recipient,Spring,Leaf,Loch_Raven,Attenella,0
Recipient_Cage_12,Recipient_11,Recipient,Spring,Leaf,Loch_Raven,Entomobryidae,0
Recipient_Cage_12,Recipient_11,Recipient,Spring,Leaf,Loch_Raven,Heptageniidae,0
Recipient_Cage_12,Recipient_11,Recipient,Spring,Leaf,Loch_Raven,Aeshna,0
Recipient_Cage_12,Recipient_11,Recipient,Spring,Leaf,Loch_Raven,Crambidae,0
Recipient_Cage_12,Recipient_11,Recipient,Spring,Leaf,Loch_Raven,Teloganopsis,0
Recipient_Cage_12,Recipient_11,Recipient,Spring,Leaf,Loch_Raven,Leptoceridae,0
Recipient_Cage_12,Recipient_11,Recipient,Spring,Leaf,Loch_Raven,Pycnopsyche,0
Recipient_Cage_12,Recipient_11,Recipient,Spring,Leaf,Loch_Raven,Triaenodes,0
Recipient_Cage_12,Recipient_11,Recipient,Spring,Leaf,Loch_Raven,Serratella,0
Recipient_Cage_12,Recipient_11,Recipient,Spring,Leaf,Loch_Raven,Optioservus,0
Recipient_Cage_12,Recipient_11,Recipient,Spring,Leaf,Loch_Raven,Hydrachnidia,0
Recipient_Cage_12,Recipient_11,Recipient,Spring,Leaf,Loch_Raven,Polymitarcyidae,0
Recipient_Cage_12,Recipient_11,Recipient,Spring,Leaf,Loch_Raven,Cambarus,0
Recipient_Cage_12,Recipient_11,Recipient,Spring,Leaf,Loch_Raven,Ancyronyx,0
Recipient_Cage_12,Recipient_11,Recipient,Spring,Leaf,Loch_Raven,Gammarus,0
Recipient_Cage_12,Recipient_11,Recipient,Spring,Leaf,Loch_Raven,Neoperla,0
Recipient_Cage_13,Recipient_11,Recipient,Spring,Leaf,Loch_Raven,Allocapnia,0
Recipient_Cage_13,Recipient_11,Recipient,Spring,Leaf,Loch_Raven,Maccaffertium,15
Recipient_Cage_13,Recipient_11,Recipient,Spring,Leaf,Loch_Raven,Chironomidae,45
Recipient_Cage_13,Recipient_11,Recipient,Spring,Leaf,Loch_Raven,Tipula,0
Recipient_Cage_13,Recipient_11,Recipient,Spring,Leaf,Loch_Raven,Dolophilodes,0
Recipient_Cage_13,Recipient_11,Recipient,Spring,Leaf,Loch_Raven,Cheumatopsyche,0
Recipient_Cage_13,Recipient_11,Recipient,Spring,Leaf,Loch_Raven,Isonychia,0
Recipient_Cage_13,Recipient_11,Recipient,Spring,Leaf,Loch_Raven,Plectrocnemia,0
Recipient_Cage_13,Recipient_11,Recipient,Spring,Leaf,Loch_Raven,Chimarra,0
Recipient_Cage_13,Recipient_11,Recipient,Spring,Leaf,Loch_Raven,Nigronia,0
Recipient_Cage_13,Recipient_11,Recipient,Spring,Leaf,Loch_Raven,Ameletus,0
Recipient_Cage_13,Recipient_11,Recipient,Spring,Leaf,Loch_Raven,Diplectrona,0
Recipient_Cage_13,Recipient_11,Recipient,Spring,Leaf,Loch_Raven,Eccoptura,0
Recipient_Cage_13,Recipient_11,Recipient,Spring,Leaf,Loch_Raven,Hydropsyche,0
Recipient_Cage_13,Recipient_11,Recipient,Spring,Leaf,Loch_Raven,Baetisca,0
Recipient_Cage_13,Recipient_11,Recipient,Spring,Leaf,Loch_Raven,Simulium,0
Recipient_Cage_13,Recipient_11,Recipient,Spring,Leaf,Loch_Raven,Isoperla,0
Recipient_Cage_13,Recipient_11,Recipient,Spring,Leaf,Loch_Raven,Dixa,0
Recipient_Cage_13,Recipient_11,Recipient,Spring,Leaf,Loch_Raven,Tropisternus,0
Recipient_Cage_13,Recipient_11,Recipient,Spring,Leaf,Loch_Raven,Anchytarsus,0
Recipient_Cage_13,Recipient_11,Recipient,Spring,Leaf,Loch_Raven,Psilotreta,0
Recipient_Cage_13,Recipient_11,Recipient,Spring,Leaf,Loch_Raven,Dubiraphia,0
Recipient_Cage_13,Recipient_11,Recipient,Spring,Leaf,Loch_Raven,Ptilostomis,0
Recipient_Cage_13,Recipient_11,Recipient,Spring,Leaf,Loch_Raven,Calopteryx,0
Recipient_Cage_13,Recipient_11,Recipient,Spring,Leaf,Loch_Raven,Molanna,0
Recipient_Cage_13,Recipient_11,Recipient,Spring,Leaf,Loch_Raven,Boyeria,0
Recipient_Cage_13,Recipient_11,Recipient,Spring,Leaf,Loch_Raven,Leptophlebia,0
Recipient_Cage_13,Recipient_11,Recipient,Spring,Leaf,Loch_Raven,Nyctiophylax,0
Recipient_Cage_13,Recipient_11,Recipient,Spring,Leaf,Loch_Raven,Argia,0
Recipient_Cage_13,Recipient_11,Recipient,Spring,Leaf,Loch_Raven,Rhyacophila,0
Recipient_Cage_13,Recipient_11,Recipient,Spring,Leaf,Loch_Raven,Probezzia,0
Recipient_Cage_13,Recipient_11,Recipient,Spring,Leaf,Loch_Raven,Neureclipsis,0
Recipient_Cage_13,Recipient_11,Recipient,Spring,Leaf,Loch_Raven,Eurylophella,0
Recipient_Cage_13,Recipient_11,Recipient,Spring,Leaf,Loch_Raven,Glossosoma,0
Recipient_Cage_13,Recipient_11,Recipient,Spring,Leaf,Loch_Raven,Rhagovelia,0
Recipient_Cage_13,Recipient_11,Recipient,Spring,Leaf,Loch_Raven,Neophylax,0
Recipient_Cage_13,Recipient_11,Recipient,Spring,Leaf,Loch_Raven,Microvelia,0
Recipient_Cage_13,Recipient_11,Recipient,Spring,Leaf,Loch_Raven,Hydatophylax,0
Recipient_Cage_13,Recipient_11,Recipient,Spring,Leaf,Loch_Raven,Antocha,0
Recipient_Cage_13,Recipient_11,Recipient,Spring,Leaf,Loch_Raven,Lepidostoma,0
Recipient_Cage_13,Recipient_11,Recipient,Spring,Leaf,Loch_Raven,Baetis,0
Recipient_Cage_13,Recipient_11,Recipient,Spring,Leaf,Loch_Raven,Oecetis,0
Recipient_Cage_13,Recipient_11,Recipient,Spring,Leaf,Loch_Raven,Ironoquia,0
Recipient_Cage_13,Recipient_11,Recipient,Spring,Leaf,Loch_Raven,Timpanoga,1
Recipient_Cage_13,Recipient_11,Recipient,Spring,Leaf,Loch_Raven,Polycentropus,0
Recipient_Cage_13,Recipient_11,Recipient,Spring,Leaf,Loch_Raven,Amphinemura,0
Recipient_Cage_13,Recipient_11,Recipient,Spring,Leaf,Loch_Raven,Penelomax,0
Recipient_Cage_13,Recipient_11,Recipient,Spring,Leaf,Loch_Raven,Ephemerella,0
Recipient_Cage_13,Recipient_11,Recipient,Spring,Leaf,Loch_Raven,Hemerodromia,0
Recipient_Cage_13,Recipient_11,Recipient,Spring,Leaf,Loch_Raven,Shipsa,0
Recipient_Cage_13,Recipient_11,Recipient,Spring,Leaf,Loch_Raven,Helichus,0
Recipient_Cage_13,Recipient_11,Recipient,Spring,Leaf,Loch_Raven,Neoleptophlebia,1
Recipient_Cage_13,Recipient_11,Recipient,Spring,Leaf,Loch_Raven,Attenella,0
Recipient_Cage_13,Recipient_11,Recipient,Spring,Leaf,Loch_Raven,Entomobryidae,0
Recipient_Cage_13,Recipient_11,Recipient,Spring,Leaf,Loch_Raven,Heptageniidae,0
Recipient_Cage_13,Recipient_11,Recipient,Spring,Leaf,Loch_Raven,Aeshna,0
Recipient_Cage_13,Recipient_11,Recipient,Spring,Leaf,Loch_Raven,Crambidae,0
Recipient_Cage_13,Recipient_11,Recipient,Spring,Leaf,Loch_Raven,Teloganopsis,0
Recipient_Cage_13,Recipient_11,Recipient,Spring,Leaf,Loch_Raven,Leptoceridae,0
Recipient_Cage_13,Recipient_11,Recipient,Spring,Leaf,Loch_Raven,Pycnopsyche,0
Recipient_Cage_13,Recipient_11,Recipient,Spring,Leaf,Loch_Raven,Triaenodes,0
Recipient_Cage_13,Recipient_11,Recipient,Spring,Leaf,Loch_Raven,Serratella,0
Recipient_Cage_13,Recipient_11,Recipient,Spring,Leaf,Loch_Raven,Optioservus,0
Recipient_Cage_13,Recipient_11,Recipient,Spring,Leaf,Loch_Raven,Hydrachnidia,0
Recipient_Cage_13,Recipient_11,Recipient,Spring,Leaf,Loch_Raven,Polymitarcyidae,0
Recipient_Cage_13,Recipient_11,Recipient,Spring,Leaf,Loch_Raven,Cambarus,0
Recipient_Cage_13,Recipient_11,Recipient,Spring,Leaf,Loch_Raven,Ancyronyx,0
Recipient_Cage_13,Recipient_11,Recipient,Spring,Leaf,Loch_Raven,Gammarus,0
Recipient_Cage_13,Recipient_11,Recipient,Spring,Leaf,Loch_Raven,Neoperla,0
Recipient_Cage_14,Recipient_11,Recipient,Spring,Leaf,Loch_Raven,Allocapnia,0
Recipient_Cage_14,Recipient_11,Recipient,Spring,Leaf,Loch_Raven,Maccaffertium,12
Recipient_Cage_14,Recipient_11,Recipient,Spring,Leaf,Loch_Raven,Chironomidae,47
Recipient_Cage_14,Recipient_11,Recipient,Spring,Leaf,Loch_Raven,Tipula,1
Recipient_Cage_14,Recipient_11,Recipient,Spring,Leaf,Loch_Raven,Dolophilodes,0
Recipient_Cage_14,Recipient_11,Recipient,Spring,Leaf,Loch_Raven,Cheumatopsyche,1
Recipient_Cage_14,Recipient_11,Recipient,Spring,Leaf,Loch_Raven,Isonychia,0
Recipient_Cage_14,Recipient_11,Recipient,Spring,Leaf,Loch_Raven,Plectrocnemia,0
Recipient_Cage_14,Recipient_11,Recipient,Spring,Leaf,Loch_Raven,Chimarra,0
Recipient_Cage_14,Recipient_11,Recipient,Spring,Leaf,Loch_Raven,Nigronia,0
Recipient_Cage_14,Recipient_11,Recipient,Spring,Leaf,Loch_Raven,Ameletus,0
Recipient_Cage_14,Recipient_11,Recipient,Spring,Leaf,Loch_Raven,Diplectrona,0
Recipient_Cage_14,Recipient_11,Recipient,Spring,Leaf,Loch_Raven,Eccoptura,0
Recipient_Cage_14,Recipient_11,Recipient,Spring,Leaf,Loch_Raven,Hydropsyche,1
Recipient_Cage_14,Recipient_11,Recipient,Spring,Leaf,Loch_Raven,Baetisca,0
Recipient_Cage_14,Recipient_11,Recipient,Spring,Leaf,Loch_Raven,Simulium,0
Recipient_Cage_14,Recipient_11,Recipient,Spring,Leaf,Loch_Raven,Isoperla,0
Recipient_Cage_14,Recipient_11,Recipient,Spring,Leaf,Loch_Raven,Dixa,0
Recipient_Cage_14,Recipient_11,Recipient,Spring,Leaf,Loch_Raven,Tropisternus,0
Recipient_Cage_14,Recipient_11,Recipient,Spring,Leaf,Loch_Raven,Anchytarsus,0
Recipient_Cage_14,Recipient_11,Recipient,Spring,Leaf,Loch_Raven,Psilotreta,0
Recipient_Cage_14,Recipient_11,Recipient,Spring,Leaf,Loch_Raven,Dubiraphia,0
Recipient_Cage_14,Recipient_11,Recipient,Spring,Leaf,Loch_Raven,Ptilostomis,0
Recipient_Cage_14,Recipient_11,Recipient,Spring,Leaf,Loch_Raven,Calopteryx,0
Recipient_Cage_14,Recipient_11,Recipient,Spring,Leaf,Loch_Raven,Molanna,0
Recipient_Cage_14,Recipient_11,Recipient,Spring,Leaf,Loch_Raven,Boyeria,0
Recipient_Cage_14,Recipient_11,Recipient,Spring,Leaf,Loch_Raven,Leptophlebia,0
Recipient_Cage_14,Recipient_11,Recipient,Spring,Leaf,Loch_Raven,Nyctiophylax,0
Recipient_Cage_14,Recipient_11,Recipient,Spring,Leaf,Loch_Raven,Argia,0
Recipient_Cage_14,Recipient_11,Recipient,Spring,Leaf,Loch_Raven,Rhyacophila,0
Recipient_Cage_14,Recipient_11,Recipient,Spring,Leaf,Loch_Raven,Probezzia,0
Recipient_Cage_14,Recipient_11,Recipient,Spring,Leaf,Loch_Raven,Neureclipsis,0
Recipient_Cage_14,Recipient_11,Recipient,Spring,Leaf,Loch_Raven,Eurylophella,0
Recipient_Cage_14,Recipient_11,Recipient,Spring,Leaf,Loch_Raven,Glossosoma,0
Recipient_Cage_14,Recipient_11,Recipient,Spring,Leaf,Loch_Raven,Rhagovelia,0
Recipient_Cage_14,Recipient_11,Recipient,Spring,Leaf,Loch_Raven,Neophylax,0
Recipient_Cage_14,Recipient_11,Recipient,Spring,Leaf,Loch_Raven,Microvelia,0
Recipient_Cage_14,Recipient_11,Recipient,Spring,Leaf,Loch_Raven,Hydatophylax,0
Recipient_Cage_14,Recipient_11,Recipient,Spring,Leaf,Loch_Raven,Antocha,0
Recipient_Cage_14,Recipient_11,Recipient,Spring,Leaf,Loch_Raven,Lepidostoma,0
Recipient_Cage_14,Recipient_11,Recipient,Spring,Leaf,Loch_Raven,Baetis,0
Recipient_Cage_14,Recipient_11,Recipient,Spring,Leaf,Loch_Raven,Oecetis,0
Recipient_Cage_14,Recipient_11,Recipient,Spring,Leaf,Loch_Raven,Ironoquia,0
Recipient_Cage_14,Recipient_11,Recipient,Spring,Leaf,Loch_Raven,Timpanoga,4
Recipient_Cage_14,Recipient_11,Recipient,Spring,Leaf,Loch_Raven,Polycentropus,0
Recipient_Cage_14,Recipient_11,Recipient,Spring,Leaf,Loch_Raven,Amphinemura,0
Recipient_Cage_14,Recipient_11,Recipient,Spring,Leaf,Loch_Raven,Penelomax,0
Recipient_Cage_14,Recipient_11,Recipient,Spring,Leaf,Loch_Raven,Ephemerella,0
Recipient_Cage_14,Recipient_11,Recipient,Spring,Leaf,Loch_Raven,Hemerodromia,0
Recipient_Cage_14,Recipient_11,Recipient,Spring,Leaf,Loch_Raven,Shipsa,0
Recipient_Cage_14,Recipient_11,Recipient,Spring,Leaf,Loch_Raven,Helichus,0
Recipient_Cage_14,Recipient_11,Recipient,Spring,Leaf,Loch_Raven,Neoleptophlebia,0
Recipient_Cage_14,Recipient_11,Recipient,Spring,Leaf,Loch_Raven,Attenella,0
Recipient_Cage_14,Recipient_11,Recipient,Spring,Leaf,Loch_Raven,Entomobryidae,0
Recipient_Cage_14,Recipient_11,Recipient,Spring,Leaf,Loch_Raven,Heptageniidae,0
Recipient_Cage_14,Recipient_11,Recipient,Spring,Leaf,Loch_Raven,Aeshna,0
Recipient_Cage_14,Recipient_11,Recipient,Spring,Leaf,Loch_Raven,Crambidae,0
Recipient_Cage_14,Recipient_11,Recipient,Spring,Leaf,Loch_Raven,Teloganopsis,0
Recipient_Cage_14,Recipient_11,Recipient,Spring,Leaf,Loch_Raven,Leptoceridae,0
Recipient_Cage_14,Recipient_11,Recipient,Spring,Leaf,Loch_Raven,Pycnopsyche,0
Recipient_Cage_14,Recipient_11,Recipient,Spring,Leaf,Loch_Raven,Triaenodes,0
Recipient_Cage_14,Recipient_11,Recipient,Spring,Leaf,Loch_Raven,Serratella,0
Recipient_Cage_14,Recipient_11,Recipient,Spring,Leaf,Loch_Raven,Optioservus,0
Recipient_Cage_14,Recipient_11,Recipient,Spring,Leaf,Loch_Raven,Hydrachnidia,0
Recipient_Cage_14,Recipient_11,Recipient,Spring,Leaf,Loch_Raven,Polymitarcyidae,0
Recipient_Cage_14,Recipient_11,Recipient,Spring,Leaf,Loch_Raven,Cambarus,0
Recipient_Cage_14,Recipient_11,Recipient,Spring,Leaf,Loch_Raven,Ancyronyx,0
Recipient_Cage_14,Recipient_11,Recipient,Spring,Leaf,Loch_Raven,Gammarus,0
Recipient_Cage_14,Recipient_11,Recipient,Spring,Leaf,Loch_Raven,Neoperla,0
Recipient_Cage_15,Recipient_11,Recipient,Spring,Leaf,Loch_Raven,Allocapnia,0
Recipient_Cage_15,Recipient_11,Recipient,Spring,Leaf,Loch_Raven,Maccaffertium,15
Recipient_Cage_15,Recipient_11,Recipient,Spring,Leaf,Loch_Raven,Chironomidae,27
Recipient_Cage_15,Recipient_11,Recipient,Spring,Leaf,Loch_Raven,Tipula,1
Recipient_Cage_15,Recipient_11,Recipient,Spring,Leaf,Loch_Raven,Dolophilodes,0
Recipient_Cage_15,Recipient_11,Recipient,Spring,Leaf,Loch_Raven,Cheumatopsyche,1
Recipient_Cage_15,Recipient_11,Recipient,Spring,Leaf,Loch_Raven,Isonychia,0
Recipient_Cage_15,Recipient_11,Recipient,Spring,Leaf,Loch_Raven,Plectrocnemia,1
Recipient_Cage_15,Recipient_11,Recipient,Spring,Leaf,Loch_Raven,Chimarra,0
Recipient_Cage_15,Recipient_11,Recipient,Spring,Leaf,Loch_Raven,Nigronia,0
Recipient_Cage_15,Recipient_11,Recipient,Spring,Leaf,Loch_Raven,Ameletus,0
Recipient_Cage_15,Recipient_11,Recipient,Spring,Leaf,Loch_Raven,Diplectrona,0
Recipient_Cage_15,Recipient_11,Recipient,Spring,Leaf,Loch_Raven,Eccoptura,0
Recipient_Cage_15,Recipient_11,Recipient,Spring,Leaf,Loch_Raven,Hydropsyche,0
Recipient_Cage_15,Recipient_11,Recipient,Spring,Leaf,Loch_Raven,Baetisca,0
Recipient_Cage_15,Recipient_11,Recipient,Spring,Leaf,Loch_Raven,Simulium,0
Recipient_Cage_15,Recipient_11,Recipient,Spring,Leaf,Loch_Raven,Isoperla,0
Recipient_Cage_15,Recipient_11,Recipient,Spring,Leaf,Loch_Raven,Dixa,0
Recipient_Cage_15,Recipient_11,Recipient,Spring,Leaf,Loch_Raven,Tropisternus,0
Recipient_Cage_15,Recipient_11,Recipient,Spring,Leaf,Loch_Raven,Anchytarsus,0
Recipient_Cage_15,Recipient_11,Recipient,Spring,Leaf,Loch_Raven,Psilotreta,0
Recipient_Cage_15,Recipient_11,Recipient,Spring,Leaf,Loch_Raven,Dubiraphia,0
Recipient_Cage_15,Recipient_11,Recipient,Spring,Leaf,Loch_Raven,Ptilostomis,0
Recipient_Cage_15,Recipient_11,Recipient,Spring,Leaf,Loch_Raven,Calopteryx,0
Recipient_Cage_15,Recipient_11,Recipient,Spring,Leaf,Loch_Raven,Molanna,0
Recipient_Cage_15,Recipient_11,Recipient,Spring,Leaf,Loch_Raven,Boyeria,0
Recipient_Cage_15,Recipient_11,Recipient,Spring,Leaf,Loch_Raven,Leptophlebia,0
Recipient_Cage_15,Recipient_11,Recipient,Spring,Leaf,Loch_Raven,Nyctiophylax,0
Recipient_Cage_15,Recipient_11,Recipient,Spring,Leaf,Loch_Raven,Argia,0
Recipient_Cage_15,Recipient_11,Recipient,Spring,Leaf,Loch_Raven,Rhyacophila,0
Recipient_Cage_15,Recipient_11,Recipient,Spring,Leaf,Loch_Raven,Probezzia,0
Recipient_Cage_15,Recipient_11,Recipient,Spring,Leaf,Loch_Raven,Neureclipsis,0
Recipient_Cage_15,Recipient_11,Recipient,Spring,Leaf,Loch_Raven,Eurylophella,0
Recipient_Cage_15,Recipient_11,Recipient,Spring,Leaf,Loch_Raven,Glossosoma,0
Recipient_Cage_15,Recipient_11,Recipient,Spring,Leaf,Loch_Raven,Rhagovelia,0
Recipient_Cage_15,Recipient_11,Recipient,Spring,Leaf,Loch_Raven,Neophylax,0
Recipient_Cage_15,Recipient_11,Recipient,Spring,Leaf,Loch_Raven,Microvelia,0
Recipient_Cage_15,Recipient_11,Recipient,Spring,Leaf,Loch_Raven,Hydatophylax,0
Recipient_Cage_15,Recipient_11,Recipient,Spring,Leaf,Loch_Raven,Antocha,0
Recipient_Cage_15,Recipient_11,Recipient,Spring,Leaf,Loch_Raven,Lepidostoma,0
Recipient_Cage_15,Recipient_11,Recipient,Spring,Leaf,Loch_Raven,Baetis,0
Recipient_Cage_15,Recipient_11,Recipient,Spring,Leaf,Loch_Raven,Oecetis,0
Recipient_Cage_15,Recipient_11,Recipient,Spring,Leaf,Loch_Raven,Ironoquia,0
Recipient_Cage_15,Recipient_11,Recipient,Spring,Leaf,Loch_Raven,Timpanoga,4
Recipient_Cage_15,Recipient_11,Recipient,Spring,Leaf,Loch_Raven,Polycentropus,0
Recipient_Cage_15,Recipient_11,Recipient,Spring,Leaf,Loch_Raven,Amphinemura,0
Recipient_Cage_15,Recipient_11,Recipient,Spring,Leaf,Loch_Raven,Penelomax,1
Recipient_Cage_15,Recipient_11,Recipient,Spring,Leaf,Loch_Raven,Ephemerella,1
Recipient_Cage_15,Recipient_11,Recipient,Spring,Leaf,Loch_Raven,Hemerodromia,0
Recipient_Cage_15,Recipient_11,Recipient,Spring,Leaf,Loch_Raven,Shipsa,0
Recipient_Cage_15,Recipient_11,Recipient,Spring,Leaf,Loch_Raven,Helichus,0
Recipient_Cage_15,Recipient_11,Recipient,Spring,Leaf,Loch_Raven,Neoleptophlebia,0
Recipient_Cage_15,Recipient_11,Recipient,Spring,Leaf,Loch_Raven,Attenella,0
Recipient_Cage_15,Recipient_11,Recipient,Spring,Leaf,Loch_Raven,Entomobryidae,0
Recipient_Cage_15,Recipient_11,Recipient,Spring,Leaf,Loch_Raven,Heptageniidae,0
Recipient_Cage_15,Recipient_11,Recipient,Spring,Leaf,Loch_Raven,Aeshna,0
Recipient_Cage_15,Recipient_11,Recipient,Spring,Leaf,Loch_Raven,Crambidae,0
Recipient_Cage_15,Recipient_11,Recipient,Spring,Leaf,Loch_Raven,Teloganopsis,0
Recipient_Cage_15,Recipient_11,Recipient,Spring,Leaf,Loch_Raven,Leptoceridae,0
Recipient_Cage_15,Recipient_11,Recipient,Spring,Leaf,Loch_Raven,Pycnopsyche,0
Recipient_Cage_15,Recipient_11,Recipient,Spring,Leaf,Loch_Raven,Triaenodes,0
Recipient_Cage_15,Recipient_11,Recipient,Spring,Leaf,Loch_Raven,Serratella,0
Recipient_Cage_15,Recipient_11,Recipient,Spring,Leaf,Loch_Raven,Optioservus,0
Recipient_Cage_15,Recipient_11,Recipient,Spring,Leaf,Loch_Raven,Hydrachnidia,0
Recipient_Cage_15,Recipient_11,Recipient,Spring,Leaf,Loch_Raven,Polymitarcyidae,0
Recipient_Cage_15,Recipient_11,Recipient,Spring,Leaf,Loch_Raven,Cambarus,0
Recipient_Cage_15,Recipient_11,Recipient,Spring,Leaf,Loch_Raven,Ancyronyx,0
Recipient_Cage_15,Recipient_11,Recipient,Spring,Leaf,Loch_Raven,Gammarus,0
Recipient_Cage_15,Recipient_11,Recipient,Spring,Leaf,Loch_Raven,Neoperla,0
Recipient_Cage_11,Recipient_11,Recipient,Spring,Rock,Loch_Raven,Allocapnia,0
Recipient_Cage_11,Recipient_11,Recipient,Spring,Rock,Loch_Raven,Maccaffertium,18
Recipient_Cage_11,Recipient_11,Recipient,Spring,Rock,Loch_Raven,Chironomidae,19
Recipient_Cage_11,Recipient_11,Recipient,Spring,Rock,Loch_Raven,Tipula,0
Recipient_Cage_11,Recipient_11,Recipient,Spring,Rock,Loch_Raven,Dolophilodes,0
Recipient_Cage_11,Recipient_11,Recipient,Spring,Rock,Loch_Raven,Cheumatopsyche,1
Recipient_Cage_11,Recipient_11,Recipient,Spring,Rock,Loch_Raven,Isonychia,0
Recipient_Cage_11,Recipient_11,Recipient,Spring,Rock,Loch_Raven,Plectrocnemia,0
Recipient_Cage_11,Recipient_11,Recipient,Spring,Rock,Loch_Raven,Chimarra,0
Recipient_Cage_11,Recipient_11,Recipient,Spring,Rock,Loch_Raven,Nigronia,0
Recipient_Cage_11,Recipient_11,Recipient,Spring,Rock,Loch_Raven,Ameletus,0
Recipient_Cage_11,Recipient_11,Recipient,Spring,Rock,Loch_Raven,Diplectrona,0
Recipient_Cage_11,Recipient_11,Recipient,Spring,Rock,Loch_Raven,Eccoptura,0
Recipient_Cage_11,Recipient_11,Recipient,Spring,Rock,Loch_Raven,Hydropsyche,0
Recipient_Cage_11,Recipient_11,Recipient,Spring,Rock,Loch_Raven,Baetisca,0
Recipient_Cage_11,Recipient_11,Recipient,Spring,Rock,Loch_Raven,Simulium,0
Recipient_Cage_11,Recipient_11,Recipient,Spring,Rock,Loch_Raven,Isoperla,0
Recipient_Cage_11,Recipient_11,Recipient,Spring,Rock,Loch_Raven,Dixa,0
Recipient_Cage_11,Recipient_11,Recipient,Spring,Rock,Loch_Raven,Tropisternus,0
Recipient_Cage_11,Recipient_11,Recipient,Spring,Rock,Loch_Raven,Anchytarsus,0
Recipient_Cage_11,Recipient_11,Recipient,Spring,Rock,Loch_Raven,Psilotreta,0
Recipient_Cage_11,Recipient_11,Recipient,Spring,Rock,Loch_Raven,Dubiraphia,0
Recipient_Cage_11,Recipient_11,Recipient,Spring,Rock,Loch_Raven,Ptilostomis,0
Recipient_Cage_11,Recipient_11,Recipient,Spring,Rock,Loch_Raven,Calopteryx,0
Recipient_Cage_11,Recipient_11,Recipient,Spring,Rock,Loch_Raven,Molanna,0
Recipient_Cage_11,Recipient_11,Recipient,Spring,Rock,Loch_Raven,Boyeria,0
Recipient_Cage_11,Recipient_11,Recipient,Spring,Rock,Loch_Raven,Leptophlebia,0
Recipient_Cage_11,Recipient_11,Recipient,Spring,Rock,Loch_Raven,Nyctiophylax,0
Recipient_Cage_11,Recipient_11,Recipient,Spring,Rock,Loch_Raven,Argia,0
Recipient_Cage_11,Recipient_11,Recipient,Spring,Rock,Loch_Raven,Rhyacophila,0
Recipient_Cage_11,Recipient_11,Recipient,Spring,Rock,Loch_Raven,Probezzia,0
Recipient_Cage_11,Recipient_11,Recipient,Spring,Rock,Loch_Raven,Neureclipsis,0
Recipient_Cage_11,Recipient_11,Recipient,Spring,Rock,Loch_Raven,Eurylophella,0
Recipient_Cage_11,Recipient_11,Recipient,Spring,Rock,Loch_Raven,Glossosoma,0
Recipient_Cage_11,Recipient_11,Recipient,Spring,Rock,Loch_Raven,Rhagovelia,0
Recipient_Cage_11,Recipient_11,Recipient,Spring,Rock,Loch_Raven,Neophylax,0
Recipient_Cage_11,Recipient_11,Recipient,Spring,Rock,Loch_Raven,Microvelia,0
Recipient_Cage_11,Recipient_11,Recipient,Spring,Rock,Loch_Raven,Hydatophylax,0
Recipient_Cage_11,Recipient_11,Recipient,Spring,Rock,Loch_Raven,Antocha,0
Recipient_Cage_11,Recipient_11,Recipient,Spring,Rock,Loch_Raven,Lepidostoma,0
Recipient_Cage_11,Recipient_11,Recipient,Spring,Rock,Loch_Raven,Baetis,0
Recipient_Cage_11,Recipient_11,Recipient,Spring,Rock,Loch_Raven,Oecetis,0
Recipient_Cage_11,Recipient_11,Recipient,Spring,Rock,Loch_Raven,Ironoquia,0
Recipient_Cage_11,Recipient_11,Recipient,Spring,Rock,Loch_Raven,Timpanoga,0
Recipient_Cage_11,Recipient_11,Recipient,Spring,Rock,Loch_Raven,Polycentropus,0
Recipient_Cage_11,Recipient_11,Recipient,Spring,Rock,Loch_Raven,Amphinemura,0
Recipient_Cage_11,Recipient_11,Recipient,Spring,Rock,Loch_Raven,Penelomax,0
Recipient_Cage_11,Recipient_11,Recipient,Spring,Rock,Loch_Raven,Ephemerella,0
Recipient_Cage_11,Recipient_11,Recipient,Spring,Rock,Loch_Raven,Hemerodromia,0
Recipient_Cage_11,Recipient_11,Recipient,Spring,Rock,Loch_Raven,Shipsa,0
Recipient_Cage_11,Recipient_11,Recipient,Spring,Rock,Loch_Raven,Helichus,0
Recipient_Cage_11,Recipient_11,Recipient,Spring,Rock,Loch_Raven,Neoleptophlebia,1
Recipient_Cage_11,Recipient_11,Recipient,Spring,Rock,Loch_Raven,Attenella,0
Recipient_Cage_11,Recipient_11,Recipient,Spring,Rock,Loch_Raven,Entomobryidae,0
Recipient_Cage_11,Recipient_11,Recipient,Spring,Rock,Loch_Raven,Heptageniidae,0
Recipient_Cage_11,Recipient_11,Recipient,Spring,Rock,Loch_Raven,Aeshna,0
Recipient_Cage_11,Recipient_11,Recipient,Spring,Rock,Loch_Raven,Crambidae,0
Recipient_Cage_11,Recipient_11,Recipient,Spring,Rock,Loch_Raven,Teloganopsis,0
Recipient_Cage_11,Recipient_11,Recipient,Spring,Rock,Loch_Raven,Leptoceridae,0
Recipient_Cage_11,Recipient_11,Recipient,Spring,Rock,Loch_Raven,Pycnopsyche,0
Recipient_Cage_11,Recipient_11,Recipient,Spring,Rock,Loch_Raven,Triaenodes,0
Recipient_Cage_11,Recipient_11,Recipient,Spring,Rock,Loch_Raven,Serratella,0
Recipient_Cage_11,Recipient_11,Recipient,Spring,Rock,Loch_Raven,Optioservus,0
Recipient_Cage_11,Recipient_11,Recipient,Spring,Rock,Loch_Raven,Hydrachnidia,0
Recipient_Cage_11,Recipient_11,Recipient,Spring,Rock,Loch_Raven,Polymitarcyidae,0
Recipient_Cage_11,Recipient_11,Recipient,Spring,Rock,Loch_Raven,Cambarus,0
Recipient_Cage_11,Recipient_11,Recipient,Spring,Rock,Loch_Raven,Ancyronyx,0
Recipient_Cage_11,Recipient_11,Recipient,Spring,Rock,Loch_Raven,Gammarus,0
Recipient_Cage_11,Recipient_11,Recipient,Spring,Rock,Loch_Raven,Neoperla,0
Recipient_Cage_12,Recipient_11,Recipient,Spring,Rock,Loch_Raven,Allocapnia,0
Recipient_Cage_12,Recipient_11,Recipient,Spring,Rock,Loch_Raven,Maccaffertium,49
Recipient_Cage_12,Recipient_11,Recipient,Spring,Rock,Loch_Raven,Chironomidae,17
Recipient_Cage_12,Recipient_11,Recipient,Spring,Rock,Loch_Raven,Tipula,1
Recipient_Cage_12,Recipient_11,Recipient,Spring,Rock,Loch_Raven,Dolophilodes,0
Recipient_Cage_12,Recipient_11,Recipient,Spring,Rock,Loch_Raven,Cheumatopsyche,1
Recipient_Cage_12,Recipient_11,Recipient,Spring,Rock,Loch_Raven,Isonychia,0
Recipient_Cage_12,Recipient_11,Recipient,Spring,Rock,Loch_Raven,Plectrocnemia,0
Recipient_Cage_12,Recipient_11,Recipient,Spring,Rock,Loch_Raven,Chimarra,0
Recipient_Cage_12,Recipient_11,Recipient,Spring,Rock,Loch_Raven,Nigronia,0
Recipient_Cage_12,Recipient_11,Recipient,Spring,Rock,Loch_Raven,Ameletus,0
Recipient_Cage_12,Recipient_11,Recipient,Spring,Rock,Loch_Raven,Diplectrona,0
Recipient_Cage_12,Recipient_11,Recipient,Spring,Rock,Loch_Raven,Eccoptura,0
Recipient_Cage_12,Recipient_11,Recipient,Spring,Rock,Loch_Raven,Hydropsyche,0
Recipient_Cage_12,Recipient_11,Recipient,Spring,Rock,Loch_Raven,Baetisca,0
Recipient_Cage_12,Recipient_11,Recipient,Spring,Rock,Loch_Raven,Simulium,0
Recipient_Cage_12,Recipient_11,Recipient,Spring,Rock,Loch_Raven,Isoperla,0
Recipient_Cage_12,Recipient_11,Recipient,Spring,Rock,Loch_Raven,Dixa,0
Recipient_Cage_12,Recipient_11,Recipient,Spring,Rock,Loch_Raven,Tropisternus,0
Recipient_Cage_12,Recipient_11,Recipient,Spring,Rock,Loch_Raven,Anchytarsus,0
Recipient_Cage_12,Recipient_11,Recipient,Spring,Rock,Loch_Raven,Psilotreta,0
Recipient_Cage_12,Recipient_11,Recipient,Spring,Rock,Loch_Raven,Dubiraphia,0
Recipient_Cage_12,Recipient_11,Recipient,Spring,Rock,Loch_Raven,Ptilostomis,0
Recipient_Cage_12,Recipient_11,Recipient,Spring,Rock,Loch_Raven,Calopteryx,0
Recipient_Cage_12,Recipient_11,Recipient,Spring,Rock,Loch_Raven,Molanna,0
Recipient_Cage_12,Recipient_11,Recipient,Spring,Rock,Loch_Raven,Boyeria,0
Recipient_Cage_12,Recipient_11,Recipient,Spring,Rock,Loch_Raven,Leptophlebia,0
Recipient_Cage_12,Recipient_11,Recipient,Spring,Rock,Loch_Raven,Nyctiophylax,0
Recipient_Cage_12,Recipient_11,Recipient,Spring,Rock,Loch_Raven,Argia,0
Recipient_Cage_12,Recipient_11,Recipient,Spring,Rock,Loch_Raven,Rhyacophila,0
Recipient_Cage_12,Recipient_11,Recipient,Spring,Rock,Loch_Raven,Probezzia,0
Recipient_Cage_12,Recipient_11,Recipient,Spring,Rock,Loch_Raven,Neureclipsis,0
Recipient_Cage_12,Recipient_11,Recipient,Spring,Rock,Loch_Raven,Eurylophella,0
Recipient_Cage_12,Recipient_11,Recipient,Spring,Rock,Loch_Raven,Glossosoma,0
Recipient_Cage_12,Recipient_11,Recipient,Spring,Rock,Loch_Raven,Rhagovelia,0
Recipient_Cage_12,Recipient_11,Recipient,Spring,Rock,Loch_Raven,Neophylax,0
Recipient_Cage_12,Recipient_11,Recipient,Spring,Rock,Loch_Raven,Microvelia,0
Recipient_Cage_12,Recipient_11,Recipient,Spring,Rock,Loch_Raven,Hydatophylax,0
Recipient_Cage_12,Recipient_11,Recipient,Spring,Rock,Loch_Raven,Antocha,0
Recipient_Cage_12,Recipient_11,Recipient,Spring,Rock,Loch_Raven,Lepidostoma,0
Recipient_Cage_12,Recipient_11,Recipient,Spring,Rock,Loch_Raven,Baetis,0
Recipient_Cage_12,Recipient_11,Recipient,Spring,Rock,Loch_Raven,Oecetis,0
Recipient_Cage_12,Recipient_11,Recipient,Spring,Rock,Loch_Raven,Ironoquia,0
Recipient_Cage_12,Recipient_11,Recipient,Spring,Rock,Loch_Raven,Timpanoga,6
Recipient_Cage_12,Recipient_11,Recipient,Spring,Rock,Loch_Raven,Polycentropus,0
Recipient_Cage_12,Recipient_11,Recipient,Spring,Rock,Loch_Raven,Amphinemura,0
Recipient_Cage_12,Recipient_11,Recipient,Spring,Rock,Loch_Raven,Penelomax,0
Recipient_Cage_12,Recipient_11,Recipient,Spring,Rock,Loch_Raven,Ephemerella,1
Recipient_Cage_12,Recipient_11,Recipient,Spring,Rock,Loch_Raven,Hemerodromia,0
Recipient_Cage_12,Recipient_11,Recipient,Spring,Rock,Loch_Raven,Shipsa,0
Recipient_Cage_12,Recipient_11,Recipient,Spring,Rock,Loch_Raven,Helichus,0
Recipient_Cage_12,Recipient_11,Recipient,Spring,Rock,Loch_Raven,Neoleptophlebia,0
Recipient_Cage_12,Recipient_11,Recipient,Spring,Rock,Loch_Raven,Attenella,0
Recipient_Cage_12,Recipient_11,Recipient,Spring,Rock,Loch_Raven,Entomobryidae,0
Recipient_Cage_12,Recipient_11,Recipient,Spring,Rock,Loch_Raven,Heptageniidae,0
Recipient_Cage_12,Recipient_11,Recipient,Spring,Rock,Loch_Raven,Aeshna,0
Recipient_Cage_12,Recipient_11,Recipient,Spring,Rock,Loch_Raven,Crambidae,0
Recipient_Cage_12,Recipient_11,Recipient,Spring,Rock,Loch_Raven,Teloganopsis,0
Recipient_Cage_12,Recipient_11,Recipient,Spring,Rock,Loch_Raven,Leptoceridae,0
Recipient_Cage_12,Recipient_11,Recipient,Spring,Rock,Loch_Raven,Pycnopsyche,0
Recipient_Cage_12,Recipient_11,Recipient,Spring,Rock,Loch_Raven,Triaenodes,0
Recipient_Cage_12,Recipient_11,Recipient,Spring,Rock,Loch_Raven,Serratella,0
Recipient_Cage_12,Recipient_11,Recipient,Spring,Rock,Loch_Raven,Optioservus,0
Recipient_Cage_12,Recipient_11,Recipient,Spring,Rock,Loch_Raven,Hydrachnidia,0
Recipient_Cage_12,Recipient_11,Recipient,Spring,Rock,Loch_Raven,Polymitarcyidae,0
Recipient_Cage_12,Recipient_11,Recipient,Spring,Rock,Loch_Raven,Cambarus,0
Recipient_Cage_12,Recipient_11,Recipient,Spring,Rock,Loch_Raven,Ancyronyx,0
Recipient_Cage_12,Recipient_11,Recipient,Spring,Rock,Loch_Raven,Gammarus,0
Recipient_Cage_12,Recipient_11,Recipient,Spring,Rock,Loch_Raven,Neoperla,0
Recipient_Cage_13,Recipient_11,Recipient,Spring,Rock,Loch_Raven,Allocapnia,0
Recipient_Cage_13,Recipient_11,Recipient,Spring,Rock,Loch_Raven,Maccaffertium,23
Recipient_Cage_13,Recipient_11,Recipient,Spring,Rock,Loch_Raven,Chironomidae,21
Recipient_Cage_13,Recipient_11,Recipient,Spring,Rock,Loch_Raven,Tipula,0
Recipient_Cage_13,Recipient_11,Recipient,Spring,Rock,Loch_Raven,Dolophilodes,0
Recipient_Cage_13,Recipient_11,Recipient,Spring,Rock,Loch_Raven,Cheumatopsyche,0
Recipient_Cage_13,Recipient_11,Recipient,Spring,Rock,Loch_Raven,Isonychia,1
Recipient_Cage_13,Recipient_11,Recipient,Spring,Rock,Loch_Raven,Plectrocnemia,0
Recipient_Cage_13,Recipient_11,Recipient,Spring,Rock,Loch_Raven,Chimarra,0
Recipient_Cage_13,Recipient_11,Recipient,Spring,Rock,Loch_Raven,Nigronia,0
Recipient_Cage_13,Recipient_11,Recipient,Spring,Rock,Loch_Raven,Ameletus,0
Recipient_Cage_13,Recipient_11,Recipient,Spring,Rock,Loch_Raven,Diplectrona,0
Recipient_Cage_13,Recipient_11,Recipient,Spring,Rock,Loch_Raven,Eccoptura,0
Recipient_Cage_13,Recipient_11,Recipient,Spring,Rock,Loch_Raven,Hydropsyche,0
Recipient_Cage_13,Recipient_11,Recipient,Spring,Rock,Loch_Raven,Baetisca,0
Recipient_Cage_13,Recipient_11,Recipient,Spring,Rock,Loch_Raven,Simulium,0
Recipient_Cage_13,Recipient_11,Recipient,Spring,Rock,Loch_Raven,Isoperla,0
Recipient_Cage_13,Recipient_11,Recipient,Spring,Rock,Loch_Raven,Dixa,0
Recipient_Cage_13,Recipient_11,Recipient,Spring,Rock,Loch_Raven,Tropisternus,0
Recipient_Cage_13,Recipient_11,Recipient,Spring,Rock,Loch_Raven,Anchytarsus,0
Recipient_Cage_13,Recipient_11,Recipient,Spring,Rock,Loch_Raven,Psilotreta,0
Recipient_Cage_13,Recipient_11,Recipient,Spring,Rock,Loch_Raven,Dubiraphia,0
Recipient_Cage_13,Recipient_11,Recipient,Spring,Rock,Loch_Raven,Ptilostomis,0
Recipient_Cage_13,Recipient_11,Recipient,Spring,Rock,Loch_Raven,Calopteryx,1
Recipient_Cage_13,Recipient_11,Recipient,Spring,Rock,Loch_Raven,Molanna,0
Recipient_Cage_13,Recipient_11,Recipient,Spring,Rock,Loch_Raven,Boyeria,0
Recipient_Cage_13,Recipient_11,Recipient,Spring,Rock,Loch_Raven,Leptophlebia,0
Recipient_Cage_13,Recipient_11,Recipient,Spring,Rock,Loch_Raven,Nyctiophylax,0
Recipient_Cage_13,Recipient_11,Recipient,Spring,Rock,Loch_Raven,Argia,0
Recipient_Cage_13,Recipient_11,Recipient,Spring,Rock,Loch_Raven,Rhyacophila,0
Recipient_Cage_13,Recipient_11,Recipient,Spring,Rock,Loch_Raven,Probezzia,0
Recipient_Cage_13,Recipient_11,Recipient,Spring,Rock,Loch_Raven,Neureclipsis,0
Recipient_Cage_13,Recipient_11,Recipient,Spring,Rock,Loch_Raven,Eurylophella,0
Recipient_Cage_13,Recipient_11,Recipient,Spring,Rock,Loch_Raven,Glossosoma,0
Recipient_Cage_13,Recipient_11,Recipient,Spring,Rock,Loch_Raven,Rhagovelia,0
Recipient_Cage_13,Recipient_11,Recipient,Spring,Rock,Loch_Raven,Neophylax,0
Recipient_Cage_13,Recipient_11,Recipient,Spring,Rock,Loch_Raven,Microvelia,0
Recipient_Cage_13,Recipient_11,Recipient,Spring,Rock,Loch_Raven,Hydatophylax,0
Recipient_Cage_13,Recipient_11,Recipient,Spring,Rock,Loch_Raven,Antocha,0
Recipient_Cage_13,Recipient_11,Recipient,Spring,Rock,Loch_Raven,Lepidostoma,0
Recipient_Cage_13,Recipient_11,Recipient,Spring,Rock,Loch_Raven,Baetis,0
Recipient_Cage_13,Recipient_11,Recipient,Spring,Rock,Loch_Raven,Oecetis,0
Recipient_Cage_13,Recipient_11,Recipient,Spring,Rock,Loch_Raven,Ironoquia,0
Recipient_Cage_13,Recipient_11,Recipient,Spring,Rock,Loch_Raven,Timpanoga,4
Recipient_Cage_13,Recipient_11,Recipient,Spring,Rock,Loch_Raven,Polycentropus,0
Recipient_Cage_13,Recipient_11,Recipient,Spring,Rock,Loch_Raven,Amphinemura,0
Recipient_Cage_13,Recipient_11,Recipient,Spring,Rock,Loch_Raven,Penelomax,0
Recipient_Cage_13,Recipient_11,Recipient,Spring,Rock,Loch_Raven,Ephemerella,0
Recipient_Cage_13,Recipient_11,Recipient,Spring,Rock,Loch_Raven,Hemerodromia,0
Recipient_Cage_13,Recipient_11,Recipient,Spring,Rock,Loch_Raven,Shipsa,0
Recipient_Cage_13,Recipient_11,Recipient,Spring,Rock,Loch_Raven,Helichus,0
Recipient_Cage_13,Recipient_11,Recipient,Spring,Rock,Loch_Raven,Neoleptophlebia,0
Recipient_Cage_13,Recipient_11,Recipient,Spring,Rock,Loch_Raven,Attenella,0
Recipient_Cage_13,Recipient_11,Recipient,Spring,Rock,Loch_Raven,Entomobryidae,0
Recipient_Cage_13,Recipient_11,Recipient,Spring,Rock,Loch_Raven,Heptageniidae,0
Recipient_Cage_13,Recipient_11,Recipient,Spring,Rock,Loch_Raven,Aeshna,0
Recipient_Cage_13,Recipient_11,Recipient,Spring,Rock,Loch_Raven,Crambidae,0
Recipient_Cage_13,Recipient_11,Recipient,Spring,Rock,Loch_Raven,Teloganopsis,0
Recipient_Cage_13,Recipient_11,Recipient,Spring,Rock,Loch_Raven,Leptoceridae,0
Recipient_Cage_13,Recipient_11,Recipient,Spring,Rock,Loch_Raven,Pycnopsyche,0
Recipient_Cage_13,Recipient_11,Recipient,Spring,Rock,Loch_Raven,Triaenodes,0
Recipient_Cage_13,Recipient_11,Recipient,Spring,Rock,Loch_Raven,Serratella,0
Recipient_Cage_13,Recipient_11,Recipient,Spring,Rock,Loch_Raven,Optioservus,0
Recipient_Cage_13,Recipient_11,Recipient,Spring,Rock,Loch_Raven,Hydrachnidia,0
Recipient_Cage_13,Recipient_11,Recipient,Spring,Rock,Loch_Raven,Polymitarcyidae,0
Recipient_Cage_13,Recipient_11,Recipient,Spring,Rock,Loch_Raven,Cambarus,0
Recipient_Cage_13,Recipient_11,Recipient,Spring,Rock,Loch_Raven,Ancyronyx,0
Recipient_Cage_13,Recipient_11,Recipient,Spring,Rock,Loch_Raven,Gammarus,0
Recipient_Cage_13,Recipient_11,Recipient,Spring,Rock,Loch_Raven,Neoperla,0
Recipient_Cage_14,Recipient_11,Recipient,Spring,Rock,Loch_Raven,Allocapnia,0
Recipient_Cage_14,Recipient_11,Recipient,Spring,Rock,Loch_Raven,Maccaffertium,42
Recipient_Cage_14,Recipient_11,Recipient,Spring,Rock,Loch_Raven,Chironomidae,51
Recipient_Cage_14,Recipient_11,Recipient,Spring,Rock,Loch_Raven,Tipula,0
Recipient_Cage_14,Recipient_11,Recipient,Spring,Rock,Loch_Raven,Dolophilodes,0
Recipient_Cage_14,Recipient_11,Recipient,Spring,Rock,Loch_Raven,Cheumatopsyche,6
Recipient_Cage_14,Recipient_11,Recipient,Spring,Rock,Loch_Raven,Isonychia,1
Recipient_Cage_14,Recipient_11,Recipient,Spring,Rock,Loch_Raven,Plectrocnemia,0
Recipient_Cage_14,Recipient_11,Recipient,Spring,Rock,Loch_Raven,Chimarra,0
Recipient_Cage_14,Recipient_11,Recipient,Spring,Rock,Loch_Raven,Nigronia,0
Recipient_Cage_14,Recipient_11,Recipient,Spring,Rock,Loch_Raven,Ameletus,0
Recipient_Cage_14,Recipient_11,Recipient,Spring,Rock,Loch_Raven,Diplectrona,0
Recipient_Cage_14,Recipient_11,Recipient,Spring,Rock,Loch_Raven,Eccoptura,0
Recipient_Cage_14,Recipient_11,Recipient,Spring,Rock,Loch_Raven,Hydropsyche,1
Recipient_Cage_14,Recipient_11,Recipient,Spring,Rock,Loch_Raven,Baetisca,0
Recipient_Cage_14,Recipient_11,Recipient,Spring,Rock,Loch_Raven,Simulium,0
Recipient_Cage_14,Recipient_11,Recipient,Spring,Rock,Loch_Raven,Isoperla,0
Recipient_Cage_14,Recipient_11,Recipient,Spring,Rock,Loch_Raven,Dixa,0
Recipient_Cage_14,Recipient_11,Recipient,Spring,Rock,Loch_Raven,Tropisternus,0
Recipient_Cage_14,Recipient_11,Recipient,Spring,Rock,Loch_Raven,Anchytarsus,0
Recipient_Cage_14,Recipient_11,Recipient,Spring,Rock,Loch_Raven,Psilotreta,0
Recipient_Cage_14,Recipient_11,Recipient,Spring,Rock,Loch_Raven,Dubiraphia,0
Recipient_Cage_14,Recipient_11,Recipient,Spring,Rock,Loch_Raven,Ptilostomis,0
Recipient_Cage_14,Recipient_11,Recipient,Spring,Rock,Loch_Raven,Calopteryx,0
Recipient_Cage_14,Recipient_11,Recipient,Spring,Rock,Loch_Raven,Molanna,0
Recipient_Cage_14,Recipient_11,Recipient,Spring,Rock,Loch_Raven,Boyeria,0
Recipient_Cage_14,Recipient_11,Recipient,Spring,Rock,Loch_Raven,Leptophlebia,0
Recipient_Cage_14,Recipient_11,Recipient,Spring,Rock,Loch_Raven,Nyctiophylax,0
Recipient_Cage_14,Recipient_11,Recipient,Spring,Rock,Loch_Raven,Argia,0
Recipient_Cage_14,Recipient_11,Recipient,Spring,Rock,Loch_Raven,Rhyacophila,0
Recipient_Cage_14,Recipient_11,Recipient,Spring,Rock,Loch_Raven,Probezzia,0
Recipient_Cage_14,Recipient_11,Recipient,Spring,Rock,Loch_Raven,Neureclipsis,0
Recipient_Cage_14,Recipient_11,Recipient,Spring,Rock,Loch_Raven,Eurylophella,0
Recipient_Cage_14,Recipient_11,Recipient,Spring,Rock,Loch_Raven,Glossosoma,0
Recipient_Cage_14,Recipient_11,Recipient,Spring,Rock,Loch_Raven,Rhagovelia,0
Recipient_Cage_14,Recipient_11,Recipient,Spring,Rock,Loch_Raven,Neophylax,0
Recipient_Cage_14,Recipient_11,Recipient,Spring,Rock,Loch_Raven,Microvelia,0
Recipient_Cage_14,Recipient_11,Recipient,Spring,Rock,Loch_Raven,Hydatophylax,0
Recipient_Cage_14,Recipient_11,Recipient,Spring,Rock,Loch_Raven,Antocha,0
Recipient_Cage_14,Recipient_11,Recipient,Spring,Rock,Loch_Raven,Lepidostoma,0
Recipient_Cage_14,Recipient_11,Recipient,Spring,Rock,Loch_Raven,Baetis,0
Recipient_Cage_14,Recipient_11,Recipient,Spring,Rock,Loch_Raven,Oecetis,0
Recipient_Cage_14,Recipient_11,Recipient,Spring,Rock,Loch_Raven,Ironoquia,0
Recipient_Cage_14,Recipient_11,Recipient,Spring,Rock,Loch_Raven,Timpanoga,5
Recipient_Cage_14,Recipient_11,Recipient,Spring,Rock,Loch_Raven,Polycentropus,0
Recipient_Cage_14,Recipient_11,Recipient,Spring,Rock,Loch_Raven,Amphinemura,0
Recipient_Cage_14,Recipient_11,Recipient,Spring,Rock,Loch_Raven,Penelomax,2
Recipient_Cage_14,Recipient_11,Recipient,Spring,Rock,Loch_Raven,Ephemerella,0
Recipient_Cage_14,Recipient_11,Recipient,Spring,Rock,Loch_Raven,Hemerodromia,0
Recipient_Cage_14,Recipient_11,Recipient,Spring,Rock,Loch_Raven,Shipsa,0
Recipient_Cage_14,Recipient_11,Recipient,Spring,Rock,Loch_Raven,Helichus,0
Recipient_Cage_14,Recipient_11,Recipient,Spring,Rock,Loch_Raven,Neoleptophlebia,0
Recipient_Cage_14,Recipient_11,Recipient,Spring,Rock,Loch_Raven,Attenella,0
Recipient_Cage_14,Recipient_11,Recipient,Spring,Rock,Loch_Raven,Entomobryidae,0
Recipient_Cage_14,Recipient_11,Recipient,Spring,Rock,Loch_Raven,Heptageniidae,0
Recipient_Cage_14,Recipient_11,Recipient,Spring,Rock,Loch_Raven,Aeshna,0
Recipient_Cage_14,Recipient_11,Recipient,Spring,Rock,Loch_Raven,Crambidae,0
Recipient_Cage_14,Recipient_11,Recipient,Spring,Rock,Loch_Raven,Teloganopsis,0
Recipient_Cage_14,Recipient_11,Recipient,Spring,Rock,Loch_Raven,Leptoceridae,0
Recipient_Cage_14,Recipient_11,Recipient,Spring,Rock,Loch_Raven,Pycnopsyche,0
Recipient_Cage_14,Recipient_11,Recipient,Spring,Rock,Loch_Raven,Triaenodes,0
Recipient_Cage_14,Recipient_11,Recipient,Spring,Rock,Loch_Raven,Serratella,0
Recipient_Cage_14,Recipient_11,Recipient,Spring,Rock,Loch_Raven,Optioservus,0
Recipient_Cage_14,Recipient_11,Recipient,Spring,Rock,Loch_Raven,Hydrachnidia,0
Recipient_Cage_14,Recipient_11,Recipient,Spring,Rock,Loch_Raven,Polymitarcyidae,0
Recipient_Cage_14,Recipient_11,Recipient,Spring,Rock,Loch_Raven,Cambarus,0
Recipient_Cage_14,Recipient_11,Recipient,Spring,Rock,Loch_Raven,Ancyronyx,0
Recipient_Cage_14,Recipient_11,Recipient,Spring,Rock,Loch_Raven,Gammarus,0
Recipient_Cage_14,Recipient_11,Recipient,Spring,Rock,Loch_Raven,Neoperla,1
Recipient_Cage_15,Recipient_11,Recipient,Spring,Rock,Loch_Raven,Allocapnia,0
Recipient_Cage_15,Recipient_11,Recipient,Spring,Rock,Loch_Raven,Maccaffertium,35
Recipient_Cage_15,Recipient_11,Recipient,Spring,Rock,Loch_Raven,Chironomidae,55
Recipient_Cage_15,Recipient_11,Recipient,Spring,Rock,Loch_Raven,Tipula,1
Recipient_Cage_15,Recipient_11,Recipient,Spring,Rock,Loch_Raven,Dolophilodes,0
Recipient_Cage_15,Recipient_11,Recipient,Spring,Rock,Loch_Raven,Cheumatopsyche,0
Recipient_Cage_15,Recipient_11,Recipient,Spring,Rock,Loch_Raven,Isonychia,0
Recipient_Cage_15,Recipient_11,Recipient,Spring,Rock,Loch_Raven,Plectrocnemia,1
Recipient_Cage_15,Recipient_11,Recipient,Spring,Rock,Loch_Raven,Chimarra,1
Recipient_Cage_15,Recipient_11,Recipient,Spring,Rock,Loch_Raven,Nigronia,0
Recipient_Cage_15,Recipient_11,Recipient,Spring,Rock,Loch_Raven,Ameletus,0
Recipient_Cage_15,Recipient_11,Recipient,Spring,Rock,Loch_Raven,Diplectrona,0
Recipient_Cage_15,Recipient_11,Recipient,Spring,Rock,Loch_Raven,Eccoptura,0
Recipient_Cage_15,Recipient_11,Recipient,Spring,Rock,Loch_Raven,Hydropsyche,0
Recipient_Cage_15,Recipient_11,Recipient,Spring,Rock,Loch_Raven,Baetisca,0
Recipient_Cage_15,Recipient_11,Recipient,Spring,Rock,Loch_Raven,Simulium,0
Recipient_Cage_15,Recipient_11,Recipient,Spring,Rock,Loch_Raven,Isoperla,0
Recipient_Cage_15,Recipient_11,Recipient,Spring,Rock,Loch_Raven,Dixa,0
Recipient_Cage_15,Recipient_11,Recipient,Spring,Rock,Loch_Raven,Tropisternus,0
Recipient_Cage_15,Recipient_11,Recipient,Spring,Rock,Loch_Raven,Anchytarsus,0
Recipient_Cage_15,Recipient_11,Recipient,Spring,Rock,Loch_Raven,Psilotreta,0
Recipient_Cage_15,Recipient_11,Recipient,Spring,Rock,Loch_Raven,Dubiraphia,0
Recipient_Cage_15,Recipient_11,Recipient,Spring,Rock,Loch_Raven,Ptilostomis,0
Recipient_Cage_15,Recipient_11,Recipient,Spring,Rock,Loch_Raven,Calopteryx,1
Recipient_Cage_15,Recipient_11,Recipient,Spring,Rock,Loch_Raven,Molanna,0
Recipient_Cage_15,Recipient_11,Recipient,Spring,Rock,Loch_Raven,Boyeria,0
Recipient_Cage_15,Recipient_11,Recipient,Spring,Rock,Loch_Raven,Leptophlebia,0
Recipient_Cage_15,Recipient_11,Recipient,Spring,Rock,Loch_Raven,Nyctiophylax,0
Recipient_Cage_15,Recipient_11,Recipient,Spring,Rock,Loch_Raven,Argia,0
Recipient_Cage_15,Recipient_11,Recipient,Spring,Rock,Loch_Raven,Rhyacophila,0
Recipient_Cage_15,Recipient_11,Recipient,Spring,Rock,Loch_Raven,Probezzia,0
Recipient_Cage_15,Recipient_11,Recipient,Spring,Rock,Loch_Raven,Neureclipsis,0
Recipient_Cage_15,Recipient_11,Recipient,Spring,Rock,Loch_Raven,Eurylophella,0
Recipient_Cage_15,Recipient_11,Recipient,Spring,Rock,Loch_Raven,Glossosoma,0
Recipient_Cage_15,Recipient_11,Recipient,Spring,Rock,Loch_Raven,Rhagovelia,0
Recipient_Cage_15,Recipient_11,Recipient,Spring,Rock,Loch_Raven,Neophylax,0
Recipient_Cage_15,Recipient_11,Recipient,Spring,Rock,Loch_Raven,Microvelia,0
Recipient_Cage_15,Recipient_11,Recipient,Spring,Rock,Loch_Raven,Hydatophylax,0
Recipient_Cage_15,Recipient_11,Recipient,Spring,Rock,Loch_Raven,Antocha,0
Recipient_Cage_15,Recipient_11,Recipient,Spring,Rock,Loch_Raven,Lepidostoma,0
Recipient_Cage_15,Recipient_11,Recipient,Spring,Rock,Loch_Raven,Baetis,0
Recipient_Cage_15,Recipient_11,Recipient,Spring,Rock,Loch_Raven,Oecetis,0
Recipient_Cage_15,Recipient_11,Recipient,Spring,Rock,Loch_Raven,Ironoquia,0
Recipient_Cage_15,Recipient_11,Recipient,Spring,Rock,Loch_Raven,Timpanoga,5
Recipient_Cage_15,Recipient_11,Recipient,Spring,Rock,Loch_Raven,Polycentropus,0
Recipient_Cage_15,Recipient_11,Recipient,Spring,Rock,Loch_Raven,Amphinemura,1
Recipient_Cage_15,Recipient_11,Recipient,Spring,Rock,Loch_Raven,Penelomax,0
Recipient_Cage_15,Recipient_11,Recipient,Spring,Rock,Loch_Raven,Ephemerella,1
Recipient_Cage_15,Recipient_11,Recipient,Spring,Rock,Loch_Raven,Hemerodromia,0
Recipient_Cage_15,Recipient_11,Recipient,Spring,Rock,Loch_Raven,Shipsa,0
Recipient_Cage_15,Recipient_11,Recipient,Spring,Rock,Loch_Raven,Helichus,0
Recipient_Cage_15,Recipient_11,Recipient,Spring,Rock,Loch_Raven,Neoleptophlebia,0
Recipient_Cage_15,Recipient_11,Recipient,Spring,Rock,Loch_Raven,Attenella,0
Recipient_Cage_15,Recipient_11,Recipient,Spring,Rock,Loch_Raven,Entomobryidae,0
Recipient_Cage_15,Recipient_11,Recipient,Spring,Rock,Loch_Raven,Heptageniidae,0
Recipient_Cage_15,Recipient_11,Recipient,Spring,Rock,Loch_Raven,Aeshna,0
Recipient_Cage_15,Recipient_11,Recipient,Spring,Rock,Loch_Raven,Crambidae,0
Recipient_Cage_15,Recipient_11,Recipient,Spring,Rock,Loch_Raven,Teloganopsis,0
Recipient_Cage_15,Recipient_11,Recipient,Spring,Rock,Loch_Raven,Leptoceridae,0
Recipient_Cage_15,Recipient_11,Recipient,Spring,Rock,Loch_Raven,Pycnopsyche,0
Recipient_Cage_15,Recipient_11,Recipient,Spring,Rock,Loch_Raven,Triaenodes,0
Recipient_Cage_15,Recipient_11,Recipient,Spring,Rock,Loch_Raven,Serratella,0
Recipient_Cage_15,Recipient_11,Recipient,Spring,Rock,Loch_Raven,Optioservus,0
Recipient_Cage_15,Recipient_11,Recipient,Spring,Rock,Loch_Raven,Hydrachnidia,0
Recipient_Cage_15,Recipient_11,Recipient,Spring,Rock,Loch_Raven,Polymitarcyidae,0
Recipient_Cage_15,Recipient_11,Recipient,Spring,Rock,Loch_Raven,Cambarus,0
Recipient_Cage_15,Recipient_11,Recipient,Spring,Rock,Loch_Raven,Ancyronyx,0
Recipient_Cage_15,Recipient_11,Recipient,Spring,Rock,Loch_Raven,Gammarus,0
Recipient_Cage_15,Recipient_11,Recipient,Spring,Rock,Loch_Raven,Neoperla,0